kategori,nama_wisata,latitude,longitude,alamat,provinsi,kota_kabupaten,nama_lengkap,path_gambar,deskripsi_bersih
air terjun,Air Terjun Bantimurung,-5.0165199,119.6855203,"Air Terjun Bantimurung, Jalan Poros Bantimurung, Maros, Jenetaesa, Sulawesi Selatan, Sulawesi, Indonesia",Sulawesi Selatan,Sulawesi,"Air Terjun Bantimurung, Sulawesi, Sulawesi Selatan",gambar_wisata/Air_Terjun_Bantimurung,air terjun bantimurung salah air terjun eksotisme objek wisata permandian air terjun andalan sulawesi selatan lokasi air terjun dusun bantimurung desa jenetaesa kecamatan simbang kabupaten maros provinsi sulawesi selatan indonesia
air terjun,Air Terjun Bidadari,-2.9283607,107.8390425,"Air Terjun Bidadari, Nyuruk, Belitung Timur, Kepulauan Bangka Belitung, Sumatera, Indonesia",Kepulauan Bangka Belitung,Belitung Timur,"Air Terjun Bidadari, Belitung Timur, Kepulauan Bangka Belitung",gambar_wisata/Air_Terjun_Bidadari,daftar lengkap dijadikan acuan
air terjun,Air Terjun Coban Rondo,-7.8847333,112.4769702,"Coban Rondo, Kabupaten Malang, Jawa Timur, Jawa, 65912, Indonesia",Jawa Timur,Kabupaten Malang,"Air Terjun Coban Rondo, Kabupaten Malang, Jawa Timur",gambar_wisata/Air_Terjun_Coban_Rondo,air terjun coban rondo air terjun terletak kecamatan pujon kabupaten malang jawa timur air terjun mudah dijangkau kendaraan
air terjun,Air Terjun Dolo,-7.8706373,111.8354398,"Air Terjun Dolo, Mojo, Kabupaten Kediri, Jawa Timur, Jawa, Indonesia",Jawa Timur,Kabupaten Kediri,"Air Terjun Dolo, Kabupaten Kediri, Jawa Timur",gambar_wisata/Air_Terjun_Dolo,air terjun dolo salah wisata air terjun terletak dusun besuki desa jugo kecamatan mojo kabupaten kediri jawa timur air terjun timur lereng gunung wilis meter memiliki ketinggian meter meter permukaan laut dpl
air terjun,Air Terjun Kedung Kayang,-7.5003922,110.3933888,"Air terjun kedung kayang, Jalan Raya Boyolali-Magelang, Wonodadi, Wonolelo, Sawangan, Magelang, Jawa Tengah, Jawa, 56481, Indonesia",Jawa Tengah,Magelang,"Air Terjun Kedung Kayang, Magelang, Jawa Tengah",gambar_wisata/Air_Terjun_Kedung_Kayang,kabupaten magelang bahasa jawa hanacaraka pegon translit mag lang wilayah kabupaten terletak provinsi jawa indonesia
air terjun,Air Terjun Matayangu,-9.6732857,119.5046953,"Air Terjun Matayangu, Sumba Tengah, Nusa Tenggara Timur, Nusa Tenggara, Indonesia",Nusa Tenggara Timur,Sumba Tengah,"Air Terjun Matayangu, Sumba Tengah, Nusa Tenggara Timur",gambar_wisata/Air_Terjun_Matayangu,daftar lengkap dijadikan acuan
air terjun,Air Terjun Moramo,-4.221149,122.7452422,"Moramo - air terjun, Konawe Selatan, Sulawesi Tenggara, Sulawesi, Indonesia",Sulawesi Tenggara,Konawe Selatan,"Air Terjun Moramo, Konawe Selatan, Sulawesi Tenggara",gambar_wisata/Air_Terjun_Moramo,air terjun moramo terletak kawasan hutan suaka alam tanjung peropa sulawesi tenggara air terjun bertingkat cascade indah ketinggian meter ketinggian air mengalir melewati tujuh tingkatan utama
air terjun,Air Terjun Sambangan,-8.1443829,115.100412,"Air Terjun Tembok Barak, Sambangan, Buleleng, Bali, Nusa Tenggara, 81118, Indonesia",Bali,Buleleng,"Air Terjun Sambangan, Buleleng, Bali",gambar_wisata/Air_Terjun_Sambangan,kabupaten buleleng bahasa bali kabupat bul salah kabupaten provinsi bali terletak utara barat timur pulau bali kotanya kota singaraja
air terjun,Air Terjun Sendang Gile,-8.3055561,116.4082776,"Air terjun Sendang Gile, Dusun Pawang Karya, Senaru, Lombok Utara, Nusa Tenggara Barat, Nusa Tenggara, Indonesia",Nusa Tenggara Barat,Lombok Utara,"Air Terjun Sendang Gile, Lombok Utara, Nusa Tenggara Barat",gambar_wisata/Air_Terjun_Sendang_Gile,air terjun sendang gile air terjun terletak desa senaru kecamatan bayan kabupaten lombok utara propinsi nusa tenggara barat tepatnya kawasan desa senaru kilometer desa bayan
air terjun,Air Terjun Sri Gethuk,-7.9432134,110.4895782,"Air Terjun Sri Gethuk, 052, Jatimulyo, Dlingo, Bantul, Daerah Istimewa Yogyakarta, Jawa, 55783, Indonesia",Daerah Istimewa Yogyakarta,Bantul,"Air Terjun Sri Gethuk, Bantul, Daerah Istimewa Yogyakarta",gambar_wisata/Air_Terjun_Sri_Gethuk,daerah istimewa yogyakarta disingkat yogyakarta diy daerah istimewa setingkat provinsi indonesia peleburan negara kesultanan yogyakarta negara kadipaten paku alaman kota kota yogyakarta daerah istimewa yogyakarta terletak selatan pulau jawa berbatasan provinsi jawa samudra hindia
air terjun,Air Terjun Tegenungan,-8.5752294,115.2907014,"Tegenungan Blangsinga, Sukawati, Gianyar, Bali, Nusa Tenggara, 80582, Indonesia",Bali,Gianyar,"Air Terjun Tegenungan, Gianyar, Bali",gambar_wisata/Air_Terjun_Tegenungan,air terjun tegenungan air terjun terletak desa kemenuh kecamatan sukawati kabupaten gianyar berjarak kota denpasar air terjun memiliki ketinggian meter
air terjun,Air Terjun Tukad Cepung,-8.4423213,115.3879035,"Air Terjun Tukad Cepung, Undisan, Bangli, Bali, Nusa Tenggara, 80613, Indonesia",Bali,Bangli,"Air Terjun Tukad Cepung, Bangli, Bali",gambar_wisata/Air_Terjun_Tukad_Cepung,kabupaten bangli aksara bali kabupat kabupaten terletak timur utara pulau bali ibukotanya kecamatan bangli
air terjun,Air Terjun Tumpak Sewu,-8.2389311,112.9214262,"Kawasan Air Terjun Tumpak Sewu, Jagalan, Sidorenggo, Kabupaten Malang, Jawa Timur, Jawa, 67374, Indonesia",Jawa Timur,Kabupaten Malang,"Air Terjun Tumpak Sewu, Kabupaten Malang, Jawa Timur",gambar_wisata/Air_Terjun_Tumpak_Sewu,air terjun tumpak sewu coban sewu air terjun berketinggian meter air terjun berbatasan kabupaten lumajang kabupaten malang provinsi jawa timur
air terjun,Air Terjun Waimarang,-9.9687141,120.6028048,"Air Terjun Waimarang, Desa Tamburi, Kecamatan Rindi, Sumba Timur, Nusa Tenggara Timur, Nusa Tenggara, Indonesia",Nusa Tenggara Timur,Sumba Timur,"Air Terjun Waimarang, Sumba Timur, Nusa Tenggara Timur",gambar_wisata/Air_Terjun_Waimarang,nusa tenggara timur disingkat ntt provinsi indonesia meliputi timur kepulauan nusa tenggara kota nusa tenggara timur kota kupang
alun-alun,Alun-Alun Bandung,-6.9216776,107.607151,"Alun-Alun Bandung, Balonggede, Regol, Kota Bandung, Jawa Barat, Jawa, Indonesia",Jawa Barat,Kota Bandung,"Alun-Alun Bandung, Kota Bandung, Jawa Barat",gambar_wisata/Alun-Alun_Bandung,kota bandung bahasa sunda pegon hanzi translit bandung pelafalan bahasa indonesia ban kota kota provinsi provinsi jawa barat indonesia
alun-alun,Alun-Alun Banyuwangi,-8.2073769,114.3759291,"Jalan Tawang Alun, Biskalan, Patemon Wetan, Banyuwangi, Temenggungan, Banyuwangi, Jawa Timur, Jawa, 68419, Indonesia",Jawa Timur,Banyuwangi,"Alun-Alun Banyuwangi, Banyuwangi, Jawa Timur",gambar_wisata/Alun-Alun_Banyuwangi,banyuwangi dikenal banyuwangi kota kecamatan kota kabupaten kabupaten banyuwangi provinsi jawa timur indonesia posisinya kota kabupaten menjadikan banyaknya gedung gedung pemerintahan kabupaten cabang cabang perusahaan pusat keramaian berdiri wilayah kecamatan
alun-alun,Alun-Alun Blitar,-8.0981708,112.1651758,"Alun-Alun Blitar, Kepanjenkidul, Blitar, Jawa Timur, Jawa, Indonesia",Jawa Timur,Blitar,"Alun-Alun Blitar, Blitar, Jawa Timur",gambar_wisata/Alun-Alun_Blitar,kota blitar bahasa jawa hanacaraka pegon pengucapan bahasa jawa kota terletak selatan provinsi jawa timur indonesia kota terletak sebelah barat daya surabaya sebelah barat malang
alun-alun,Alun-Alun Bojonegoro,-7.1490935,111.8802509,"Alun-Alun Bojonegoro, Pakuwon, Bojonegoro, Jawa Timur, Jawa, Indonesia",Jawa Timur,Bojonegoro,"Alun-Alun Bojonegoro, Bojonegoro, Jawa Timur",gambar_wisata/Alun-Alun_Bojonegoro,kabupaten bojonegoro bahasa jawa hanacaraka pegon translit boj nag pengucapan bahasa jawa bod wilayah kabupaten provinsi jawa timur indonesia
alun-alun,Alun-Alun Bondowoso,-7.9131978,113.8224604,"Alun-alun Bondowoso, Pegadaian, Bondowoso, Jawa Timur, Jawa, Indonesia",Jawa Timur,Bondowoso,"Alun-Alun Bondowoso, Bondowoso, Jawa Timur",gambar_wisata/Alun-Alun_Bondowoso,kabupaten bondowoso hanacaraka pegon pelafalan bahasa indonesia wilayah kabupaten provinsi jawa timur indonesia kotanya kecamatan bondowoso
alun-alun,Alun-Alun Brebes,-6.8706354,109.0368815,"Alun-Alun Brebes, Pesanggrahan, Brebes, Jawa Tengah, Jawa, Indonesia",Jawa Tengah,Brebes,"Alun-Alun Brebes, Brebes, Jawa Tengah",gambar_wisata/Alun-Alun_Brebes,kabupaten brebes bahasa jawa hanacaraka bahasa sunda pegon wilayah kabupaten provinsi jawa indonesia kotanya kecamatan brebes
alun-alun,Alun-Alun Cilacap,-7.7273698,109.0095032,"Alun-Alun Cilacap, RW 01 Kelurahan Sidanegara, Cilacap, Kelurahan Sidanegara Kecamatan Cilacap, Cilacap, Jawa Tengah, Jawa, Indonesia",Jawa Tengah,Cilacap,"Alun-Alun Cilacap, Cilacap, Jawa Tengah",gambar_wisata/Alun-Alun_Cilacap,kota cilacap kota kabupaten cilacap pusat pemerintahan perekonomian kabupaten cilacap provinsi jawa indonesia penduduknya jiwa luas kecamatan
alun-alun,Alun-Alun Cirebon,-6.7219026,108.567909,"Alun Alun Keraton Kanoman, Lemahwungkuk, Kota Cirebon, Jawa Barat, Jawa, Indonesia",Jawa Barat,Kota Cirebon,"Alun-Alun Cirebon, Kota Cirebon, Jawa Barat",gambar_wisata/Alun-Alun_Cirebon,kota cirebon salah kota provinsi jawa barat indonesia kota pesisir utara pulau jawa menghubungkan jakarta surabaya lintas utara jawa
alun-alun,Alun-Alun Demak,-6.894814,110.638526,"Alun - Alun Demak, Kauman, Demak, Jawa Tengah, Jawa, Indonesia",Jawa Tengah,Demak,"Alun-Alun Demak, Demak, Jawa Tengah",gambar_wisata/Alun-Alun_Demak,keraton ngayogyakarta hadiningrat keraton yogyakarta istana resmi kesultanan ngayogyakarta hadiningrat berlokasi kota yogyakarta keraton didirikan sri sultan hamengkubuwana istana keraton yogyakarta berdiri akibat perpecahan mataram islam perjanjian giyanti
alun-alun,Alun-Alun Gresik,-7.1571326,112.6560463,"alun-alun Gresik, Gresik, Jawa Timur, Jawa, Indonesia",Jawa Timur,Gresik,"Alun-Alun Gresik, Gresik, Jawa Timur",gambar_wisata/Alun-Alun_Gresik,sidayu kecamatan kabupaten gresik provinsi jawa timur indonesia era majapahit daerah ujung galuh
alun-alun,Alun-Alun Jember,-8.1689005,113.7021649,"Alun alun Jember, Sumber Lor, Jember, Jawa Timur, Jawa, Indonesia",Jawa Timur,Jember,"Alun-Alun Jember, Jember, Jawa Timur",gambar_wisata/Alun-Alun_Jember,kabupaten jember bahasa jawa hanacaraka pegon translit pengucapan bahasa jawa kabupaten provinsi jawa timur indonesia
alun-alun,Alun-Alun Jepara,-6.5897781,110.6673616,"Alun-alun Jepara, Jalan Diponegoro, Kauman, Jepara, Jawa Tengah, Jawa, 59417, Indonesia",Jawa Tengah,Jepara,"Alun-Alun Jepara, Jepara, Jawa Tengah",gambar_wisata/Alun-Alun_Jepara,jepara bahasa jawa pegon hanzi jepara kota kota kabupaten jepara pusat pemerintahan perekonomian kabupaten jepara jepara wilayah kecamatan terletak kabupaten jepara provinsi jawa indonesia
alun-alun,Alun-Alun Karanganyar,-7.6306506,109.5736782,"Alun-alun Karanganyar, Karanganyar, Kebumen, Jawa Tengah, Jawa, Indonesia",Jawa Tengah,Kebumen,"Alun-Alun Karanganyar, Kebumen, Jawa Tengah",gambar_wisata/Alun-Alun_Karanganyar,kabupaten kebumen bahasa jawa hanacaraka pegon translit kebumen wilayah kabupaten terletak provinsi jawa indonesia
alun-alun,Alun-Alun Kediri,-7.8265629,112.0110595,"Alun-Alun Kediri, Kampung Dalem, Kota, Kota Kediri, Jawa Timur, Jawa, Indonesia",Jawa Timur,Kota Kediri,"Alun-Alun Kediri, Kota Kediri, Jawa Timur",gambar_wisata/Alun-Alun_Kediri,kota kediri bahasa jawa hanacaraka pegon translit kadhiri pengucapan bahasa jawa iri kota provinsi jawa timur indonesia
alun-alun,Alun-Alun Kendal,-6.9213273,110.2040396,"Alun-Alun Kendal, Kendal, Jawa Tengah, Jawa, Indonesia",Jawa Tengah,Kendal,"Alun-Alun Kendal, Kendal, Jawa Tengah",gambar_wisata/Alun-Alun_Kendal,kabupaten kendal bahasa jawa hanacaraka pegon translit kendhal wilayah kabupaten terletak provinsi jawa indonesia
alun-alun,Alun-Alun Kendari,-4.0286681,122.5205774,"Tawang Alun Futsal Arena, Jalan Terong, Bonggoeya, Kendari, Sulawesi Tenggara, Sulawesi, 93112, Indonesia",Sulawesi Tenggara,Kendari,"Alun-Alun Kendari, Kendari, Sulawesi Tenggara",gambar_wisata/Alun-Alun_Kendari,mall olympic garden disingkat mog salah mal kota malangyang dibuka mal terletak stadion gajayana berjarak kilometer alun alun tugu
alun-alun,Alun-Alun Kidul Yogyakarta,-7.811844,110.3632217,"Alun Alun Kidul, Patehan, Kraton, Kota Yogyakarta, Daerah Istimewa Yogyakarta, Jawa, 55133, Indonesia",Daerah Istimewa Yogyakarta,Kota Yogyakarta,"Alun-Alun Kidul Yogyakarta, Kota Yogyakarta, Daerah Istimewa Yogyakarta",gambar_wisata/Alun-Alun_Kidul_Yogyakarta,keraton ngayogyakarta hadiningrat keraton yogyakarta istana resmi kesultanan ngayogyakarta hadiningrat berlokasi kota yogyakarta keraton didirikan sri sultan hamengkubuwana istana keraton yogyakarta berdiri akibat perpecahan mataram islam perjanjian giyanti
alun-alun,Alun-Alun Klaten,-7.704963,110.6018083,"Alun-alun Klaten, Klaten, Klaten City, Klaten, Jawa Tengah, Jawa, Indonesia",Jawa Tengah,Klaten City,"Alun-Alun Klaten, Klaten City, Jawa Tengah",gambar_wisata/Alun-Alun_Klaten,kota surakarta bahasa jawa hanacaraka pegon hanzi pengucapan bahasa jawa sur kart solo bahasa jawa translit sala pengucapan bahasa jawa salah kota provinsi jawa indonesia luas
alun-alun,Alun-Alun Kota Batu,-7.8711747,112.5251687,"Parkir Alun-Alun Kota Batu, Jalan RA. Kartini, Pesanggrahan, Kota Batu, Klojen, Jawa Timur, Jawa, 65341, Indonesia",Jawa Timur,Kota Batu,"Alun-Alun Kota Batu, Kota Batu, Jawa Timur",gambar_wisata/Alun-Alun_Kota_Batu,kota batu bahasa jawa hanacaraka pegon pengucapan bahasa jawa bat kota wisata provinsi jawa timur indonesia kota terletak sebelah barat daya surabaya sebelah barat laut malang
alun-alun,Alun-Alun Kota Magelang,-7.4771886,110.2182633,"Alun-Alun Kota Magelang, Mateseh, Kauman, Kota Magelang, Jawa Tengah, Jawa, 56122, Indonesia",Jawa Tengah,Kota Magelang,"Alun-Alun Kota Magelang, Kota Magelang, Jawa Tengah",gambar_wisata/Alun-Alun_Kota_Magelang,kota magelang bahasa jawa hanacaraka pegon translit mag lang salah kota terletak provinsi jawa indonesia
alun-alun,Alun-Alun Kota Malang,-7.9826135,112.6308234,"Alun-Alun Malang, Kiduldalem, Kota Malang, Jawa Timur, Jawa, Indonesia",Jawa Timur,Kota Malang,"Alun-Alun Kota Malang, Kota Malang, Jawa Timur",gambar_wisata/Alun-Alun_Kota_Malang,kota malang bahasa jawa hanacaraka pegon pengucapan bahasa jawa mala kota terletak provinsi jawa timur indonesia kota kota terbesar jawa timur surabaya kota terbesar indonesia kota didirikan pemerintahan belanda april broeveldt wali kota
alun-alun,Alun-Alun Kota Semarang,-7.1350341,110.4090482,"Alun-alun mini, Putatan, Kota Semarang, Kabupaten Semarang, Jawa Tengah, Jawa, Indonesia",Jawa Tengah,Kota Semarang,"Alun-Alun Kota Semarang, Kota Semarang, Jawa Tengah",gambar_wisata/Alun-Alun_Kota_Semarang,kota batu bahasa jawa hanacaraka pegon pengucapan bahasa jawa bat kota wisata provinsi jawa timur indonesia kota terletak sebelah barat daya surabaya sebelah barat laut malang
alun-alun,Alun-Alun Kota Solo,-7.5747341,110.8287812,"Alun-alun utara, Kauman, Surakarta, Kecamatan Pasar Kliwon, Jawa Tengah, Jawa, Indonesia",Jawa Tengah,Surakarta,"Alun-Alun Kota Solo, Surakarta, Jawa Tengah",gambar_wisata/Alun-Alun_Kota_Solo,kota surakarta bahasa jawa hanacaraka pegon hanzi pengucapan bahasa jawa sur kart solo bahasa jawa translit sala pengucapan bahasa jawa salah kota provinsi jawa indonesia luas
alun-alun,Alun-Alun Kota Tangerang,-6.2744895,106.6928034,"Alun-Alun Pondok Aren, Parigi Baru, Pondok Aren, Tangerang Selatan, Banten, Jawa, Indonesia",Banten,Tangerang Selatan,"Alun-Alun Kota Tangerang, Tangerang Selatan, Banten",gambar_wisata/Alun-Alun_Kota_Tangerang,kota tangerang kota terletak provinsi banten indonesia kota terletak sebelah barat dki jakarta
alun-alun,Alun-Alun Kudus,-6.8077663,110.8417328,"Alun Alun Simpang 7 Kudus, Demaan, Kudus, Jawa Tengah, Jawa, Indonesia",Jawa Tengah,Kudus,"Alun-Alun Kudus, Kudus, Jawa Tengah",gambar_wisata/Alun-Alun_Kudus,kecamatan kudus bahasa jawa pegon ditulis kota kudus kecamatan kota pusat pemerintahan perekonomian kabupaten kudus provinsi jawa indonesia
alun-alun,Alun-Alun Lamongan,-7.120213,112.4157189,"Alun-Alun Lamongan, Lamongan, Jawa Timur, Jawa, Indonesia",Jawa Timur,Lamongan,"Alun-Alun Lamongan, Lamongan, Jawa Timur",gambar_wisata/Alun-Alun_Lamongan,kecamatan lamongan aksara jawa kecamatan kota kabupaten lamongan provinsi jawa timur indonesia kecamatan lamongan salah kecamatan kecamatan kabupaten lamongan jarak orbitasi kota lamongan arah kecamatan gresik kota terdekat
alun-alun,Alun-Alun Lumajang,-8.1352201,113.2244432,"Alun-Alun Lumajang, Ditotrunan, Lumajang, Jawa Timur, Jawa, Indonesia",Jawa Timur,Lumajang,"Alun-Alun Lumajang, Lumajang, Jawa Timur",gambar_wisata/Alun-Alun_Lumajang,kabupaten lumajang hanacaraka pegon pelafalan bahasa indonesia mad kabupaten provinsi jawa timur indonesia kotanya kecamatan lumajang kota
alun-alun,Alun-Alun Madiun,-7.6291792,111.5168307,"Alun-alun Madiun, Pangongangan, Kota Madiun, Jawa Timur, Jawa, Indonesia",Jawa Timur,Kota Madiun,"Alun-Alun Madiun, Kota Madiun, Jawa Timur",gambar_wisata/Alun-Alun_Madiun,kota madiun bahasa jawa hanacaraka pegon translit madhiyun pengucapan bahasa jawa kota provinsi jawa timur indonesia
alun-alun,Alun-Alun Magelang,-7.4771886,110.2182633,"Alun-Alun Kota Magelang, Mateseh, Kauman, Kota Magelang, Jawa Tengah, Jawa, 56122, Indonesia",Jawa Tengah,Kota Magelang,"Alun-Alun Magelang, Kota Magelang, Jawa Tengah",gambar_wisata/Alun-Alun_Magelang,kota magelang bahasa jawa hanacaraka pegon translit mag lang salah kota terletak provinsi jawa indonesia
alun-alun,Alun-Alun Malang,-7.9826135,112.6308234,"Alun-Alun Malang, Kiduldalem, Kota Malang, Jawa Timur, Jawa, Indonesia",Jawa Timur,Kota Malang,"Alun-Alun Malang, Kota Malang, Jawa Timur",gambar_wisata/Alun-Alun_Malang,kota malang bahasa jawa hanacaraka pegon pengucapan bahasa jawa mala kota terletak provinsi jawa timur indonesia kota kota terbesar jawa timur surabaya kota terbesar indonesia kota didirikan pemerintahan belanda april broeveldt wali kota
alun-alun,Alun-Alun Mojokerto,-7.4632394,112.4319642,"Alun-Alun Mojokerto, Magersari, Kota Mojokerto, Jawa Timur, Jawa, Indonesia",Jawa Timur,Kota Mojokerto,"Alun-Alun Mojokerto, Kota Mojokerto, Jawa Timur",gambar_wisata/Alun-Alun_Mojokerto,kota mojokerto bahasa jawa hanacaraka pegon translit pengucapan bahasa jawa kota provinsi jawa timur indonesia
alun-alun,Alun-Alun Ngawi,-7.4036079,111.4445975,"Alun-Alun Ngawi, Cabean, Sidorejo, Ngawi, Jawa Timur, Jawa, Indonesia",Jawa Timur,Ngawi,"Alun-Alun Ngawi, Ngawi, Jawa Timur",gambar_wisata/Alun-Alun_Ngawi,kecamatan ngawi dikenal kota ngawi bahasa jawa pegon translit kacamatan ngaw
alun-alun,Alun-Alun Pacitan,-8.1946928,111.1031621,"Alun-Alun Pacitan, Pacitan, Jawa Timur, Jawa, Indonesia",Jawa Timur,Pacitan,"Alun-Alun Pacitan, Pacitan, Jawa Timur",gambar_wisata/Alun-Alun_Pacitan,kecamatan pacitan bahasa jawa pegon kota kabupaten pacitan pusat pemerintahan perekonomian kabupaten pacitan kecamatan pacitan kota kecamatan ngadirojo pusat perekonomian kabupaten pacitan
alun-alun,Alun-Alun Pandeglang,-6.3098034,106.1067856,"Alun Alun Pandeglang, Pandeglang, Banten, Jawa, Indonesia",Banten,Pandeglang,"Alun-Alun Pandeglang, Pandeglang, Banten",gambar_wisata/Alun-Alun_Pandeglang,kabupaten pandeglang bahasa sunda translit pand glang kabupaten terletak provinsi banten indonesia
alun-alun,Alun-Alun Pasuruan,-7.6418879,112.9066793,"Alun-Alun Kota Pasuruan, Bangilan, Kota Pasuruan, Jawa Timur, Jawa, Indonesia",Jawa Timur,Kota Pasuruan,"Alun-Alun Pasuruan, Kota Pasuruan, Jawa Timur",gambar_wisata/Alun-Alun_Pasuruan,kota pasuruan bahasa jawa hanacaraka pegon translit pasuruhan pengucapan bahasa jawa sur kota provinsi jawa timur indonesia
alun-alun,Alun-Alun Pemalang,-6.8902902,109.3806267,"Alun-Alun Pemalang, Pemalang, Jawa Tengah, Jawa, Indonesia",Jawa Tengah,Pemalang,"Alun-Alun Pemalang, Pemalang, Jawa Tengah",gambar_wisata/Alun-Alun_Pemalang,kabupaten pemalang bahasa jawa hanacaraka pegon translit wilayah kabupaten terletak provinsi jawa indonesia
alun-alun,Alun-Alun Ponorogo,-7.8710476,111.462263,"Alun-Alun Ponorogo, Ponorogo, Jawa Timur, Jawa, Indonesia",Jawa Timur,Ponorogo,"Alun-Alun Ponorogo, Ponorogo, Jawa Timur",gambar_wisata/Alun-Alun_Ponorogo,kabupaten ponorogo bahasa jawa hanacaraka pegon translit pengucapan bahasa jawa wilayah kabupaten terletak provinsi jawa timur indonesia
alun-alun,Alun-Alun Probolinggo,-7.7441363,113.2158448,"Alun-Alun Probolinggo, Mayangan, Kota Probolinggo, Jawa Timur, Jawa, Indonesia",Jawa Timur,Kota Probolinggo,"Alun-Alun Probolinggo, Kota Probolinggo, Jawa Timur",gambar_wisata/Alun-Alun_Probolinggo,kota probolinggo disingkat proling hanacaraka pegon hanzi pelafalan bahasa indonesia kota provinsi jawa timur indonesia terletak sebelah tenggara surabaya kota probolinggo berbatasan selat madura sebelah utara kabupaten probolinggo sebelah timur selatan barat
alun-alun,Alun-Alun Purbalingga,-7.3895946,109.3632534,"Alun-alun Purbalingga, Purbalingga Food Center, Purbalingga, Jawa Tengah, Jawa, Indonesia",Jawa Tengah,Purbalingga,"Alun-Alun Purbalingga, Purbalingga, Jawa Tengah",gambar_wisata/Alun-Alun_Purbalingga,kabupaten purbalingga bahasa jawa hanacaraka pegon translit purbalingga wilayah kabupaten terletak provinsi jawa indonesia
alun-alun,Alun-Alun Purwokerto,-7.4243879,109.230123,"Alun Alun Purwokerto, Tanjung, Purwokerto, Banyumas, Jawa Tengah, Jawa, Indonesia",Jawa Tengah,Purwokerto,"Alun-Alun Purwokerto, Purwokerto, Jawa Tengah",gambar_wisata/Alun-Alun_Purwokerto,purwokerto bahasa jawa pegon translit purwakerta wilayah pusat pemerintahan kota kabupaten banyumas jawa indonesia
alun-alun,Alun-Alun Rembang,-6.7055526,111.3486723,"Alun-Alun Rembang, Rembang, Jawa Tengah, Jawa, Indonesia",Jawa Tengah,Rembang,"Alun-Alun Rembang, Rembang, Jawa Tengah",gambar_wisata/Alun-Alun_Rembang,rembang bahasa jawa pegon hanzi kota kabupaten rembang pusat pemerintahan perekonomian kabupaten rembang rembang wilayah kecamatan terletak kabupaten rembang provinsi jawa indonesia
alun-alun,Alun-Alun Semarang,-6.9717528,110.4237203,"Alun Alun Semarang, RW 01, Kauman, Semarang Tengah, Kota Semarang, Jawa Tengah, Jawa, 50000, Indonesia",Jawa Tengah,Kota Semarang,"Alun-Alun Semarang, Kota Semarang, Jawa Tengah",gambar_wisata/Alun-Alun_Semarang,kota salatiga bahasa jawa hanacaraka pegon pengucapan bahasa jawa kota provinsi jawa indonesia enklave kabupaten semarang kota salatiga terletak kilometer sebelah selatan kota semarang kilometer sebelah utara kota surakarta jalan negara menghubungkan kabupaten semarang kota surakarta
alun-alun,Alun-Alun Sidoarjo,-7.4462137,112.7178539,"Alun-Alun Sidoarjo, Pucanganom, Sidoarjo, Jawa Timur, Jawa, Indonesia",Jawa Timur,Sidoarjo,"Alun-Alun Sidoarjo, Sidoarjo, Jawa Timur",gambar_wisata/Alun-Alun_Sidoarjo,kabupaten sidoarjo bahasa jawa hanacaraka pegon translit sid arj pengucapan bahasa jawa sid ard kabupaten provinsi jawa timur indonesia
alun-alun,Alun-Alun Situbondo,-7.7068185,114.0054037,"Alun-Alun Situbondo, Dawuhan, Situbondo, Jawa Timur, Jawa, Indonesia",Jawa Timur,Situbondo,"Alun-Alun Situbondo, Situbondo, Jawa Timur",gambar_wisata/Alun-Alun_Situbondo,tanggal oktober kerusuhan anti kristen anti anti orang keturunan tionghoa kabupaten situbondo jawa timur peristiwa massa puas hukuman penjara terdakwa saleh beragama islam tuntutan maksimal dijatuhkan penghinaan agama islam
alun-alun,Alun-Alun Solo,-7.5747341,110.8287812,"Alun-alun utara, Kauman, Surakarta, Kecamatan Pasar Kliwon, Jawa Tengah, Jawa, Indonesia",Jawa Tengah,Surakarta,"Alun-Alun Solo, Surakarta, Jawa Tengah",gambar_wisata/Alun-Alun_Solo,kota surakarta bahasa jawa hanacaraka pegon hanzi pengucapan bahasa jawa sur kart solo bahasa jawa translit sala pengucapan bahasa jawa salah kota provinsi jawa indonesia luas
alun-alun,Alun-Alun Sragen,-7.4277082,111.0234646,"Alun-Alun Sragen ""Sasana Langen Putra"", Sragen, Jawa Tengah, Jawa, 57211, Indonesia",Jawa Tengah,Sragen,"Alun-Alun Sragen, Sragen, Jawa Tengah",gambar_wisata/Alun-Alun_Sragen,kabupaten sragen bahasa jawa hanacaraka pegon translit rag wilayah kabupaten solo raya provinsi jawa indonesia
alun-alun,Alun-Alun Sukoharjo,-7.68293,110.8405744,"Alun-Alun Satya Negara, Jetis, Sukoharjo, Jawa Tengah, Jawa, 57511, Indonesia",Jawa Tengah,Sukoharjo,"Alun-Alun Sukoharjo, Sukoharjo, Jawa Tengah",gambar_wisata/Alun-Alun_Sukoharjo,kota surakarta bahasa jawa hanacaraka pegon hanzi pengucapan bahasa jawa sur kart solo bahasa jawa translit sala pengucapan bahasa jawa salah kota provinsi jawa indonesia luas
alun-alun,Alun-Alun Surabaya,-7.2500402,112.737988,"Alon-Alon Contong, Bubutan, Surabaya, Jawa Timur, Jawa, Indonesia",Jawa Timur,Surabaya,"Alun-Alun Surabaya, Surabaya, Jawa Timur",gambar_wisata/Alun-Alun_Surabaya,kota surabaya bahasa jawa hanacaraka pegon translit kuth sur pengucapan bahasa jawa sur pelafalan bahasa indonesia sura baja kota provinsi jawa timur pusat pemerintahan perekonomian kota terbesar provinsi
alun-alun,Alun-Alun Tegal,-6.8674529,109.1379097,"Alun-alun Kota Tegal, Kademangan, Tegal, Jawa Tengah, Jawa, Indonesia",Jawa Tengah,Tegal,"Alun-Alun Tegal, Tegal, Jawa Tengah",gambar_wisata/Alun-Alun_Tegal,kota tegal bahasa jawa hanacaraka pegon hanzi belanda tagal kota provinsi jawa indonesia kota cikal berdirinya korps marinir tercatat pangkalan alri tegal nama corps mariniers november
alun-alun,Alun-Alun Temanggung,-7.3162058,110.1755232,"Alun-Alun Kota Temanggung, Pandean, Temanggung, Jawa Tengah, Jawa, Indonesia",Jawa Tengah,Temanggung,"Alun-Alun Temanggung, Temanggung, Jawa Tengah",gambar_wisata/Alun-Alun_Temanggung,kabupaten temanggung bahasa jawa hanacaraka pegon translit temanggung wilayah kabupaten terletak provinsi jawa indonesia
alun-alun,Alun-Alun Trenggalek,-8.0491348,111.7092032,"Alun-Alun Trenggalek, Trenggalek, Jawa Timur, Jawa, Indonesia",Jawa Timur,Trenggalek,"Alun-Alun Trenggalek, Trenggalek, Jawa Timur",gambar_wisata/Alun-Alun_Trenggalek,kabupaten trenggalek bahasa jawa hanacaraka pegon translit nggal pengucapan bahasa jawa kabupaten provinsi jawa timur indonesia
alun-alun,Alun-Alun Utara,-7.8044707,110.3643622,"Alun-Alun Utara Yogyakarta, Musikanan, Panembahan, Kraton, Kota Yogyakarta, Daerah Istimewa Yogyakarta, Jawa, Indonesia",Daerah Istimewa Yogyakarta,Kota Yogyakarta,"Alun-Alun Utara, Kota Yogyakarta, Daerah Istimewa Yogyakarta",gambar_wisata/Alun-Alun_Utara,kota yogyakarta bahasa jawa translit ngayogyakarta pengucapan bahasa jawa ajogj kart dikenal masyarakat sebutan nama yogya jogja kota pusat pemerintahan perekonomian provinsi daerah istimewa yogyakarta indonesia
alun-alun,Alun-Alun Utara Yogyakarta,-7.8044707,110.3643622,"Alun-Alun Utara Yogyakarta, Musikanan, Panembahan, Kraton, Kota Yogyakarta, Daerah Istimewa Yogyakarta, Jawa, Indonesia",Daerah Istimewa Yogyakarta,Kota Yogyakarta,"Alun-Alun Utara Yogyakarta, Kota Yogyakarta, Daerah Istimewa Yogyakarta",gambar_wisata/Alun-Alun_Utara_Yogyakarta,kota yogyakarta bahasa jawa translit ngayogyakarta pengucapan bahasa jawa ajogj kart dikenal masyarakat sebutan nama yogya jogja kota pusat pemerintahan perekonomian provinsi daerah istimewa yogyakarta indonesia
alun-alun,Alun-Alun Wonosobo,-7.3587052,109.9030423,"Alun-Alun Wonosobo, Wonosobo, Jawa Tengah, Jawa, Indonesia",Jawa Tengah,Wonosobo,"Alun-Alun Wonosobo, Wonosobo, Jawa Tengah",gambar_wisata/Alun-Alun_Wonosobo,stasiun wonosobo stasiun kereta api nonaktif kelas iii terletak jalan raden kolonel karjono wonosobo wonosobo stasiun stasiun kereta api lokasinya timur wilayah penjagaan aset purwokerto lintas purwokerto wonosobo
bukit,Bukit 2000 Kuningan,-6.7968035,108.4741153,"perumahan bukit pejaten residence, desa nanggela, Jalan Pangeran Kejaksan, Babakan, Kuningan, Jawa Barat, Jawa, 45558, Indonesia",Jawa Barat,Kuningan,"Bukit 2000 Kuningan, Kuningan, Jawa Barat",gambar_wisata/Bukit_2000_Kuningan,kabupaten kuningan aksara sunda wilayah kabupaten terletak ujung timur provinsi jawa barat indonesia kota kabupaten kecamatan kuningan
bukit,Bukit Baka,-0.65,112.366667,"Bukit Baka, Menukung, Melawi, Kalimantan Barat, Kalimantan, Indonesia",Kalimantan Barat,Melawi,"Bukit Baka, Melawi, Kalimantan Barat",gambar_wisata/Bukit_Baka,taman nasional bukit baka bukit raya disingkat tnbbbr kawasan konservasi taman nasional terletak jantung pulau kalimantan tepatnya perbatasan provinsi kalimantan barat kalimantan kawasan memiliki peranan fungsi hidrologis catchment area daerah aliran sungai melawi kalimantan barat daerah aliran sungai katingan kalimantan
bukit,Bukit Barisan,-5.2472574,104.149891,"Taman Nasional Bukit Barisan Selatan, Pesisir Barat, Lampung, Sumatera, Indonesia",Lampung,Pesisir Barat,"Bukit Barisan, Pesisir Barat, Lampung",gambar_wisata/Bukit_Barisan,kabupaten pesisir barat kabupaten provinsi lampung indonesia kotanya krui
bukit,Bukit Barisan Selatan,-5.2472574,104.149891,"Taman Nasional Bukit Barisan Selatan, Pesisir Barat, Lampung, Sumatera, Indonesia",Lampung,Pesisir Barat,"Bukit Barisan Selatan, Pesisir Barat, Lampung",gambar_wisata/Bukit_Barisan_Selatan,kabupaten pesisir barat kabupaten provinsi lampung indonesia kotanya krui
bukit,Bukit Batu,-1.7494671,114.3528566,"Bukit Batu, Kapuas, Kalimantan Tengah, Kalimantan, Indonesia",Kalimantan Tengah,Kapuas,"Bukit Batu, Kapuas, Kalimantan Tengah",gambar_wisata/Bukit_Batu,kalimantan diakronimkan kalteng salah provinsi pulau kalimantan indonesia kota provinsi kota palangka raya
bukit,Bukit Batu Layar,-8.5303114,116.0785592,"Perum. Pesona Bukit Hijau, Dusun Teloke Laug, Desa Senteluk, Lombok Barat, Nusa Tenggara Barat, Nusa Tenggara, 83111, Indonesia",Nusa Tenggara Barat,Lombok Barat,"Bukit Batu Layar, Lombok Barat, Nusa Tenggara Barat",gambar_wisata/Bukit_Batu_Layar,nusa tenggara barat disingkat ntb provinsi indonesia kepulauan nusa tenggara provinsi bali sebelah barat provinsi nusa tenggara timur sebelah timur pusat pemerintahan kota provinsi kota mataram
bukit,Bukit Batu Sulawesi Selatan,-5.152682,119.484512,"Jalan Bukit Batu Antang, Pannara, Antang, Manggala, Makassar, Sulawesi Selatan, Sulawesi, 90234, Indonesia",Sulawesi Selatan,Makassar,"Bukit Batu Sulawesi Selatan, Makassar, Sulawesi Selatan",gambar_wisata/Bukit_Batu_Sulawesi_Selatan,sulawesi selatan diakronimkan sulsel lontara provinsi semenanjung selatan pulau sulawesi indonesia kepulauan selayar selatan pulau sulawesi provinsi
bukit,Bukit Besar,-3.166667,102.866667,"Bukit Besar, Lubuklinggau, Sumatera Selatan, Sumatera, Indonesia",Sumatera Selatan,Lubuklinggau,"Bukit Besar, Lubuklinggau, Sumatera Selatan",gambar_wisata/Bukit_Besar,kota lubuklinggau surat ulu kota provinsi sumatera selatan indonesia kota terletak barat provinsi sumatera selatan
bukit,Bukit Cinta,-7.9145615,112.9390159,"Bukit Cinta, Pasuruan, Jawa Timur, Jawa, 67254, Indonesia",Jawa Timur,Pasuruan,"Bukit Cinta, Pasuruan, Jawa Timur",gambar_wisata/Bukit_Cinta,gunung bromo bahasa tengger dieja brama kaldera tengger gunung berapi aktif jawa timur indonesia gunung memiliki ketinggian meter permukaan laut wilayah kabupaten kabupaten probolinggo kabupaten pasuruan kabupaten lumajang kabupaten malang
bukit,Bukit Cinta Bali,-8.4262117,115.6086959,"Bukit Cinta, Jalan Serma Natih, Amlapura, Kecamatan Karangasem, Karangasem, Bali, Nusa Tenggara, 80811, Indonesia",Bali,Karangasem,"Bukit Cinta Bali, Karangasem, Bali",gambar_wisata/Bukit_Cinta_Bali,daftar tokoh bali daftar tokoh tokoh lahir provinsi bali berasal suku bali etnis lahir tinggal bali terlibat bali signifikan khusus tokoh tokoh etnis bali daftar tokoh suku bali
bukit,Bukit Doa Tomohon,1.3493247,124.8503698,"Bukit Doa, Bukit Doa Mahawu Pathway, Tomohon, Sulawesi Utara, Sulawesi, 95362, Indonesia",Sulawesi Utara,Tomohon,"Bukit Doa Tomohon, Tomohon, Sulawesi Utara",gambar_wisata/Bukit_Doa_Tomohon,kota tomohon kota provinsi sulawesi utara indonesia enklave kabupaten minahasa tomohon salah kecamatan kabupaten minahasa
bukit,Bukit Gajah Bobok,2.8993456,98.5111159,"Bukit Gajah Bobok, Karo, Sumatera Utara, Sumatera, 22173, Indonesia",Sumatera Utara,Karo,"Bukit Gajah Bobok, Karo, Sumatera Utara",gambar_wisata/Bukit_Gajah_Bobok,bukit gajah bobok salah bukit terletak pangambaten merek karo provinsi sumatera utara bukit memiliki ketinggian meter permukaan laut
bukit,Bukit Holbung,2.5338138,98.7010689,"Bukit Holbung, Hariara Pohan, Samosir, Sumatera Utara, Sumatera, Indonesia",Sumatera Utara,Samosir,"Bukit Holbung, Samosir, Sumatera Utara",gambar_wisata/Bukit_Holbung,bukit holbung bahasa batak dolok holbung surat batak salah wisata danau toba terletak perbukitan desa holbung kecamatan sitiotio kabupaten samosir sumatera utara rangkaian perbukitan bukit holbung
bukit,Bukit Holbung Samosir,2.5338138,98.7010689,"Bukit Holbung, Hariara Pohan, Samosir, Sumatera Utara, Sumatera, Indonesia",Sumatera Utara,Samosir,"Bukit Holbung Samosir, Samosir, Sumatera Utara",gambar_wisata/Bukit_Holbung_Samosir,kabupaten samosir surat batak salah kabupaten provinsi sumatera utara indonesia kotanya kecamatan pangururan
bukit,Bukit Jamur,-7.0426224,112.5667217,"Bukit Jamur Gresik, Sukowati, Gresik, Jawa Timur, Jawa, Indonesia",Jawa Timur,Gresik,"Bukit Jamur, Gresik, Jawa Timur",gambar_wisata/Bukit_Jamur,bukit jamur wisata alam bebatuan terletak desa bungah gresik jawa timur bukit jamur perbukitan seluas suasana gersang pohon bebatuan batu kapur membentuk jamur
bukit,Bukit Kapur Arosbaya,-6.9474419,112.8593068,"Bukit Kapur Arosbaya, Jalan K.H. Zainal Alimin, Karang Pao, Bangkalan, Jawa Timur, Jawa, 69151, Indonesia",Jawa Timur,Bangkalan,"Bukit Kapur Arosbaya, Bangkalan, Jawa Timur",gambar_wisata/Bukit_Kapur_Arosbaya,rencana pemekaran daerah calon daerah otonomi cdob diusulkan kementerian negeri pemekaran daerah pemecahan daerah provinsi kabupaten kota daerah
bukit,Bukit Kelam,0.078675,111.6480665,"Bukit Kelam, Kelam Permai, Sintang, Kalimantan Barat, Kalimantan, Indonesia",Kalimantan Barat,Sintang,"Bukit Kelam, Sintang, Kalimantan Barat",gambar_wisata/Bukit_Kelam,kabupaten sintang salah daerah otonom tingkat wilayah provinsi kalimantan barat indonesia kotanya kecamatan sintang
bukit,Bukit Lawang Sumatera Utara,3.5493172,98.1224445,"Bukit Lawang, Langkat, Sumatera Utara, Sumatera, 20852, Indonesia",Sumatera Utara,Langkat,"Bukit Lawang Sumatera Utara, Langkat, Sumatera Utara",gambar_wisata/Bukit_Lawang_Sumatera_Utara,provinsi sumatera utara kabupaten kota kecamatan kelurahan desa penduduk mencapai jiwa luas wilayah
bukit,Bukit Lintang Sewu,-7.915055,110.4357959,"Bukit Lintang Sewu, Muntuk, Dlingo, Bantul, Daerah Istimewa Yogyakarta, Jawa, 55783, Indonesia",Daerah Istimewa Yogyakarta,Bantul,"Bukit Lintang Sewu, Bantul, Daerah Istimewa Yogyakarta",gambar_wisata/Bukit_Lintang_Sewu,daerah istimewa yogyakarta disingkat yogyakarta diy daerah istimewa setingkat provinsi indonesia peleburan negara kesultanan yogyakarta negara kadipaten paku alaman kota kota yogyakarta daerah istimewa yogyakarta terletak selatan pulau jawa berbatasan provinsi jawa samudra hindia
bukit,Bukit Mamuju,-2.0919997,119.3764094,"Bendungan Bukit Cinta, Mamuju Tengah, Sulawesi Barat, Sulawesi, Indonesia",Sulawesi Barat,Mamuju Tengah,"Bukit Mamuju, Mamuju Tengah, Sulawesi Barat",gambar_wisata/Bukit_Mamuju,bahasa mamuju salah bahasa austronesia dipertuturkan selatan provinsi sulawesi barat merentang pantai kabupaten polewali mandar kabupaten mamasa hilir sungai budong
bukit,Bukit Muntai,-2.984875,106.5260778,"Bukit Muntai, Bangka Selatan, Kepulauan Bangka Belitung, Sumatera, 33183, Indonesia",Kepulauan Bangka Belitung,Bangka Selatan,"Bukit Muntai, Bangka Selatan, Kepulauan Bangka Belitung",gambar_wisata/Bukit_Muntai,rencana pemekaran daerah calon daerah otonomi cdob diusulkan kementerian negeri pemekaran daerah pemecahan daerah provinsi kabupaten kota daerah
bukit,Bukit Raya,1.0354835,111.3574287,"Bukit Raya, Ketungau Hulu, Sintang, Kalimantan Barat, Kalimantan, Indonesia",Kalimantan Barat,Sintang,"Bukit Raya, Sintang, Kalimantan Barat",gambar_wisata/Bukit_Raya,kabupaten sintang salah daerah otonom tingkat wilayah provinsi kalimantan barat indonesia kotanya kecamatan sintang
bukit,Bukit Selong,-8.365312,116.5400179,"Bukit Selong, Jalan Raya Ambarita, Sembalun Lawang, Lombok Timur, Nusa Tenggara Barat, Nusa Tenggara, 83656, Indonesia",Nusa Tenggara Barat,Daerah Khusus ibukota Jakarta,"Bukit Selong, nan, Nusa Tenggara Barat",gambar_wisata/Bukit_Selong,halaman memuat daftar cagar budaya indonesia terdaftar direktorat pelestarian cagar budaya permuseuman daftar daftar lengkap terbarui
bukit,Bukit Selong Lombok Timur,-8.365312,116.5400179,"Bukit Selong, Jalan Raya Ambarita, Sembalun Lawang, Lombok Timur, Nusa Tenggara Barat, Nusa Tenggara, 83656, Indonesia",Nusa Tenggara Barat,Daerah Khusus ibukota Jakarta,"Bukit Selong Lombok Timur, nan, Nusa Tenggara Barat",gambar_wisata/Bukit_Selong_Lombok_Timur,halaman memuat daftar cagar budaya indonesia terdaftar direktorat pelestarian cagar budaya permuseuman daftar daftar lengkap terbarui
bukit,Bukit Serelo,-3.8120142,103.6703499,"Bukit Serelo, Tanjung Menang, Merapi Selatan, Lahat, Sumatera Selatan, Sumatera, Indonesia",Sumatera Selatan,Lahat,"Bukit Serelo, Lahat, Sumatera Selatan",gambar_wisata/Bukit_Serelo,kereta api serelo bukit serelo kereta api kelas ekonomi melayani koridor kertapati lubuklinggau sumatera selatan bukit serelo dioperasikan kelas campuran eksekutif bisnis ekonomi nama bukit sulap berjalan siang
bukit,Bukit Sibea-bea Samosir,2.5504584,98.6719465,"Patung Yesus, Bukit Sibea-bea, Air Terjun Efrata Road, Lumban Guru, Turpuk Limbong, Samosir, Sumatera Utara, Sumatera, Indonesia",Sumatera Utara,Samosir,"Bukit Sibea-bea Samosir, Samosir, Sumatera Utara",gambar_wisata/Bukit_Sibea-bea_Samosir,yesus memberkati sibea bea english jesus blessed sibea bea patung yesus sibea bea monumen patung meter terletak bukit sibea bea kabupaten samosir patung patung yesus tertinggi dunia
bukit,Bukit Siguntang Palembang,-2.9972173,104.7255544,"Hutan Wisata Bukit Siguntang, Ilir Barat I, Palembang, Sumatera Selatan, Sumatera, Indonesia",Sumatera Selatan,Palembang,"Bukit Siguntang Palembang, Palembang, Sumatera Selatan",gambar_wisata/Bukit_Siguntang_Palembang,kota palembang jawi kota provinsi sumatera selatan indonesia luas kota palembang kota dihuni jiwa
bukit,Bukit Sikunir,-7.2387021,109.9250284,"Bukit Sikunir, Sembungan, Wonosobo, Jawa Tengah, Jawa, Indonesia",Jawa Tengah,Wonosobo,"Bukit Sikunir, Wonosobo, Jawa Tengah",gambar_wisata/Bukit_Sikunir,bukit sikunir salah wisata terletak desa sembungan kecamatan kejajar kabupaten wonosobo bukit sikunir ketinggian mdpl meter diatas permukaan laut
bukit,Bukit Tangkiling Palangkaraya,-1.9881028,113.7504103,"Bukit Tangkiling, Palangka Raya, Kalimantan Tengah, Kalimantan, Indonesia",Kalimantan Tengah,Palangka Raya,"Bukit Tangkiling Palangkaraya, Palangka Raya, Kalimantan Tengah",gambar_wisata/Bukit_Tangkiling_Palangkaraya,kota palangka raya kota kota provinsi kalimantan indonesia kota memiliki luas wilayah penduduk jiwa kepadatan penduduk jiwa
bukit,Bukit Tinggi,-3.3295279,101.8358215,"Bukit Tinggi, Bengkulu Utara, Bengkulu, Sumatera, Indonesia",Bengkulu,Bengkulu Utara,"Bukit Tinggi, Bengkulu Utara, Bengkulu",gambar_wisata/Bukit_Tinggi,kabupaten bengkulu utara kabupaten provinsi bengkulu indonesia kabupaten terletak kawasan pesisir pantai barat sumatra kotanya arga makmur mencakup kawasan pesisir pantai barat kabupaten mencakup pulau enggano pulau terletak pantai selatan bengkulu
bukit,Bukit Wairinding,-9.6794624,120.1000531,"bukit wairinding, Jalan Lintas Sumba, Desa Makamenggit, Kecamatan Ngaha Ori Angu, Sumba Timur, Nusa Tenggara Timur, Nusa Tenggara, Indonesia",Nusa Tenggara Timur,Sumba Timur,"Bukit Wairinding, Sumba Timur, Nusa Tenggara Timur",gambar_wisata/Bukit_Wairinding,kabupaten sumba timur kabupaten provinsi nusa tenggara timur indonesia kabupaten sumba timur meliputi wilayah pulau sumba kabupaten
candi,Candi Abang,-7.8102254,110.4687098,"Candi Abang, Jalan Jogotirto, Jogotirto, Berbah, Sleman, Daerah Istimewa Yogyakarta, Jawa, 55572, Indonesia",Daerah Istimewa Yogyakarta,Sleman,"Candi Abang, Sleman, Daerah Istimewa Yogyakarta",gambar_wisata/Candi_Abang,daerah istimewa yogyakarta disingkat yogyakarta diy daerah istimewa setingkat provinsi indonesia peleburan negara kesultanan yogyakarta negara kadipaten paku alaman kota kota yogyakarta daerah istimewa yogyakarta terletak selatan pulau jawa berbatasan provinsi jawa samudra hindia
candi,Candi Badut,-7.9578365,112.5985999,"Candi Badut, Jalan Esberg VE 5, Kota Malang, Jawa Timur, Jawa, 65112, Indonesia",Jawa Timur,Kota Malang,"Candi Badut, Kota Malang, Jawa Timur",gambar_wisata/Candi_Badut,candi badut candi terletak kawasan tidar barat kabupaten malang administratif candi badut terletak desa karangwidoro kecamatan dau kabupaten malang jawa timur
candi,Candi Bajang Ratu,-7.5677817,112.3986624,"Candi Bajang Ratu, Jalan Jayanegara 01, Trowulan, Mojokerto, Jawa Timur, Jawa, 61362, Indonesia",Jawa Timur,Trowulan,"Candi Bajang Ratu, Trowulan, Jawa Timur",gambar_wisata/Candi_Bajang_Ratu,gapura bajang ratu dikenal nama candi bajang ratu gapura candi peninggalan majapahit desa temon kecamatan trowulan kabupaten mojokerto jawa timur indonesia bangunan dibangun abad salah gapura zaman keemasan majapahit
candi,Candi Belahan,-7.6075227,112.6513504,"Candi Petirtaan Belahan, Penanggungan via Kunjorowesi, Pasuruan, Jawa Timur, Jawa, 61375, Indonesia",Jawa Timur,Pasuruan,"Candi Belahan, Pasuruan, Jawa Timur",gambar_wisata/Candi_Belahan,petirtaan belahan dikenal candi belahan sumber tetek jawa sumber payudara petirtaan bersejarah terletak sisi timur gunung penanggungan tepatnya dusun belahanjowo desa wonosunyo kecamatan gempol kabupaten pasuruan usianya milenium abad dibangun kerajaan medang periode jawa timur
candi,Candi Bima,-7.2143272,109.9105109,"Candi Bima, Jalan Rake Sanjaya, Siterus, Dieng, Wonosobo, Jawa Tengah, Jawa, Indonesia",Jawa Tengah,Wonosobo,"Candi Bima, Wonosobo, Jawa Tengah",gambar_wisata/Candi_Bima,terbesar dibangun periode klasik hindu buddha sejarah nasional indonesia
candi,Candi Bubrah,-7.7465115,110.4929587,"Candi Bubrah, Jalan Candi Sewu, Tlogo, Klaten, Jawa Tengah, Jawa, 57454, Indonesia",Jawa Tengah,Klaten,"Candi Bubrah, Klaten, Jawa Tengah",gambar_wisata/Candi_Bubrah,candi bubrah bahasa jawa translit candhi bubrah salah candi buddha kompleks taman wisata candi prambanan percandian rara jonggrang candi sewu
candi,Candi Cangkuang,-7.102927,107.9188749,"Candi Cangkuang, Jalan Soekarno Hatta, Cangkuang, Leles, Garut, Jawa Barat, Jawa, 44152, Indonesia",Jawa Barat,Cangkuang,"Candi Cangkuang, Cangkuang, Jawa Barat",gambar_wisata/Candi_Cangkuang,candi cangkuang bahasa sunda translit candi cangkuang candi hindu kampung pulo desa cangkuang kecamatan leles kabupaten garut jawa barat
candi,Candi Cetho,-7.5957362,111.1581311,"Candi Cetho, Gunung Lawu Track via Candi Cetho, Ngawi, Karanganyar, Jawa Tengah, Jawa, Indonesia",Jawa Tengah,Ngawi,"Candi Cetho, Ngawi, Jawa Tengah",gambar_wisata/Candi_Cetho,gunung lawu hanacaraka gunung berapi aktif terletak pulau jawa tepatnya perbatasan jawa jawa timur indonesia gunung lawu memiliki ketinggian mdpl
candi,Candi Dieng,-6.2361436,107.0185426,"Jalan Candi Dieng, Duren Jaya, Bekasi, Jawa Barat, Jawa, 17112, Indonesia",Jawa Barat,Bekasi,"Candi Dieng, Bekasi, Jawa Barat",gambar_wisata/Candi_Dieng,jawa salah pulau indonesia terletak kepulauan sunda pulau terluas dunia penduduk pulau jawa juta
candi,Candi Gedong Songo,-7.2063743,110.340176,"Kawasan Candi Gedong Songo, Darum, Sumowono, Kabupaten Semarang, Jawa Tengah, Jawa, Indonesia",Jawa Tengah,Kabupaten Semarang,"Candi Gedong Songo, Kabupaten Semarang, Jawa Tengah",gambar_wisata/Candi_Gedong_Songo,candi gedong songo bahasa jawa translit candhi gedhong sanga ahli candi dieng kurun abad masehi dinasti sanjaya kerajaan mataram
candi,Candi Gunung Gangsir,-7.5866825,112.7333068,"Candi Gununggangsir, Jalan Wicaksono, Winong, Pasuruan, Jawa Timur, Jawa, 67154, Indonesia",Jawa Timur,Pasuruan,"Candi Gunung Gangsir, Pasuruan, Jawa Timur",gambar_wisata/Candi_Gunung_Gangsir,candi gunung gangsir bangunan candi diduga mpu sindok airlangga peninggalan zaman majapahit kemiripan candi pari diduga tinggalan raja hayam wuruk wisesapura pendharmaan neneknya gayatri rajapatni candi gunung gangsir terletak dukuh kebon candi desa gunung gangsir kecamatan beji kabupaten pasuruan jawa timur
candi,Candi Gunung Wukir,-7.6342335,110.2968591,"Candi Gunung Wukir, Tirto, Salam, Magelang, Jawa Tengah, Jawa, Indonesia",Jawa Tengah,Magelang,"Candi Gunung Wukir, Magelang, Jawa Tengah",gambar_wisata/Candi_Gunung_Wukir,candi gunung wukir candi canggal candi bercorak hindu dusun canggal desa kadiluwih kecamatan salam kabupaten magelang jawa bangunan candi ditemukan prasasti canggal dikoleksi museum nasional indonesia salah prasasti ikhtisar sejarah indonesia peninggalan sejarah mencantumkan pembuatan penanda berkuasanya kerajaan medang tanah mataram
candi,Candi Ijo,-7.7837641,110.5114895,"Candi Ijo, Alternatif Prambanan-Lemahbang, Sambirejo, Prambanan, Sleman, Daerah Istimewa Yogyakarta, Jawa, 55572, Indonesia",Daerah Istimewa Yogyakarta,Sleman,"Candi Ijo, Sleman, Daerah Istimewa Yogyakarta",gambar_wisata/Candi_Ijo,daerah istimewa yogyakarta disingkat yogyakarta diy daerah istimewa setingkat provinsi indonesia peleburan negara kesultanan yogyakarta negara kadipaten paku alaman kota kota yogyakarta daerah istimewa yogyakarta terletak selatan pulau jawa berbatasan provinsi jawa samudra hindia
candi,Candi Jago,-8.0057895,112.7640934,"Candi Jago, Jalan Raya Tumpang, Malangsuko, Tumpang, Kabupaten Malang, Jawa Timur, Jawa, 65156, Indonesia",Jawa Timur,Kabupaten Malang,"Candi Jago, Kabupaten Malang, Jawa Timur",gambar_wisata/Candi_Jago,kitab negarakertagama pupuh pararaton nama candi jago berasal jajaghu didirikan kerajaan singhasari abad penghormatan raja ketiga singhasari wisnuwardhana jajaghu keagungan istilah menyebut suci
candi,Candi Jawi,-7.6624877,112.669879,"Candi Jawi, Jalan Raya Prigen, Prigen, Pasuruan, Jawa Timur, Jawa, 67161, Indonesia",Jawa Timur,Pasuruan,"Candi Jawi, Pasuruan, Jawa Timur",gambar_wisata/Candi_Jawi,candi jawi nama asli jajawa candi dibangun abad peninggalan bersejarah hindu buddha kerajaan singhasari terletak kaki gunung welirang tepatnya desa candi wates prigen pasuruan jawa timur kilometer pusat kota pandaan candi terletak pertengahan jalan raya kecamatan pandaan kecamatan prigen pringebukan
candi,Candi Kadisoka,-7.7552364,110.4458063,"Candi Kadisoka, Jalan Soka, Maguwoharjo, Depok, Sleman, Daerah Istimewa Yogyakarta, Jawa, 55571, Indonesia",Daerah Istimewa Yogyakarta,Sleman,"Candi Kadisoka, Sleman, Daerah Istimewa Yogyakarta",gambar_wisata/Candi_Kadisoka,halaman memuat daftar cagar budaya kabupaten sleman terdaftar direktorat pelestarian cagar budaya permuseuman daftar daftar lengkap terbarui
candi,Candi Kalasan,-7.7668063,110.4723996,"Candi Kalasan, Kalasan, Tirtomartani, Kalasan, Sleman, Daerah Istimewa Yogyakarta, Jawa, Indonesia",Daerah Istimewa Yogyakarta,Sleman,"Candi Kalasan, Sleman, Daerah Istimewa Yogyakarta",gambar_wisata/Candi_Kalasan,daerah istimewa yogyakarta disingkat yogyakarta diy daerah istimewa setingkat provinsi indonesia peleburan negara kesultanan yogyakarta negara kadipaten paku alaman kota kota yogyakarta daerah istimewa yogyakarta terletak selatan pulau jawa berbatasan provinsi jawa samudra hindia
candi,Candi Kedulan,-7.7425947,110.4697271,"Candi Kedulan, Jalan Raya Kalimati, Tirtomartani, Kalasan, Sleman, Daerah Istimewa Yogyakarta, Jawa, 55571, Indonesia",Daerah Istimewa Yogyakarta,Sleman,"Candi Kedulan, Sleman, Daerah Istimewa Yogyakarta",gambar_wisata/Candi_Kedulan,daerah istimewa yogyakarta disingkat yogyakarta diy daerah istimewa setingkat provinsi indonesia peleburan negara kesultanan yogyakarta negara kadipaten paku alaman kota kota yogyakarta daerah istimewa yogyakarta terletak selatan pulau jawa berbatasan provinsi jawa samudra hindia
candi,Candi Kidal,-8.0258552,112.7090269,"Candi Kidal, Jalan Raya Kidal, Jeding, Kidal, Kabupaten Malang, Jawa Timur, Jawa, 65156, Indonesia",Jawa Timur,Kabupaten Malang,"Candi Kidal, Kabupaten Malang, Jawa Timur",gambar_wisata/Candi_Kidal,candi kidal salah candi warisan kerajaan singasari candi dibangun bentuk penghormatan jasa anusapati raja singhasari memerintah
candi,Candi Kimpulan,-7.6883659,110.4153318,"Candi Kimpulan, Boulevard UII, Turi Rejo, Sardonoharjo, Sleman, Daerah Istimewa Yogyakarta, Jawa, 55582, Indonesia",Daerah Istimewa Yogyakarta,Sleman,"Candi Kimpulan, Sleman, Daerah Istimewa Yogyakarta",gambar_wisata/Candi_Kimpulan,daerah istimewa yogyakarta disingkat yogyakarta diy daerah istimewa setingkat provinsi indonesia peleburan negara kesultanan yogyakarta negara kadipaten paku alaman kota kota yogyakarta daerah istimewa yogyakarta terletak selatan pulau jawa berbatasan provinsi jawa samudra hindia
candi,Candi Lumbung,-7.7481201,110.4929439,"Candi Lumbung, Tlogo, Klaten, Jawa Tengah, Jawa, Indonesia",Jawa Tengah,Klaten,"Candi Lumbung, Klaten, Jawa Tengah",gambar_wisata/Candi_Lumbung,candi lumbung salah kompleks percandian buddha kompleks taman wisata candi prambanan sebelah candi bubrah candi masuk wilayah jawa kabupaten klaten
candi,Candi Mendut,-7.6048222,110.2301202,"Candi Mendut, Jalan Mayor Kusen, Ngrajek, Mendut, Magelang, Jawa Tengah, Jawa, 56511, Indonesia",Jawa Tengah,Magelang,"Candi Mendut, Magelang, Jawa Tengah",gambar_wisata/Candi_Mendut,candi mendut bahasa jawa translit candhi mendut terletak desa mendut kecamatan mungkid kabupaten magelang provimsi jawa
candi,Candi Muara Takus,0.3359614,100.6421489,"Candi Muara Takus, Jalan Simpang Muara Takus - Bandur Picak (Batas Kab. Rokan Hulu), Muara Takus, Kampar, Riau, Sumatera, Indonesia",Riau,Kampar,"Candi Muara Takus, Kampar, Riau",gambar_wisata/Candi_Muara_Takus,candi muara takus situs candi buddha terletak desa muara takus kecamatan xiii koto kabupaten kampar riau indonesia situs berjarak kilometer kota pekanbaru
candi,Candi Muaro Jambi,-1.4795711,103.6559477,"Jalan Candi Muaro Jambi, Muaro Jambi, Jambi, Sumatera, Indonesia",Jambi,Muaro Jambi,"Candi Muaro Jambi, Muaro Jambi, Jambi",gambar_wisata/Candi_Muaro_Jambi,jambi provinsi indonesia terletak pesisir timur pulau sumatera ibukota provinsi kota jambi
candi,Candi Pawon,-7.6061281,110.2195602,"Candi Pawon, Jalan Balaputera Dewa, Wanurejo, Borobudur, Magelang, Jawa Tengah, Jawa, 56553, Indonesia",Jawa Tengah,Magelang,"Candi Pawon, Magelang, Jawa Tengah",gambar_wisata/Candi_Pawon,candi pawon terletak candi mendut candi borobudur berjarak candi borobudur candi mendut candi mendut terletak dusun brojonalan kelurahan wanurejo kecamatan borobudur kabupaten magelang jawa
candi,Candi Penataran,-8.0161052,112.2092511,"Candi Penataran, Jalan Insinyur Soekarno, Kedawung, Blitar, Jawa Timur, Jawa, 66181, Indonesia",Jawa Timur,Blitar,"Candi Penataran, Blitar, Jawa Timur",gambar_wisata/Candi_Penataran,scandi penataran nama aslinya candi palah gugusan candi bersifat keagamaan hindu siwaitis terletak desa penataran kecamatan nglegok kabupaten blitar jawa timur candi termegah terluas jawa timur terletak lereng barat daya gunung kelud sebelah utara blitar ketinggian meter permukaan laut
candi,Candi Plaosan,-7.74056,110.5045511,"Candi Plaosan Lor, Jalan Prambanan - Manisrenggo, Kebondalem Lor, Klaten, Jawa Tengah, Jawa, 57454, Indonesia",Jawa Tengah,Klaten,"Candi Plaosan, Klaten, Jawa Tengah",gambar_wisata/Candi_Plaosan,candi plaosan hanacaraka candhi plaosan sebutan kompleks percandian terletak dukuh plaosan desa bugisan kecamatan prambanan kabupaten klaten provinsi jawa indonesia candi terletak kilometer arah timur laut candi sewu candi prambanan
candi,Candi Prambanan,-7.7522269,110.4915331,"Candi Prambanan, Jalan Jogja - Solo, Bokoharjo, Prambanan, Sleman, Daerah Istimewa Yogyakarta, Jawa, 57454, Indonesia",Daerah Istimewa Yogyakarta,Sleman,"Candi Prambanan, Sleman, Daerah Istimewa Yogyakarta",gambar_wisata/Candi_Prambanan,candi prambanan bahasa jawa translit prambanan bangunan candi bercorak agama hindu terbesar indonesia dibangun abad masehi
candi,Candi Ratu Boko,-7.770512,110.4894642,"Kawasan Candi Ratu Boko, Jalan Piyungan - Prambanan, Bokoharjo, Prambanan, Sleman, Daerah Istimewa Yogyakarta, Jawa, 55572, Indonesia",Daerah Istimewa Yogyakarta,Sleman,"Candi Ratu Boko, Sleman, Daerah Istimewa Yogyakarta",gambar_wisata/Candi_Ratu_Boko,daerah istimewa yogyakarta disingkat yogyakarta diy daerah istimewa setingkat provinsi indonesia peleburan negara kesultanan yogyakarta negara kadipaten paku alaman kota kota yogyakarta daerah istimewa yogyakarta terletak selatan pulau jawa berbatasan provinsi jawa samudra hindia
candi,Candi Sambisari,-7.7623668,110.446949,"Candi Sambisari, Jalan Masjid II, Purwomartani, Kalasan, Sleman, Daerah Istimewa Yogyakarta, Jawa, 55571, Indonesia",Daerah Istimewa Yogyakarta,Sleman,"Candi Sambisari, Sleman, Daerah Istimewa Yogyakarta",gambar_wisata/Candi_Sambisari,daerah istimewa yogyakarta disingkat yogyakarta diy daerah istimewa setingkat provinsi indonesia peleburan negara kesultanan yogyakarta negara kadipaten paku alaman kota kota yogyakarta daerah istimewa yogyakarta terletak selatan pulau jawa berbatasan provinsi jawa samudra hindia
candi,Candi Sari,-7.7615065,110.4742174,"Candi Sari, Jalan Jogja - Solo, Kalasan, Tirtomartani, Kalasan, Sleman, Daerah Istimewa Yogyakarta, Jawa, 55571, Indonesia",Daerah Istimewa Yogyakarta,Sleman,"Candi Sari, Sleman, Daerah Istimewa Yogyakarta",gambar_wisata/Candi_Sari,daerah istimewa yogyakarta disingkat yogyakarta diy daerah istimewa setingkat provinsi indonesia peleburan negara kesultanan yogyakarta negara kadipaten paku alaman kota kota yogyakarta daerah istimewa yogyakarta terletak selatan pulau jawa berbatasan provinsi jawa samudra hindia
candi,Candi Sewu,-7.7443372,110.4928925,"Candi Sewu, Bugisan, Klaten, Jawa Tengah, Jawa, Indonesia",Jawa Tengah,Klaten,"Candi Sewu, Klaten, Jawa Tengah",gambar_wisata/Candi_Sewu,candi sewu bahasa jawa translit candhi candi buddha dibangun abad masehi berjarak delapan ratus meter sebelah utara candi prambanan
candi,Candi Singosari,-7.8877283,112.6638852,"Candi Singosari, Jalan Kertanegara, Rogonoto, Candirenggo, Kabupaten Malang, Jawa Timur, Jawa, 65153, Indonesia",Jawa Timur,Kabupaten Malang,"Candi Singosari, Kabupaten Malang, Jawa Timur",gambar_wisata/Candi_Singosari,singosari kecamatan utara kabupaten malang provinsi jawa timur indonesia kecamatan sebelah utara kota malang kecamatan dilintasi jalur utama surabaya malang
candi,Candi Sojiwan,-7.7608885,110.4961263,"Candi Sojiwan, Jalan Bendo, Kebondalem Kidul, Klaten, Jawa Tengah, Jawa, 57454, Indonesia",Jawa Tengah,Klaten,"Candi Sojiwan, Klaten, Jawa Tengah",gambar_wisata/Candi_Sojiwan,candi sojiwan candi sajiwan candi buddhis terletak desa kebon dalem kidul kecamatan prambanan kabupaten klaten jawa ciri khas candi relief kaki candi berhubungan cerita cerita pancatantra jataka india
candi,Candi Sukuh,-7.6273153,111.1315373,"Candi Sukuh, Jalur Pendakian Gunung Lawu via Tambak, Berjo, Karanganyar, Jawa Tengah, Jawa, Indonesia",Jawa Tengah,Karanganyar,"Candi Sukuh, Karanganyar, Jawa Tengah",gambar_wisata/Candi_Sukuh,candi sukuh dibangun kerajaan majapahit abad pemerintahan ratu suhita situs candi sukuh kali ditemukan johnson dibawah kepemimpinan jenderal raffles
candi,Candi Sumberawan,-7.8553522,112.6448149,"Kompleks Candi Sumberawan, Jalan Wisnu Wardhana, Pondokcandirenggoasri, Candirenggo, Kabupaten Malang, Jawa Timur, Jawa, 65153, Indonesia",Jawa Timur,Kabupaten Malang,"Candi Sumberawan, Kabupaten Malang, Jawa Timur",gambar_wisata/Candi_Sumberawan,candi sumberawan salah candi memiliki bentuk unik stupa berlokasi desa toyomarto kecamatan singosari kabupaten malang jawa timur jarak candi singosari
candi,Candi Tegowangi,-7.7349327,112.161192,"Candi Tegowangi, Jalan Dahlia, Puhjarak, Plemahan, Kabupaten Kediri, Jawa Timur, Jawa, 64155, Indonesia",Jawa Timur,Kabupaten Kediri,"Candi Tegowangi, Kabupaten Kediri, Jawa Timur",gambar_wisata/Candi_Tegowangi,candi tegowangi candi terletak desa tegowangi kecamatan plemahan kabupaten kediri jawa timur indonesia kitab pararaton candi pendharmaan bhre matahun
candi,Candi Tikus,-7.5716315,112.4035216,"Candi Tikus, Jalan Raya Gemekan-Gondang, Domas, Trowulan, Mojokerto, Jawa Timur, Jawa, 61362, Indonesia",Jawa Timur,Mojokerto,"Candi Tikus, Mojokerto, Jawa Timur",gambar_wisata/Candi_Tikus,candi tikus peninggalan kerajaan bercorak hindu terletak kompleks trowulan tepatnya dukuh dinuk desa temon kecamatan trowulan kabupaten mojokerto jawa timur nama tikus sebutan masyarakat
candi,Candi Wringin Lawang,-7.5419685,112.3909512,"Candi Wringin Lawang, Jalan Raya Trowulan, Jatipasar, Trowulan, Mojokerto, Jawa Timur, Jawa, 61362, Indonesia",Jawa Timur,Mojokerto,"Candi Wringin Lawang, Mojokerto, Jawa Timur",gambar_wisata/Candi_Wringin_Lawang,gapura wringinlawang gapura peninggalan kerajaan majapahit abad jatipasar kecamatan trowulan kabupaten mojokerto jawa timur indonesia bangunan terletak selatan jalan utama jatipasar
gunung,Gunung Agung,-8.3428923,115.5072076,"Gunung Agung, Kecamatan Bebandem, Karangasem, Bali, Nusa Tenggara, Indonesia",Bali,Karangasem,"Gunung Agung, Karangasem, Bali",gambar_wisata/Gunung_Agung,gunung agung gunung tertinggi pulau bali ketinggian mdpl gunung berapi terletak kecamatan rendang kabupaten karangasem bali indonesia
gunung,Gunung Arfak,-1.156944,133.9788709,"Arfak, Manokwari, Papua Barat, Western New Guinea, Indonesia",Papua Barat,Manokwari,"Gunung Arfak, Manokwari, Papua Barat",gambar_wisata/Gunung_Arfak,kabupaten manokwari kabupaten indonesia kota provinsi papua barat kabupaten memiliki luas wilayah berdasarkan data kementerian negeri penduduk kabupaten jiwa
gunung,Gunung Arjuno,-8.2219,112.7795,"Gunung Arjuno, Bumirejo, Kabupaten Malang, Jawa Timur, Jawa, 65181, Indonesia",Jawa Timur,Kabupaten Malang,"Gunung Arjuno, Kabupaten Malang, Jawa Timur",gambar_wisata/Gunung_Arjuno,gunung arjuno terkadang dieja gunung arjuna gunung berapi kerucut istirahat jawa timur indonesia ketinggian dpl gunung arjuno administratif terletak perbatasan kota batu kabupaten malang kabupaten pasuruan pengelolaan taman hutan raya raden soerjo
gunung,Gunung Batur,-8.2394154,115.3779603,"Gunung Batur, Bangli, Bali, Nusa Tenggara, Indonesia",Bali,Bangli,"Gunung Batur, Bangli, Bali",gambar_wisata/Gunung_Batur,gunung batur gunung berapi kerucut aktif kecamatan kintamani kabupaten bangli bali indonesia sisi tenggara kaldera berukuran berisi danau kaldera
gunung,Gunung Batutara,-7.7906463,123.5865811,"Gunung Batu Tara, Lembata, Nusa Tenggara Timur, Nusa Tenggara, Indonesia",Nusa Tenggara Timur,Lembata,"Gunung Batutara, Lembata, Nusa Tenggara Timur",gambar_wisata/Gunung_Batutara,gunung batutara gunung jenis stratovolcano terletak pulau komba laut flores jenis vegetasi menghiasi gunung batutara
gunung,Gunung Bawakaraeng,-4.5352463,120.3231088,"Jalan Gunung Bawakaraeng, Bone á¨á¨á¨á¨, Bukaka, Sulawesi Selatan, Sulawesi, 92712, Indonesia",Sulawesi Selatan,Sulawesi,"Gunung Bawakaraeng, Sulawesi, Sulawesi Selatan",gambar_wisata/Gunung_Bawakaraeng,sulawesi selatan diakronimkan sulsel lontara provinsi semenanjung selatan pulau sulawesi indonesia kepulauan selayar selatan pulau sulawesi provinsi
gunung,Gunung Betung,1.4,112.333333,"Gunung Betung, Embaloh Hulu, Kapuas Hulu, Kalimantan Barat, Kalimantan, Indonesia",Kalimantan Barat,Kapuas Hulu,"Gunung Betung, Kapuas Hulu, Kalimantan Barat",gambar_wisata/Gunung_Betung,gunung kelam gunung terletak kalimantan barat gunung memiliki tanaman endemik kantong semar spesies nepenthes clipeata
gunung,Gunung Binaiya,-3.1733546,129.4552073,"Gunung Binaiya, Maluku Tengah, Maluku, Indonesia",Maluku,Maluku Tengah,"Gunung Binaiya, Maluku Tengah, Maluku",gambar_wisata/Gunung_Binaiya,kabupaten maluku salah kabupaten provinsi maluku indonesia kota kabupaten terletak kecamatan kota masohi
gunung,Gunung Bromo,-7.9420691,112.9529769,"Gunung Bromo, Road to Bromo, Cemoro Lawang, Probolinggo, Jawa Timur, Jawa, 67254, Indonesia",Jawa Timur,Probolinggo,"Gunung Bromo, Probolinggo, Jawa Timur",gambar_wisata/Gunung_Bromo,gunung bromo bahasa tengger dieja brama kaldera tengger gunung berapi aktif jawa timur indonesia gunung memiliki ketinggian meter permukaan laut wilayah kabupaten kabupaten probolinggo kabupaten pasuruan kabupaten lumajang kabupaten malang
gunung,Gunung Burangrang,-6.7740399,107.5556983,"Gunung Burangrang, Purwakarta, Jawa Barat, Jawa, 40551, Indonesia",Jawa Barat,Purwakarta,"Gunung Burangrang, Purwakarta, Jawa Barat",gambar_wisata/Gunung_Burangrang,kabupaten purwakarta bahasa sunda wilayah kabupaten terletak provinsi jawa barat indonesia kota kabupaten kecamatan purwakarta kota
gunung,Gunung Ciremai,-6.8800193,108.4104831,"Taman Nasional Gunung Ciremai, Maniskidul, Kuningan, Jawa Barat, Jawa, Indonesia",Jawa Barat,Kuningan,"Gunung Ciremai, Kuningan, Jawa Barat",gambar_wisata/Gunung_Ciremai,gunung ceremai kali salah kaprah dinamakan ciremai latin gunung cerem gunung berapi kerucut administratif wilayah kabupaten kabupaten kuningan kabupaten cirebon provinsi jawa barat posisi geografis puncaknya terletak kordinat ketinggian meter permukaan laut
gunung,Gunung Dempo,-4.0155065,103.1279874,"Gunung Dempo, Tanjung Sakti Pumi, Lahat, Sumatera Selatan, Sumatera, Indonesia",Sumatera Selatan,Tanjung Sakti Pumi,"Gunung Dempo, Tanjung Sakti Pumi, Sumatera Selatan",gambar_wisata/Gunung_Dempo,tanjung sakti pumu kecamatan kabupaten lahat sumatera selatan indonesia kecamatan tanjung sakti pumu berjarak berkendara arah barat daya pusat kabupaten lahat
gunung,Gunung Egon,-8.6780954,122.4541256,"Gunung Egon, Sikka, Nusa Tenggara Timur, Nusa Tenggara, Indonesia",Nusa Tenggara Timur,Sikka,"Gunung Egon, Sikka, Nusa Tenggara Timur",gambar_wisata/Gunung_Egon,gunung egon gunung berapi terletak kabupaten sikka pulau flores provinsi nusa tenggara timur indonesia gunung memiliki meter permukaan laut
gunung,Gunung Galunggung,-7.2561523,108.0760925,"Gunung Galunggung, Linggajati, Tasikmalaya, Jawa Barat, Jawa, Indonesia",Jawa Barat,Tasikmalaya,"Gunung Galunggung, Tasikmalaya, Jawa Barat",gambar_wisata/Gunung_Galunggung,gunung galunggung aksara sunda baku gunung api ketinggian meter permukaan laut puncak tertingginya puncak beuti canar memiliki ketinggian mdpl gunung terletak pusat kota tasikmalaya jawa barat
gunung,Gunung Gamalama,0.8098795,127.3323425,"Gunung Gamalama, Ternate, Maluku Utara, Maluku, Indonesia",Maluku Utara,Ternate,"Gunung Gamalama, Ternate, Maluku Utara",gambar_wisata/Gunung_Gamalama,gunung gamalama gunung berapi kerucut pulau ternate kepulauan maluku indonesia pulau pesisir barat pulau halmahera utara kepulauan maluku
gunung,Gunung Gede,-6.7878411,106.9817166,"Gunung Gede, Cianjur, Jawa Barat, Jawa, Indonesia",Jawa Barat,Cianjur,"Gunung Gede, Cianjur, Jawa Barat",gambar_wisata/Gunung_Gede,gunung gede aksara sunda baku gunung ged gunung gemuruh bahasa belanda blaauwberg gunung berapi kerucut tipe barat pulau jawa indonesia gunung gede ruang lingkup taman nasional gede pangrango salah taman nasional kali diumumkan indonesia
gunung,Gunung Gede Pangrango,-6.7752118,106.9311234,"Taman Nasional Gunung Gede Pangrango, Kadudampit, Megamendung, Kab Sukabumi, Jawa Barat, Jawa, Indonesia",Jawa Barat,Kab Sukabumi,"Gunung Gede Pangrango, Kab Sukabumi, Jawa Barat",gambar_wisata/Gunung_Gede_Pangrango,gunung salak aksara sunda baku kompleks gunung berapi tua terletak selatan jakarta pulau jawa kawasan rangkaian gunung wilayah kabupaten sukabumi kabupaten bogor jawa barat
gunung,Gunung Guntur,-6.7477791,108.5598827,"Jalan Gunung Guntur D. 15, Kecapi, Harjamukti, Kota Cirebon, Jawa Barat, Jawa, 45142, Indonesia",Jawa Barat,Kota Cirebon,"Gunung Guntur, Kota Cirebon, Jawa Barat",gambar_wisata/Gunung_Guntur,gunung ceremai kali salah kaprah dinamakan ciremai latin gunung cerem gunung berapi kerucut administratif wilayah kabupaten kabupaten kuningan kabupaten cirebon provinsi jawa barat posisi geografis puncaknya terletak kordinat ketinggian meter permukaan laut
gunung,Gunung Halimun Salak National Park,-6.7417746,106.4540374,"Taman Nasional Gunung Halimun-Salak, Lebak, Banten, Jawa, 16696, Indonesia",Banten,Lebak,"Gunung Halimun Salak National Park, Lebak, Banten",gambar_wisata/Gunung_Halimun_Salak_National_Park,taman nasional gunung halimun salak tnghs salah taman nasional terletak jawa barat kawasan konservasi luas hektare melindungi hutan hujan dataran rendah terluas daerah wilayah tangkapan air kabupaten kabupaten sekelilingnya
gunung,Gunung Ijen,-8.0579332,114.2430975,"Gunung Ijen, Banyuwangi, Jawa Timur, Jawa, Indonesia",Jawa Timur,Banyuwangi,"Gunung Ijen, Banyuwangi, Jawa Timur",gambar_wisata/Gunung_Ijen,gunung merapi meter dpl gunung api istirahat terletak jawa timur indonesia posisinya kabupaten kabupaten banyuwangi kabupaten bondowoso
gunung,Gunung Ile Ape,-8.2727646,123.5067385,"Gunung Lewotolo, Lembata, Nusa Tenggara Timur, Nusa Tenggara, Indonesia",Nusa Tenggara Timur,Lembata,"Gunung Ile Ape, Lembata, Nusa Tenggara Timur",gambar_wisata/Gunung_Ile_Ape,provinsi nusa tenggara timur kabupaten kotamadya kecamatan kelurahan desa
gunung,Gunung Inerie,-8.8781,120.9543,"Keli Inerie, Ngada, Nusa Tenggara Timur, Nusa Tenggara, Indonesia",Nusa Tenggara Timur,Ngada,"Gunung Inerie, Ngada, Nusa Tenggara Timur",gambar_wisata/Gunung_Inerie,kabupaten ngada kabupaten pulau flores provinsi nusa tenggara timur indonesia kota kabupaten bajawa
gunung,Gunung Kaba,4.133333,116.183333,"Gunung Kaba, Nunukan, Kalimantan Utara, Kalimantan, Indonesia",Kalimantan Utara,Nunukan,"Gunung Kaba, Nunukan, Kalimantan Utara",gambar_wisata/Gunung_Kaba,gunung harun gunung kawasan taman nasional kayan mentarang kecamatan krayan kabupaten nunukan provinsi kalimantan utara puncaknya kali dicapai mahasiswa mahasiswa kota tarakan tergabung ukm ikatan mahasiswa pecinta alam universitas borneo tarakan impa
gunung,Gunung Karacak,-7.2692,107.9719,"Gunung Karacak, Garut, Jawa Barat, Jawa, Indonesia",Jawa Barat,Garut,"Gunung Karacak, Garut, Jawa Barat",gambar_wisata/Gunung_Karacak,gunung cikuray cikurai aksara sunda baku gunung bertipe stratovolcano terletak dayeuhmanggung kabupaten garut jawa barat indonesia gunung cikuray ketinggian meter permukaan laut kawah aktif gunung tertinggi keempat jawa barat gunung ciremai gunung pangrango gunung gede
gunung,Gunung Karang,-6.2731994,106.0468065,"Gunung Karang, Pandeglang, Banten, Jawa, Indonesia",Banten,Pandeglang,"Gunung Karang, Pandeglang, Banten",gambar_wisata/Gunung_Karang,gunung karang gunung berapi kerucut tipe istirahat terletak kabupaten pandeglang banten indonesia gunung masuk kedalam kelompok stratovolcano memiliki potensi meletus
gunung,Gunung Kelimutu,-8.7651702,121.8133427,"Gunung Kelimutu, Ende, Nusa Tenggara Timur, Nusa Tenggara, Indonesia",Nusa Tenggara Timur,Ende,"Gunung Kelimutu, Ende, Nusa Tenggara Timur",gambar_wisata/Gunung_Kelimutu,nusa tenggara timur disingkat ntt provinsi indonesia meliputi timur kepulauan nusa tenggara kota nusa tenggara timur kota kupang
gunung,Gunung Kelud,-7.9389217,112.3052492,"Gunung Kelud, Blitar, Jawa Timur, Jawa, Indonesia",Jawa Timur,Blitar,"Gunung Kelud, Blitar, Jawa Timur",gambar_wisata/Gunung_Kelud,gunung kelud aksara jawa gunung berapi jawa timur tergolong aktif gunung perbatasan kabupaten kediri kabupaten blitar kabupaten malang
gunung,Gunung Kerinci,-1.6971814,101.2646538,"Gunung Kerinci, Kerinci, Jambi, Sumatera, Indonesia",Jambi,Kerinci,"Gunung Kerinci, Kerinci, Jambi",gambar_wisata/Gunung_Kerinci,gunung kerinci dieja kerintji gunung tertinggi pulau sumatra gunung berapi tertinggi indonesia asia tenggara gunung kerinci terletak perbatasan kabupaten kerinci jambi kabupaten solok selatan sumatera barat pegunungan bukit barisan ketinggian mdpl
gunung,Gunung Klabat,1.4530396,125.0312101,"Gunung Klabat, Klabat, Minahasa Utara, Sulawesi Utara, Sulawesi, Indonesia",Sulawesi Utara,Minahasa Utara,"Gunung Klabat, Minahasa Utara, Sulawesi Utara",gambar_wisata/Gunung_Klabat,gunung klabat gunung tertinggi provinsi sulawesi utara puncak ketinggiannya mencapai mdpl
gunung,Gunung Krakatau,-6.1996194,106.9260011,"Jalan Gunung Krakatau V, RW 05, Jatinegara, Cakung, Jakarta Timur, Daerah Khusus ibukota Jakarta, Jawa, 13940, Indonesia",Jawa Timur,Jakarta Timur,"Gunung Krakatau, Jakarta Timur, nan",gambar_wisata/Gunung_Krakatau,gunung pasaman gunung terletak kabupaten pasaman barat provinsi sumatera barat berdampingan gunung talamau gunung tipe gunung api aktif dikenal nama puncak rajo imbang langik diambil nama raja berkuasa daerah zaman
gunung,Gunung Latimojong,-3.3786177,120.3047851,"Jalan Gunung Latimojong, Luwu, Balla, Sulawesi Selatan, Sulawesi, Indonesia",Sulawesi Selatan,Sulawesi,"Gunung Latimojong, Sulawesi, Sulawesi Selatan",gambar_wisata/Gunung_Latimojong,gunung latimojong nama gunung kab enrekang sulawesi selatan indonesia gunung latimojong sulawesi selatan
gunung,Gunung Lawu,-7.627382,111.1943158,"Gunung Lawu, Karanganyar, Jawa Tengah, Jawa, Indonesia",Jawa Tengah,Karanganyar,"Gunung Lawu, Karanganyar, Jawa Tengah",gambar_wisata/Gunung_Lawu,gunung lawu hanacaraka gunung berapi aktif terletak pulau jawa tepatnya perbatasan jawa jawa timur indonesia gunung lawu memiliki ketinggian mdpl
gunung,Gunung Leuser,3.7414545,97.1551334,"Gunung Leuser, Kuta Panjang, Gayo Lues, Aceh, Sumatera, Indonesia",Aceh,Gayo Lues,"Gunung Leuser, Gayo Lues, Aceh",gambar_wisata/Gunung_Leuser,gunung leuser salah puncak puncak pegunungan leuser ketinggiannya terletak sebelah tenggara aceh gunung leuser terletak taman nasional gunung leuser mengambil nama gunung namanya
gunung,Gunung Lokon,1.3641984,124.7992274,"Gunung Lokon, Tomohon, Sulawesi Utara, Sulawesi, 95415, Indonesia",Sulawesi Utara,Tomohon,"Gunung Lokon, Tomohon, Sulawesi Utara",gambar_wisata/Gunung_Lokon,gunung lokon gunung berapi kota tomohon provinsi sulawesi utara gunung memiliki ketinggian permukaan laut
gunung,Gunung Lompobattang,-3.5611708,119.7801217,"Jalan Gunung Lompobattang, Aufaa Residence 4, Galonta, Enrekang, Sulawesi Selatan, Sulawesi, 91711, Indonesia",Sulawesi Selatan,Sulawesi,"Gunung Lompobattang, Sulawesi, Sulawesi Selatan",gambar_wisata/Gunung_Lompobattang,gunung lompobattang terletak kabupaten bantaeng sulawesi selatan indonesia gunung berdekatan gunung bawakaraeng
gunung,Gunung Mahawu,1.3531645,124.8628914,"Gunung Mahawu, Tomohon, Sulawesi Utara, Sulawesi, 95449, Indonesia",Sulawesi Utara,Tomohon,"Gunung Mahawu, Tomohon, Sulawesi Utara",gambar_wisata/Gunung_Mahawu,gunung mahawu gunung berapi stratovolcano terletak timur gunung berapi gunung lokon gunung empung sulawesi utara indonesia kejauhan pulau manado tua pulau pulau terapung laut sulawesi luas
gunung,Gunung Mandala,-7.262743,109.6908084,"Gunung Mandala, mandala, Banjarnegara, Jawa Tengah, Jawa, Indonesia",Jawa Tengah,Banjarnegara,"Gunung Mandala, Banjarnegara, Jawa Tengah",gambar_wisata/Gunung_Mandala,jawa diakronimkan jateng wilayah provinsi indonesia terletak pulau jawa kota provinsi jawa kota semarang
gunung,Gunung Manglayang,-6.8810787,107.7357178,"Jalur Pendakian Gunung Manglayang via Palintang, Cilengkrang, Kabupaten Bandung, Jawa Barat, Jawa, 40616, Indonesia",Jawa Barat,Kabupaten Bandung,"Gunung Manglayang, Kabupaten Bandung, Jawa Barat",gambar_wisata/Gunung_Manglayang,gunung manglayang aksara sunda baku gunung berapi kerucut non aktif terletak kota bandung kabupaten sumedang jawa barat indonesia memiliki ketinggian mdpl pemandangannya indah gunung relatif dikenal pendaki pendaki gunung
gunung,Gunung Masurai,-2.4981564,101.9168192,"Gunung Masurai, Merangin, Jambi, Sumatera, Indonesia",Jambi,Merangin,"Gunung Masurai, Merangin, Jambi",gambar_wisata/Gunung_Masurai,gunung masurai gunung pulau sumatra indonesia gunung aktif administatif terletak wilayah kecamatan kabupaten merangin jambi kecamatan lembah masurai jangkat sungai tenang
gunung,Gunung Merapi,-7.5412887,110.4462006,"Gunung Merapi, Hargobinangun, Pakem, Sleman, Daerah Istimewa Yogyakarta, Jawa, Indonesia",Daerah Istimewa Yogyakarta,Hargobinangun,"Gunung Merapi, Hargobinangun, Daerah Istimewa Yogyakarta",gambar_wisata/Gunung_Merapi,sleman bahasa jawa translit man pelafalan bahasa indonesia leman wilayah kabupaten terletak provinsi daerah istimewa yogyakarta indonesia
gunung,Gunung Meratus,-0.4213539,116.9809166,"Jalan Gunung Meratus, Melayu, Kutai Kartanegara, Kalimantan Timur, Kalimantan, 75513, Indonesia",Kalimantan Timur,Kutai Kartanegara,"Gunung Meratus, Kutai Kartanegara, Kalimantan Timur",gambar_wisata/Gunung_Meratus,kalimantan timur provinsi pulau kalimantan indonesia luas total kalimantan timur
gunung,Gunung Merbabu,-7.4524377,110.4408198,"Gunung Merbabu, Boyolali, Jawa Tengah, Jawa, Indonesia",Jawa Tengah,Boyolali,"Gunung Merbabu, Boyolali, Jawa Tengah",gambar_wisata/Gunung_Merbabu,gunung merbabu hanacaraka gunung api bertipe stratovulcano terletak geografis administratif gunung wilayah kabupaten magelang lereng sebelah barat kabupaten boyolali lereng sebelah timur selatan kabupaten semarang lereng sebelah utara provinsi jawa gunung merbabu dikenal naskah naskah pra islam gunung damalung gunung pam rihan lerengnya pertapaan terkenal disinggahi bujangga manik abad etimologi merbabu berasal gabungan meru gunung abu abu
gunung,Gunung Nona,-5.1443205,119.4230627,"Jalan Gunung Nona Baru, Maradekaya, Makassar, Sulawesi Selatan, Sulawesi, 90141, Indonesia",Sulawesi Selatan,Makassar,"Gunung Nona, Makassar, Sulawesi Selatan",gambar_wisata/Gunung_Nona,gunung buttu buntu kabobong gunung nona gunung sudut pandang terbaik bambapuang administratif terletak desa rossoan enrekang kecamatan enrekang kabupaten enrekang gunung kota enrekang kota kabupaten enrekang arah utara kota makassar
gunung,Gunung Palung National Park,-1.2137375,110.2375269,"Taman Nasional Gunung Palung, Kayong Utara, Kalimantan Barat, Kalimantan, Indonesia",Kalimantan Barat,Kayong Utara,"Gunung Palung National Park, Kayong Utara, Kalimantan Barat",gambar_wisata/Gunung_Palung_National_Park,taman nasional gunung palung tngp taman nasional terletak kabupaten kayong utara kabupaten ketapang kalimantan barat
gunung,Gunung Pangrango,-6.7698136,106.9640294,"Gunung Pangrango, Kab Sukabumi, Jawa Barat, Jawa, Indonesia",Jawa Barat,Kab Sukabumi,"Gunung Pangrango, Kab Sukabumi, Jawa Barat",gambar_wisata/Gunung_Pangrango,gunung salak aksara sunda baku kompleks gunung berapi tua terletak selatan jakarta pulau jawa kawasan rangkaian gunung wilayah kabupaten sukabumi kabupaten bogor jawa barat
gunung,Gunung Papandayan,-6.3264787,108.3338984,"Gunung Papandayan, Indramayu, Jawa Barat, Jawa, 45211, Indonesia",Jawa Barat,Indramayu,"Gunung Papandayan, Indramayu, Jawa Barat",gambar_wisata/Gunung_Papandayan,kereta api ciremai layanan kereta api penumpang kelas eksekutif ekonomi dioperasikan kereta api indonesia persero melayani relasi semarang tawang bandung lintas utara jawa via cikampek tegal nama ciremai diambil gunung berapi aktif tertinggi jawa barat berbatasan kabupaten kuningan majalengka bernama gunung ceremai letak stasiun cirebon salah stasiun pemberhentian kereta api
gunung,Gunung Patuha,-7.1610219,107.4000215,"Gunung Patuha, Kabupaten Bandung, Jawa Barat, Jawa, 40973, Indonesia",Jawa Barat,Kabupaten Bandung,"Gunung Patuha, Kabupaten Bandung, Jawa Barat",gambar_wisata/Gunung_Patuha,gunung patuha bahasa sunda translit gunung patuha gunung rancabali ciwidey kabupaten bandung jawa barat memiliki ketinggian meter
gunung,Gunung Puncak Jaya,-4.2065192,138.5976675,"Gambu, Lanny Jaya, Papua Pegunungan, Western New Guinea, Indonesia",Papua Pegunungan,Lanny Jaya,"Gunung Puncak Jaya, Lanny Jaya, Papua Pegunungan",gambar_wisata/Gunung_Puncak_Jaya,papua pegunungan provinsi indonesia kota berkedudukan kabupaten jayawijaya tepatnya perbatasan walesi wouma papua pegunungan dimekarkan provinsi papua provinsi papua selatan papua juni berdasarkan undang undang nomor
gunung,Gunung Putri Lembang,-6.795556,107.635833,"Gunung Putri, Lembang, Bandung Barat, Jawa Barat, Jawa, 40931, Indonesia",Jawa Barat,Bandung Barat,"Gunung Putri Lembang, Bandung Barat, Jawa Barat",gambar_wisata/Gunung_Putri_Lembang,jawa barat diakronimkan jabar provinsi terletak pulau jawa indonesia provinsi beribu kota kota bandung
gunung,Gunung Rajabasa,-5.7815291,105.6273999,"Gunung Rajabasa, Lampung Selatan, Lampung, Sumatera, 35592, Indonesia",Lampung,Lampung Selatan,"Gunung Rajabasa, Lampung Selatan, Lampung",gambar_wisata/Gunung_Rajabasa,gunung rajabasa abung gunung berapi kerucut vulkanik selat sunda tenggara sumatra terletak kabupaten lampung selatan provinsi lampung memiliki puncak kawah lebar meter daratan berawa gunung berapi diselimuti vegetasi
gunung,Gunung Raung,-8.119636,114.055025,"Gunung Raung, Bondowoso, Jawa Timur, Jawa, Indonesia",Jawa Timur,Bondowoso,"Gunung Raung, Bondowoso, Jawa Timur",gambar_wisata/Gunung_Raung,gunung raung gunung berapi kerucut terletak ujung timur pulau jawa indonesia administratif kawasan gunung wilayah kabupaten wilayah besuki jawa timur banyuwangi bondowoso jember
gunung,Gunung Raya,0.866667,109.066667,"Gunung Raya, Singkawang, Kalimantan Barat, Kalimantan, Indonesia",Kalimantan Barat,Singkawang,"Gunung Raya, Singkawang, Kalimantan Barat",gambar_wisata/Gunung_Raya,kota singkawang sakawokng bahasa dayak salako san khew jong bahasa hakka kota terletak provinsi kalimantan barat indonesia kota terletak sebelah utara kota provinsi kota pontianak dikelilingi pegunungan pasi poteng sakkok
gunung,Gunung Rinjani,-8.4117272,116.4581059,"Rinjani, Lombok Timur, Nusa Tenggara Barat, Nusa Tenggara, Indonesia",Nusa Tenggara Barat,Daerah Khusus ibukota Jakarta,"Gunung Rinjani, nan, Nusa Tenggara Barat",gambar_wisata/Gunung_Rinjani,tetebatu desa wilayah kecamatan sikur kabupaten lombok timur provinsi nusa tenggara barat indonesia desa wisata tetebatu desa wisata tetebatu wilayah kecamatan sikur kabupaten lombok timur provinsi nusa tenggara barat jarak tempuh jam kota mataram
gunung,Gunung Salak,-6.7136069,106.7385402,"Gunung Salak, Tamansari, Kab Bogor, Jawa Barat, Jawa, Indonesia",Jawa Barat,Kab Bogor,"Gunung Salak, Kab Bogor, Jawa Barat",gambar_wisata/Gunung_Salak,gunung salak aksara sunda baku kompleks gunung berapi tua terletak selatan jakarta pulau jawa kawasan rangkaian gunung wilayah kabupaten sukabumi kabupaten bogor jawa barat
gunung,Gunung Semeru,-8.1078426,112.92248,"Gunung Semeru, Lumajang, Jawa Timur, Jawa, Indonesia",Jawa Timur,Lumajang,"Gunung Semeru, Lumajang, Jawa Timur",gambar_wisata/Gunung_Semeru,gunung semeru gunung meru gunung berapi kerucut jawa timur indonesia gunung semeru gunung tertinggi pulau jawa puncaknya mahameru meter permukaan laut mdpl
gunung,Gunung Sibayak,3.2393517,98.5047584,"Gunung Sibayak, Karo, Sumatera Utara, Sumatera, 22156, Indonesia",Sumatera Utara,Karo,"Gunung Sibayak, Karo, Sumatera Utara",gambar_wisata/Gunung_Sibayak,gunung sibayak bahasa batak karo deleng sibayak gunung kabupaten karo sumatera utara masyarakat karo menyebut gunung sibayak sebutan gunung raja
gunung,Gunung Sinabung,3.1709534,98.3920481,"Gunung Sinabung, Karo, Sumatera Utara, Sumatera, Indonesia",Sumatera Utara,Karo,"Gunung Sinabung, Karo, Sumatera Utara",gambar_wisata/Gunung_Sinabung,gunung sinabung bahasa batak karo deleng sinabung gunung api dataran karo kabupaten karo sumatera utara indonesia sinabung gunung sibayak dekatnya gunung berapi aktif sumatera utara puncak tertinggi provinsi sumatera utara gunung sibuatan
gunung,Gunung Sindoro,-7.3011387,109.9966992,"Gunung Sindoro, Wonosobo, Jawa Tengah, Jawa, Indonesia",Jawa Tengah,Wonosobo,"Gunung Sindoro, Wonosobo, Jawa Tengah",gambar_wisata/Gunung_Sindoro,gunung sindoro gunung sundoro puncak ketinggian mdpl bahasa jawa translit gunung sundara gunung stratovolcano aktif terletak jawa indonesia temanggung kota terdekat
gunung,Gunung Slamet,-7.2414693,109.2149699,"Gunung Slamet, Pemalang, Jawa Tengah, Jawa, Indonesia",Jawa Tengah,Pemalang,"Gunung Slamet, Pemalang, Jawa Tengah",gambar_wisata/Gunung_Slamet,jawa diakronimkan jateng wilayah provinsi indonesia terletak pulau jawa kota provinsi jawa kota semarang
gunung,Gunung Soputan,1.121651,124.741586,"Gunung Soputan, Minahasa, Sulawesi Utara, Sulawesi, Indonesia",Sulawesi Utara,Sulawesi,"Gunung Soputan, Sulawesi, Sulawesi Utara",gambar_wisata/Gunung_Soputan,sulawesi utara disingkat sulut salah provinsi terletak ujung utara pulau sulawesi indonesia kota terletak kota manado sulawesi utara sulut berbatasan laut maluku samudra pasifik sebelah timur laut maluku teluk tomini sebelah selatan laut sulawesi provinsi gorontalo sebelah barat provinsi davao occidental sebelah utara
gunung,Gunung Sumbing,-7.3818933,110.0758185,"Gunung Sumbing, Temanggung, Jawa Tengah, Jawa, Indonesia",Jawa Tengah,Temanggung,"Gunung Sumbing, Temanggung, Jawa Tengah",gambar_wisata/Gunung_Sumbing,gunung sumbing ketinggian puncak mdpl gunung berapi kerucut jawa indonesia gunung sumbing gunung tertinggi ketiga pulau jawa gunung semeru gunung slamet
gunung,Gunung Talang,-0.9781239,100.6820609,"Gunung Talang, Solok, Sumatera Barat, Sumatera, Indonesia",Sumatera Barat,Solok,"Gunung Talang, Solok, Sumatera Barat",gambar_wisata/Gunung_Talang,gunuang talang kecamatan kabupaten solok sumatera barat pusat pemerintahan kecamatan nagari talang
gunung,Gunung Tambora,-8.2466913,117.9584724,"Gunung Tambora, Bima, Nusa Tenggara Barat, Nusa Tenggara, Indonesia",Nusa Tenggara Barat,Daerah Khusus ibukota Jakarta,"Gunung Tambora, nan, Nusa Tenggara Barat",gambar_wisata/Gunung_Tambora,gunung pasaman gunung terletak kabupaten pasaman barat provinsi sumatera barat berdampingan gunung talamau gunung tipe gunung api aktif dikenal nama puncak rajo imbang langik diambil nama raja berkuasa daerah zaman
gunung,Gunung Tambrauw,-1.0278609,132.5288679,"Gunung Kabek, Tambrauw, Papua Barat Daya, Western New Guinea, Indonesia",Papua Barat Daya,Tambrauw,"Gunung Tambrauw, Tambrauw, Papua Barat Daya",gambar_wisata/Gunung_Tambrauw,kabupaten tambrauw salah kabupaten provinsi papua barat daya indonesia terbentuk pusat pemerintahan ibukota fef
gunung,Gunung Tampomas,-6.7637152,107.9605847,"Gunung Tampomas, Sumedang, Jawa Barat, Jawa, Indonesia",Jawa Barat,Sumedang,"Gunung Tampomas, Sumedang, Jawa Barat",gambar_wisata/Gunung_Tampomas,tampomas aksara sunda baku gunung berapi andesit terletak jawa barat tepatnya sebelah utara kawasan perkotaan sumedang stratovolkano ketinggian meter permukaan laut memiliki aliran lava aktif sisi timur lerengnya
gunung,Gunung Ternate,0.8098795,127.3323425,"Gunung Gamalama, Ternate, Maluku Utara, Maluku, Indonesia",Maluku Utara,Ternate,"Gunung Ternate, Ternate, Maluku Utara",gambar_wisata/Gunung_Ternate,kesultanan ternate dikenal kerajaan gapi salah kerajaan islam kepulauan maluku salah kerajaan islam tertua nusantara didirikan baab mashur malamo
gunung,Gunung Tilu,-7.533333,107.933333,"Gunung Tilu, Garut, Jawa Barat, Jawa, Indonesia",Jawa Barat,Garut,"Gunung Tilu, Garut, Jawa Barat",gambar_wisata/Gunung_Tilu,gunung cikuray cikurai aksara sunda baku gunung bertipe stratovolcano terletak dayeuhmanggung kabupaten garut jawa barat indonesia gunung cikuray ketinggian meter permukaan laut kawah aktif gunung tertinggi keempat jawa barat gunung ciremai gunung pangrango gunung gede
gunung,Gunung Welirang,-7.7326,112.5747,"Gunung Welirang, Pacet, Mojokerto, Jawa Timur, Jawa, Indonesia",Jawa Timur,Mojokerto,"Gunung Welirang, Mojokerto, Jawa Timur",gambar_wisata/Gunung_Welirang,gunung welirang gunung berapi aktif ketinggian mdpl administratif terletak perbatasan kota batu kabupaten pasuruan kabupaten mojokerto jawa timur indonesia gunung welirang pengelolaan taman hutan raya raden soerjo
gunung,Gunung Wilis,-7.820585,111.7571632,"Gunung Wilis, Ponorogo, Jawa Timur, Jawa, Indonesia",Jawa Timur,Ponorogo,"Gunung Wilis, Ponorogo, Jawa Timur",gambar_wisata/Gunung_Wilis,gunung wilis pegunungan wilis gunung berapi tipe aktif terletak jawa timur indonesia pegunungan wilis gabungan puncak gunung salah satunya tertinggi bernama puncak trogati ketinggian meter permukaan laut mdpl pegunungan wilis wilayah enam kabupaten kabupaten kediri kabupaten tulungagung kabupaten nganjuk kabupaten madiun kabupaten ponorogo kabupaten trenggalek
kebun binatang,Bali Bird Park,-8.6001941,115.2509922,"Bali Bird Park, Jalan Piakan I, Singapadu, Gianyar, Bali, Nusa Tenggara, 80238, Indonesia",Bali,Gianyar,"Bali Bird Park, Gianyar, Bali",gambar_wisata/Bali_Bird_Park,kabupaten gianyar bahasa bali aksara bali translit gya wilayah kabupaten terletak provinsi bali indonesia
kebun binatang,Bali Zoo,-8.5912841,115.2645589,"Bali Zoo, Jalan Jaga Raga, Singapadu, Gianyar, Bali, Nusa Tenggara, 80582, Indonesia",Bali,Gianyar,"Bali Zoo, Gianyar, Bali",gambar_wisata/Bali_Zoo,kabupaten gianyar bahasa bali aksara bali translit gya wilayah kabupaten terletak provinsi bali indonesia
kebun binatang,Kebun Binatang Bandung,-6.8911349,107.6069181,"Kebun Binatang Bandung, 6, Jalan Taman Sari, Taman Utara, Lebak Siliwangi, Coblong, Kota Bandung, Jawa Barat, Jawa, 40131, Indonesia",Jawa Barat,Kota Bandung,"Kebun Binatang Bandung, Kota Bandung, Jawa Barat",gambar_wisata/Kebun_Binatang_Bandung,kota bandung bahasa sunda pegon hanzi translit bandung pelafalan bahasa indonesia ban kota kota provinsi provinsi jawa barat indonesia
kebun binatang,Kebun Binatang Gembira Loka,-7.8055166,110.3970178,"Kebun Binatang Gembira Loka, 2, Jalan Kebun Raya, Rejowinangun, Kotagede, Kota Yogyakarta, Daerah Istimewa Yogyakarta, Jawa, 55171, Indonesia",Daerah Istimewa Yogyakarta,Kota Yogyakarta,"Kebun Binatang Gembira Loka, Kota Yogyakarta, Daerah Istimewa Yogyakarta",gambar_wisata/Kebun_Binatang_Gembira_Loka,kota yogyakarta bahasa jawa translit ngayogyakarta pengucapan bahasa jawa ajogj kart dikenal masyarakat sebutan nama yogya jogja kota pusat pemerintahan perekonomian provinsi daerah istimewa yogyakarta indonesia
kebun binatang,Kebun Binatang Kaltim Samarinda,-0.4469975,117.2089424,"Kebun Binatang Mini, Samarinda Bontang Road, Tanah Merah, Samarinda Utara, Samarinda, Kalimantan Timur, Kalimantan, 75118, Indonesia",Kalimantan Timur,Samarinda,"Kebun Binatang Kaltim Samarinda, Samarinda, Kalimantan Timur",gambar_wisata/Kebun_Binatang_Kaltim_Samarinda,samarinda kota kota provinsi provinsi kalimantan timur indonesia kota kota penduduk terbesar pulau kalimantan penduduk jiwa
kebun binatang,Kebun Binatang Medan,3.482373,98.6445839,"Kebun Binatang Medan, Namo Mbelin, Deli Serdang, Sumatera Utara, Sumatera, Indonesia",Sumatera Utara,Deli Serdang,"Kebun Binatang Medan, Deli Serdang, Sumatera Utara",gambar_wisata/Kebun_Binatang_Medan,medan tuntungan salah kecamatan kecamatan wilayah kota medan provinsi sumatera utara indonesia kecamatan medan tuntungan berbatasan kabupaten deli serdang sebelah barat selatan kecamatan medan johor sebelah timur kecamatan medan selayang sebelah utara
kebun binatang,Kebun Binatang Medan Zoo,3.482373,98.6445839,"Kebun Binatang Medan, Namo Mbelin, Deli Serdang, Sumatera Utara, Sumatera, Indonesia",Sumatera Utara,Deli Serdang,"Kebun Binatang Medan Zoo, Deli Serdang, Sumatera Utara",gambar_wisata/Kebun_Binatang_Medan_Zoo,silakan kunjungi pariwisata indonesia informasi lengkap
kebun binatang,Kebun Binatang Surabaya,-7.2957723,112.7358105,"Kebun Binatang Surabaya, 1, Jalan Setail, RW 05, Darmo, Wonokromo, Surabaya, Jawa Timur, Jawa, 60421, Indonesia",Jawa Timur,Surabaya,"Kebun Binatang Surabaya, Surabaya, Jawa Timur",gambar_wisata/Kebun_Binatang_Surabaya,kebun binatang surabaya dialek arekan kebon binatang suroboyo disingkat kbs salah kebun binatang populer indonesia terletak surabaya kbs kebun binatang terlengkap asia tenggara dalamnya spesies satwa berbeda ekor satwa
kebun binatang,Monkey Forest Ubud,-8.5187858,115.2608458,"Monkey Forest Ubud, Monkey Forest, Ubud, Kecamatan Ubud, Gianyar, Bali, Nusa Tenggara, 80571, Indonesia",Bali,Gianyar,"Monkey Forest Ubud, Gianyar, Bali",gambar_wisata/Monkey_Forest_Ubud,kecamatan ubud aksara bali kecamatan kabupaten gianyar provinsi bali indonesia luasnya ubud terkenal wisatawan mancanegaranya
kebun binatang,Sacred Monkey Forest Sanctuary,-8.5187349,115.2583202,"Mandala Wisata Wenara Wana, Ubud, Kecamatan Ubud, Gianyar, Bali, Nusa Tenggara, 80571, Indonesia",Bali,Gianyar,"Sacred Monkey Forest Sanctuary, Gianyar, Bali",gambar_wisata/Sacred_Monkey_Forest_Sanctuary,pura dalem agung padangtegal salah pura hindu berlokasi suaka hutan kera suci bernama ubud monkey forest kompleks mandala wisata wenara wana padangtegal kecamatan ubud kabupaten gianyar provinsi bali indonesia kuil utama pura dalem agung padangtegal terletak barat daya kawasan hutan kera ubud menyembah dewa hyang widhi personifikasi dewa siwa
kebun binatang,Taman Margasatwa dan Budaya Kinantan,-0.3006639,100.3698926,"Bukittinggi Kinantan Zoo, Kampuang Cino, Benteng Pasa Ateh, Bukittinggi, Sumatera Barat, Sumatera, Indonesia",Sumatera Barat,Bukittinggi,"Taman Margasatwa dan Budaya Kinantan, Bukittinggi, Sumatera Barat",gambar_wisata/Taman_Margasatwa_dan_Budaya_Kinantan,taman margasatwa budaya kinantan dikenal nama kebun binatang bukittinggi terletak bukit cubadak bungkuak bukittinggi sumatera barat indonesia kebun binatang salah kebun binatang tertua indonesia satunya sumatera barat koleksi hewan terlengkap pulau sumatra
kebun binatang,Taman Margasatwa Semarang,-6.9703808,110.2885067,"Taman Margasatwa Semarang, Jalan Jenderal Urip Sumoharjo, RW 01, Wonosari, Ngaliyan, Kota Semarang, Kendal, Jawa Tengah, Jawa, 51372, Indonesia",Jawa Tengah,Kota Semarang,"Taman Margasatwa Semarang, Kota Semarang, Jawa Tengah",gambar_wisata/Taman_Margasatwa_Semarang,jawa timur diakronimkan jatim wilayah provinsi terletak timur pulau jawa indonesia kotanya kota surabaya
kebun binatang,Taman Satwa Banjarmasin,-3.3080067,114.6033845,"Taman Satwa Banjarmasin Bungas, Jalan Jahri Saleh, Sungai Jingah, Banjarmasin Utara, Banjarmasin, Kalimantan Selatan, Kalimantan, 70121, Indonesia",Kalimantan Selatan,Banjarmasin,"Taman Satwa Banjarmasin, Banjarmasin, Kalimantan Selatan",gambar_wisata/Taman_Satwa_Banjarmasin,kalimantan selatan provinsi pulau kalimantan indonesia maret kota provinsi resmi dipindah kota banjarbaru menggantikan kota banjarmasin
lembah,Lembah Anai Sumatera Barat,-0.4834651,100.3381845,"Lembah Anai, X Koto, Tanah Datar, Sumatera Barat, Sumatera, Indonesia",Sumatera Barat,Tanah Datar,"Lembah Anai Sumatera Barat, Tanah Datar, Sumatera Barat",gambar_wisata/Lembah_Anai_Sumatera_Barat,sumatera barat diakronimkan sumbar provinsi indonesia terletak pulau sumatra kota padang provinsi sumatera barat terletak pesisir barat sumatra dataran bukit barisan sebelah timur pulau lepas pantainya kepulauan mentawai
lembah,Lembah Baliem Papua,-3.9874041,138.8773432,"Lembah Baliem Raya, Siapma, Musatfak, Jayawijaya, Papua Pegunungan, Western New Guinea, Indonesia",Papua Pegunungan,Jayawijaya,"Lembah Baliem Papua, Jayawijaya, Papua Pegunungan",gambar_wisata/Lembah_Baliem_Papua,papua pegunungan provinsi indonesia kota berkedudukan kabupaten jayawijaya tepatnya perbatasan walesi wouma papua pegunungan dimekarkan provinsi papua provinsi papua selatan papua juni berdasarkan undang undang nomor
lembah,Lembah Harau Sumatera Barat,-0.1006493,100.6637256,"Cagar Alam Lembah Harau, Lima Puluh Kota, Sumatera Barat, Sumatera, Indonesia",Sumatera Barat,Lima Puluh Kota,"Lembah Harau Sumatera Barat, Lima Puluh Kota, Sumatera Barat",gambar_wisata/Lembah_Harau_Sumatera_Barat,sumatera barat diakronimkan sumbar provinsi indonesia terletak pulau sumatra kota padang provinsi sumatera barat terletak pesisir barat sumatra dataran bukit barisan sebelah timur pulau lepas pantainya kepulauan mentawai
lembah,Lembah Pinus Cianjur,-6.7161611,107.009978,"Arra Lembah Pinus Hotel, Gang Perintis, Kampung Parabo, Ciloto, Cianjur, Jawa Barat, Jawa, 43253, Indonesia",Jawa Barat,Cianjur,"Lembah Pinus Cianjur, Cianjur, Jawa Barat",gambar_wisata/Lembah_Pinus_Cianjur,kecelakaan kereta api kka peristiwa hebat plh kejadian jalur kereta api gangguan membahayakan keamanan perjalanan kereta api membahayakan keselamatan orang disebabkan gerak kereta api mengakibat kegagalan operasi kereta api definisi kka komite nasional kecelakaan transportasi knkt peristiwa kejadian pengoperasian sarana transportasi perkeretaapian mengakibatkan kerusakan sarana transportasi korban jiwa kerugian harta benda
lembah,Lembah Sari Pekanbaru,0.5719251,101.4738236,"Lembah Sari, Rumbai Timur, Pekanbaru, Pekanbaru Kota, Riau, Sumatera, 26286, Indonesia",Riau,Pekanbaru,"Lembah Sari Pekanbaru, Pekanbaru, Riau",gambar_wisata/Lembah_Sari_Pekanbaru,kota pekanbaru jawi kota kota terbesar provinsi riau indonesia kota salah sentra ekonomi terbesar pulau sumatra kota tingkat pertumbuhan migrasi urbanisasi
mall,23 Paskal Shopping Center,-6.915388,107.5943024,"23 Paskal Shopping Center, 25-27, Jalan Kebon Jati, Ciroyom, Andir, Kota Bandung, Jawa Barat, Jawa, 40181, Indonesia",Jawa Barat,Kota Bandung,"23 Paskal Shopping Center, Kota Bandung, Jawa Barat",gambar_wisata/23_Paskal_Shopping_Center,paskal shopping center dikenal paskal pusat perbelanjaan terletak kompleks paskal hyper square bandung luas nla bangunan terbagi mal paskal lantai binus university lantai hotel yello
mall,AEON Mall BSD,-6.3044091,106.6441572,"ÃON Mall, Jalan BSD Raya Utama, BSD City, Pagedangan, Kabupaten Tangerang, Banten, Jawa, 15345, Indonesia",Banten,Kabupaten Tangerang,"AEON Mall BSD, Kabupaten Tangerang, Banten",gambar_wisata/AEON_Mall_BSD,mall bsd city mall bsd pusat perbelanjaan terletak kawasan kota mandiri bsd city pagedangan kabupaten tangerang banten
mall,Balikpapan Plaza,-1.2781938,116.8398348,"The Plaza Balikpapan, Jalan Jenderal Sudirman, Klandasan Ilir, Balikpapan Kota, Balikpapan, Kalimantan Timur, Kalimantan, 76121, Indonesia",Kalimantan Timur,Balikpapan,"Balikpapan Plaza, Balikpapan, Kalimantan Timur",gambar_wisata/Balikpapan_Plaza,plaza balikpapan pusat perbelanjaan balikpapan didirikan plaza balikpapan mal balikpapan
mall,Bandung Indah Plaza,-6.9083381,107.6112548,"Bandung Indah Plaza, Jalan Sumatra, Citarum, Bandung Wetan, Kota Bandung, Jawa Barat, Jawa, 40117, Indonesia",Jawa Barat,Kota Bandung,"Bandung Indah Plaza, Kota Bandung, Jawa Barat",gambar_wisata/Bandung_Indah_Plaza,kota bandung bahasa sunda pegon hanzi translit bandung pelafalan bahasa indonesia ban kota kota provinsi provinsi jawa barat indonesia
mall,Central Park Mall,-6.1773182,106.7914969,"Central Park Mall, Kav.28, Madison Park Apartment Access, RW 06, Tanjung Duren Selatan, Grogol Petamburan, Jakarta Barat, Daerah Khusus ibukota Jakarta, Jawa, 11470, Indonesia",Jawa Timur,Daerah Khusus ibukota Jakarta,"Central Park Mall, Daerah Khusus ibukota Jakarta, nan",gambar_wisata/Central_Park_Mall,australia nama resmi persemakmuran australia bahasa inggris commonwealth australia negara belahan bumi selatan daratan utama benua australia pulau tasmania pulau samudra hindia samudra pasifik negara negara bertetangga australia indonesia timor leste papua nugini utara kepulauan solomon vanuatu kaledonia timur laut selandia tenggara
mall,Cihampelas Walk,-6.8938203,107.6055658,"Cihampelas Walk (CiWalk), 160, Jalan Cihampelas, Cipaganti, Coblong, Kota Bandung, Jawa Barat, Jawa, 40131, Indonesia",Jawa Barat,Kota Bandung,"Cihampelas Walk, Kota Bandung, Jawa Barat",gambar_wisata/Cihampelas_Walk,cihampelas walk ciwalk salah pusat perbelanjaan mewah kecamatan coblong kota bandung jawa barat mall berdiri
mall,Denpasar Mall,-8.669055,115.217715,"Ramayana Department Store Robinson Mall Denpasar, 20, P.B. Sudirman, Dauh Puri Kelod, Denpasar Barat, Denpasar á¬¤á¬¾á¬¦á­á¬§á¬²á¬, Bali, Nusa Tenggara, 80210, Indonesia",Bali,Denpasar ,"Denpasar Mall, Denpasar á¬¤á¬¾á¬¦á­á¬§á¬²á¬, Bali",gambar_wisata/Denpasar_Mall,kota denpasar bahasa bali npasar kota pusat pemerintahan perekonomian provinsi bali indonesia denpasar kota terbesar kepulauan nusa tenggara kota terbesar wilayah indonesia timur kota makassar
mall,Discovery Shopping Mall,-8.7287042,115.1686537,"GM Discovery Shopping Mall Room, Jalan Kartika Plaza, Kuta, Badung, Bali, Nusa Tenggara, 80361, Indonesia",Bali,Badung,"Discovery Shopping Mall, Badung, Bali",gambar_wisata/Discovery_Shopping_Mall,discovery shopping mall salah pusat perbelanjaan kawasan kuta bali lokasi mal jalan kartika plaza dimana pertokoan restoran hotel
mall,Discovery Shopping Mall Bali,-8.7287042,115.1686537,"GM Discovery Shopping Mall Room, Jalan Kartika Plaza, Kuta, Badung, Bali, Nusa Tenggara, 80361, Indonesia",Bali,Badung,"Discovery Shopping Mall Bali, Badung, Bali",gambar_wisata/Discovery_Shopping_Mall_Bali,discovery shopping mall salah pusat perbelanjaan kawasan kuta bali lokasi mal jalan kartika plaza dimana pertokoan restoran hotel
mall,DP Mall Semarang,-6.9833201,110.4127632,"DP Mall Semarang, Jalan Simpang, RW 02, Sekayu, Semarang Tengah, Kota Semarang, Jawa Tengah, Jawa, 52041, Indonesia",Jawa Tengah,Kota Semarang,"DP Mall Semarang, Kota Semarang, Jawa Tengah",gambar_wisata/DP_Mall_Semarang,mall pusat perbelanjaan semarang jawa mall dibuka tanggal agustus pusat perbelanjaan jalan pemuda pasaraya sri ratu letak sebelah balaikota semarang lawang sewu
mall,Galaxy Mall Surabaya,-7.2764017,112.7804951,"Galaxy Mall, Jalan Dharma Husada Indah II, RW 09, Mulyorejo, Surabaya, Jawa Timur, Jawa, 60115, Indonesia",Jawa Timur,Surabaya,"Galaxy Mall Surabaya, Surabaya, Jawa Timur",gambar_wisata/Galaxy_Mall_Surabaya,pakuwon mall surabaya pakuwon mall disingkat bernama supermal pakuwon indah terkadang dikenal istilah supermal surabaya surabaya supermal pusat perbelanjaan terbesar indonesia luas penyewa pusat perbelanjaan berdampingan menyatu pusat pertokoan pakuwon trade center disingkat ptc pakuwon mall home pro
mall,Grand Galaxy Park,-6.2707863,106.9722183,"Grand Galaxy Park, No.1, Jalan Pulo Minas, Kampung Utan, Galaxy, Jakasetia, Bekasi, Jawa Barat, Jawa, 17147, Indonesia",Jawa Barat,Bekasi,"Grand Galaxy Park, Bekasi, Jawa Barat",gambar_wisata/Grand_Galaxy_Park,grand galaxy park disingkat ggp retail lantai kawasan perumahan grand galaxy city kota bekasi jawa barat akses mudah jakarta outer ring road jalan tol jakarta cikampek area outdoor unik alfresco dining area festival district function hall terletak lantai
mall,Grand Indonesia,-6.1957452,106.8215929,"Grand Indonesia Shopping Town, Jalan Teluk Betung, RW 07, Kebon Melati, Tanah Abang, Jakarta Pusat, Daerah Khusus ibukota Jakarta, Jawa, 10230, Indonesia",Jawa Timur,Daerah Khusus ibukota Jakarta,"Grand Indonesia, Daerah Khusus ibukota Jakarta, nan",gambar_wisata/Grand_Indonesia,santika indonesia hotels resorts kelompok hotel lokal dibawah naungan grahawita santika anak unit bisnis kompas gramedia perusahaan didirikan tanggal agustus properti pertamanya bandung
mall,Grand Indonesia Mall,-6.1957452,106.8215929,"Grand Indonesia Shopping Town, Jalan Teluk Betung, RW 07, Kebon Melati, Tanah Abang, Jakarta Pusat, Daerah Khusus ibukota Jakarta, Jawa, 10230, Indonesia",Jawa Timur,Daerah Khusus ibukota Jakarta,"Grand Indonesia Mall, Daerah Khusus ibukota Jakarta, nan",gambar_wisata/Grand_Indonesia_Mall,kota padang kota terbesar pantai barat pulau sumatra kota provinsi sumatera barat indonesia kota pintu gerbang barat indonesia samudra hindia
mall,Grand Mall Makassar,-5.0504787,119.5536309,"Grand Mall, Jalan Poros Makassar - Maros, RW 06 Baniaga Desa Taroada, RW 04 Dusun Padang Sessere, Maros, Kelurahan Hasanuddin, Sulawesi Selatan, Sulawesi, 90552, Indonesia",Sulawesi Selatan,Kelurahan Hasanuddin,"Grand Mall Makassar, Kelurahan Hasanuddin, Sulawesi Selatan",gambar_wisata/Grand_Mall_Makassar,bontoa lontara bugis transliterasi bonto lontara makassar transliterasi bontoa nama kelurahan wilayah kecamatan mandai kabupaten maros provinsi sulawesi selatan indonesia kelurahan bontoa berstatus kelurahan definitif tergolong kelurahan swasembada
mall,Hartono Mall Yogyakarta,-7.7608045,110.4034239,"Reddoorz Near Hartono Mall 3 Condongcatur, Jalan Kyai Haji Wahid Hasyim, Condongcatur, Depok, Sleman, Daerah Istimewa Yogyakarta, Jawa, 55283, Indonesia",Daerah Istimewa Yogyakarta,Sleman,"Hartono Mall Yogyakarta, Sleman, Daerah Istimewa Yogyakarta",gambar_wisata/Hartono_Mall_Yogyakarta,daerah istimewa yogyakarta disingkat yogyakarta diy daerah istimewa setingkat provinsi indonesia peleburan negara kesultanan yogyakarta negara kadipaten paku alaman kota kota yogyakarta daerah istimewa yogyakarta terletak selatan pulau jawa berbatasan provinsi jawa samudra hindia
mall,Jogja City Mall,-7.7534032,110.3604711,"Jogja City Mall, Jalan Kutu Patran, Sinduadi, Mlati, Sleman, Daerah Istimewa Yogyakarta, Jawa, 55291, Indonesia",Daerah Istimewa Yogyakarta,Sleman,"Jogja City Mall, Sleman, Daerah Istimewa Yogyakarta",gambar_wisata/Jogja_City_Mall,daerah istimewa yogyakarta disingkat yogyakarta diy daerah istimewa setingkat provinsi indonesia peleburan negara kesultanan yogyakarta negara kadipaten paku alaman kota kota yogyakarta daerah istimewa yogyakarta terletak selatan pulau jawa berbatasan provinsi jawa samudra hindia
mall,Kendari Plaza,-3.9805964,122.5105961,"Hotel Plaza Inn Kendari by Horison, Jalan Jenderal Ahmad Yani, Mandonga, Kendari, Sulawesi Tenggara, Sulawesi, 93117, Indonesia",Sulawesi Tenggara,Kendari,"Kendari Plaza, Kendari, Sulawesi Tenggara",gambar_wisata/Kendari_Plaza,lippo plaza kendari pusat perbelanjaan kendari sulawesi tenggara didirikan mal dikembangkan dimiliki lippo karawaci merek lippo malls
mall,Kendari Town Square,-3.9700124,122.520082,"Kendari Town Square, Jalan Saranani, Korumba, Kendari, Sulawesi Tenggara, Sulawesi, 93111, Indonesia",Sulawesi Tenggara,Kendari,"Kendari Town Square, Kendari, Sulawesi Tenggara",gambar_wisata/Kendari_Town_Square,lippo plaza kendari pusat perbelanjaan kendari sulawesi tenggara didirikan mal dikembangkan dimiliki lippo karawaci merek lippo malls
mall,Lippo Mall Kuta,-8.735344,115.166501,"Lippo Mall Kuta, Jalan Kartika Plaza, Kuta, Badung, Bali, Nusa Tenggara, 80361, Indonesia",Bali,Badung,"Lippo Mall Kuta, Badung, Bali",gambar_wisata/Lippo_Mall_Kuta,lippo mall puri salah salah pusat perbelanjaan kawasan puri indah kembangan jakarta barat resmi dibuka juni lippo mall puri kawasan pembangunan superblok the
mall,Living World Alam Sutera,-6.2448109,106.653052,"Living World Alam Sutera, Kav. 21, Jalan Alam Sutera Boulevard, Alam Sutera, Pakulonan, Serpong Utara, Tangerang Selatan, Banten, Jawa, 15325, Indonesia",Banten,Tangerang Selatan,"Living World Alam Sutera, Tangerang Selatan, Banten",gambar_wisata/Living_World_Alam_Sutera,living world alam sutera pusat perbelanjaan terletak kawasan perumahan alam sutera serpong tangerang selatan letaknya berdekatan rumah sakit emc alam sutera living world alam sutera satunya pusat perbelanjaan memposisikan konsep home living and eat tertainment center berlokasi jantung alam sutera serpong utara tangerang selatan
mall,Mal Taman Anggrek,-6.1775213,106.7928343,"IKEA, Jalan Tanjung Duren Timur II, RW 07, Tanjung Duren Selatan, Grogol Petamburan, Jakarta Barat, Daerah Khusus ibukota Jakarta, Jawa, 11440, Indonesia",Jawa Timur,Daerah Khusus ibukota Jakarta,"Mal Taman Anggrek, Daerah Khusus ibukota Jakarta, nan",gambar_wisata/Mal_Taman_Anggrek,kota padang kota terbesar pantai barat pulau sumatra kota provinsi sumatera barat indonesia kota pintu gerbang barat indonesia samudra hindia
mall,Mall Ambon,-3.6707484,128.1986222,"MCM Malaku City Mall, Jalan Jenderal Sudirman, Hative Kecil, Ambon, Maluku, 97128, Indonesia",Maluku,Ambon,"Mall Ambon, Ambon, Maluku",gambar_wisata/Mall_Ambon,ambon plaza disingkat amplaz pusat perbelanjaan ambon terletak jalan sam ratulangi pelabuhan yos soedarso mal dibuka menjadikannya mal tertua ambon
mall,Mall Bali Galeria,-8.7230405,115.1842534,"Mall Bali Galeria, Under Pass Dewa Ruci, Kuta, Badung, Bali, Nusa Tenggara, 80361, Indonesia",Bali,Badung,"Mall Bali Galeria, Badung, Bali",gambar_wisata/Mall_Bali_Galeria,mal bali galeria disingkat mbg pusat perbelanjaan terletak kuta bali tepi simpang dewa ruci dikenal simpang siur mal didirikan salah mal hadir pulau dewata
mall,Mall Daya Makassar,-5.110583,119.5102471,"Daya Grand Square, Jalan Garuda, Daya, Biringkanaya, Makassar, Sulawesi Selatan, Sulawesi, 90615, Indonesia",Sulawesi Selatan,Makassar,"Mall Daya Makassar, Makassar, Sulawesi Selatan",gambar_wisata/Mall_Daya_Makassar,kota makassar lontara makassar transliterasi kota mangkasara bernama ujung pandang nama benteng suku makassar kota provinsi sulawesi selatan indonesia kota dikenal resmi ujung pandang kota terbesar wilayah indonesia timur pusat kota terbesar ketujuh indonesia penduduk jakarta surabaya medan bandung semarang palembang
mall,Mall GTC Makassar,-5.1695829,119.3907241,"Mall GTC, Jalan Metro Tanjung Bunga, Tanjung Merdeka, Tamalate, Makassar, Sulawesi Selatan, Sulawesi, 90134, Indonesia",Sulawesi Selatan,Makassar,"Mall GTC Makassar, Makassar, Sulawesi Selatan",gambar_wisata/Mall_GTC_Makassar,trans studio mall makassar disingkat tsm makassar pusat perbelanjaan taman hiburan terletak makassar sulawesi selatan tsm makassar properti corp mengusung konsep trans studio
mall,Mall Lembuswana Samarinda,-0.4751019,117.1472198,"Mall Lembuswana, Jalan Mayor Jenderal S. Parman, Gunung Kelua, Samarinda Ulu, Samarinda, Kalimantan Timur, Kalimantan, 75243, Indonesia",Kalimantan Timur,Samarinda,"Mall Lembuswana Samarinda, Samarinda, Kalimantan Timur",gambar_wisata/Mall_Lembuswana_Samarinda,big mall samarinda salah pusat perbelanjaan samarinda kalimantan timur terletak tepi sungai mahakam mal dibuka dibangun borneo inti graha dikelola tata optima property anak anak usaha govindo group
mall,Mall Mamuju,-2.669206,118.8917557,"Mamuju Town Square, Lorong Rawa Indah, Mamuju, Sulawesi Barat, Sulawesi, 91515, Indonesia",Sulawesi Barat,Mamuju,"Mall Mamuju, Mamuju, Sulawesi Barat",gambar_wisata/Mall_Mamuju,agora mall pusat perbelanjaan tanah abang jakarta pusat terletak jalan thamrin mal menempati lantai lantai podium autograph tower luminary tower gedung pencakar langit membentuk kawasan terpadu thamrin nine karya putragaya wahana
mall,Mall Mesra Samarinda,-0.5010971,117.1465089,"Mesra Indah Mall, Jalan Jamrud, Pasar Pagi, Samarinda Kota, Samarinda, Kalimantan Timur, Kalimantan, 75129, Indonesia",Kalimantan Timur,Samarinda,"Mall Mesra Samarinda, Samarinda, Kalimantan Timur",gambar_wisata/Mall_Mesra_Samarinda,big mall samarinda salah pusat perbelanjaan samarinda kalimantan timur terletak tepi sungai mahakam mal dibuka dibangun borneo inti graha dikelola tata optima property anak anak usaha govindo group
mall,Mall Plaza Balikpapan,-1.2781938,116.8398348,"The Plaza Balikpapan, Jalan Jenderal Sudirman, Klandasan Ilir, Balikpapan Kota, Balikpapan, Kalimantan Timur, Kalimantan, 76121, Indonesia",Kalimantan Timur,Balikpapan,"Mall Plaza Balikpapan, Balikpapan, Kalimantan Timur",gambar_wisata/Mall_Plaza_Balikpapan,plaza balikpapan pusat perbelanjaan balikpapan didirikan plaza balikpapan mal balikpapan
mall,Mall Ratu Indah,-5.1532849,119.4173215,"Mall Ratu Indah, Jalan Sam Ratulangi, Mamajang Luar, Mamajang, Makassar, Sulawesi Selatan, Sulawesi, 90131, Indonesia",Sulawesi Selatan,Makassar,"Mall Ratu Indah, Makassar, Sulawesi Selatan",gambar_wisata/Mall_Ratu_Indah,mal ratu indah disingkat mari pusat perbelanjaan makassar sulawesi selatan didirikan mal mencetak sejarah mal hadir makassar
mall,Mall Samarinda Central Plaza,-0.5035318,117.1550694,"Samarinda Central Plaza (SCP), Jalan Pulau Irian, Pelabuhan, Samarinda Kota, Samarinda, Kalimantan Timur, Kalimantan, 75381, Indonesia",Kalimantan Timur,Samarinda,"Mall Samarinda Central Plaza, Samarinda, Kalimantan Timur",gambar_wisata/Mall_Samarinda_Central_Plaza,big mall samarinda salah pusat perbelanjaan samarinda kalimantan timur terletak tepi sungai mahakam mal dibuka dibangun borneo inti graha dikelola tata optima property anak anak usaha govindo group
mall,Mall Sulteng,-0.8834237,119.8426033,"Palu Grand Mall, Jalan Diponegoro, Kecamatan Ulujadi, Palu, Sulawesi Tengah, Sulawesi, 94221, Indonesia",Sulawesi Tengah,Palu,"Mall Sulteng, Palu, Sulawesi Tengah",gambar_wisata/Mall_Sulteng,kabupaten poso kabupaten provinsi sulawesi indonesia kabupaten luas wilayah berpenduduk jiwa kota kabupaten terletak kota poso
mall,Mall Tanjung Bunga,-5.1695829,119.3907241,"Mall GTC, Jalan Metro Tanjung Bunga, Tanjung Merdeka, Tamalate, Makassar, Sulawesi Selatan, Sulawesi, 90134, Indonesia",Sulawesi Selatan,Makassar,"Mall Tanjung Bunga, Makassar, Sulawesi Selatan",gambar_wisata/Mall_Tanjung_Bunga,kota makassar lontara makassar transliterasi kota mangkasara bernama ujung pandang nama benteng suku makassar kota provinsi sulawesi selatan indonesia kota dikenal resmi ujung pandang kota terbesar wilayah indonesia timur pusat kota terbesar ketujuh indonesia penduduk jakarta surabaya medan bandung semarang palembang
mall,Mall Ternate,0.7914972,127.3905435,"Jatiland Mall, Jalan Sultan Iskandar Muhammad Djabir Syah, Santiong, Ternate, Maluku Utara, Maluku, 97712, Indonesia",Maluku Utara,Ternate,"Mall Ternate, Ternate, Maluku Utara",gambar_wisata/Mall_Ternate,kota ternate kota terletak provinsi maluku utara indonesia kota ternate kaki gunung api gamalama pulau ternate
mall,Mega Mall Pontianak,-0.0513705,109.3446916,"Mega Mall Parking Area, Parit Tokaya, Pontianak, Kalimantan Barat, Kalimantan, 71127, Indonesia",Kalimantan Barat,Pontianak,"Mega Mall Pontianak, Pontianak, Kalimantan Barat",gambar_wisata/Mega_Mall_Pontianak,kota pontianak jawi hanzi hakka khunt kota pusat pemerintahan perekonomian provinsi kalimantan barat indonesia kota didirikan kali pelabuhan perdagangan pulau kalimantan menempati area seluas delta sungai kapuas titik temu anak sungai utamanya sungai landak
mall,Pacific Place Jakarta,-6.2249656,106.809825,"Pacific Place Mall, Kav 52-53, Sudirman Central Business District Southway, RW 03, Senayan, Kebayoran Baru, Jakarta Selatan, Daerah Khusus ibukota Jakarta, Jawa, 12190, Indonesia",Jawa Timur,Daerah Khusus ibukota Jakarta,"Pacific Place Jakarta, Daerah Khusus ibukota Jakarta, nan",gambar_wisata/Pacific_Place_Jakarta,australia nama resmi persemakmuran australia bahasa inggris commonwealth australia negara belahan bumi selatan daratan utama benua australia pulau tasmania pulau samudra hindia samudra pasifik negara negara bertetangga australia indonesia timor leste papua nugini utara kepulauan solomon vanuatu kaledonia timur laut selandia tenggara
mall,Pakuwon Mall Jogja,-7.7582576,110.3994486,"TPB RRU Pakuwon Mall Jogja, Ring Road Utara, Condongcatur, Depok, Sleman, Daerah Istimewa Yogyakarta, Jawa, 55283, Indonesia",Daerah Istimewa Yogyakarta,Sleman,"Pakuwon Mall Jogja, Sleman, Daerah Istimewa Yogyakarta",gambar_wisata/Pakuwon_Mall_Jogja,pakuwon mall jogja bernama hartono lifestyle mall yogyakarta hartono mall yogyakarta pusat perbelanjaan terletak condongcatur depok sleman daerah istimewa yogyakarta didirikan hartono mall yogyakarta mal bersalin nama pasca diakuisisi pakuwon jati
mall,Pakuwon Mall Surabaya,-7.28906,112.6756078,"Pakuwon Mall, Jalan Mayor Jenderal Jonosewojo, Pakuwon Indah, Babatan, Wiyung, Surabaya, Jawa Timur, Jawa, 60123, Indonesia",Jawa Timur,Surabaya,"Pakuwon Mall Surabaya, Surabaya, Jawa Timur",gambar_wisata/Pakuwon_Mall_Surabaya,pakuwon mall surabaya pakuwon mall disingkat bernama supermal pakuwon indah terkadang dikenal istilah supermal surabaya surabaya supermal pusat perbelanjaan terbesar indonesia luas penyewa pusat perbelanjaan berdampingan menyatu pusat pertokoan pakuwon trade center disingkat ptc pakuwon mall home pro
mall,Palangka Raya Mall,-2.2066227,113.9153434,"Palangka Raya Mall (PALMA), Jalan Kinibalu, Palangka, Palangka Raya, Kalimantan Tengah, Kalimantan, 74874, Indonesia",Kalimantan Tengah,Palangka Raya,"Palangka Raya Mall, Palangka Raya, Kalimantan Tengah",gambar_wisata/Palangka_Raya_Mall,lippo plaza palangka raya pusat perbelanjaan terletak palangka raya kalimantan didirikan mal menyandang nama mega town square disingkat metos
mall,Palembang Icon Mall,-2.9785785,104.7457881,"Palembang Icon, Jalan Angkatan 45, Ilir Barat I, Palembang, Sumatera Selatan, Sumatera, 30137, Indonesia",Sumatera Selatan,Palembang,"Palembang Icon Mall, Palembang, Sumatera Selatan",gambar_wisata/Palembang_Icon_Mall,palembang icon disingkat mal kota palembang dikelola lippo group dibuka tanggal desember mal bersebelahan stadion bumi sriwijaya berhadapan kantor dewan perwakilan rakyat daerah provinsi sumatra selatan
mall,Palembang Square,-2.9761723,104.7418731,"Palembang Square, Jalan Angkatan 45, Ilir Barat I, Palembang, Sumatera Selatan, Sumatera, 30137, Indonesia",Sumatera Selatan,Palembang,"Palembang Square, Palembang, Sumatera Selatan",gambar_wisata/Palembang_Square,palembang square disingkat pusat perbelanjaan terletak palembang tepatnya jalan angkatan kelurahan lorok pakjo kecamatan ilir barat mal didirikan lokasi stadion bumi sriwijaya lippo karawaci mengakuisisi palembang square pemilik bayu jaya lestari sukses
mall,Palu Grand Mall,-0.8834237,119.8426033,"Palu Grand Mall, Jalan Diponegoro, Kecamatan Ulujadi, Palu, Sulawesi Tengah, Sulawesi, 94221, Indonesia",Sulawesi Tengah,Palu,"Palu Grand Mall, Palu, Sulawesi Tengah",gambar_wisata/Palu_Grand_Mall,palu grand mall pgm pusat perbelanjaan palu sulawesi didirikan mal dimiliki dikelola nwp property nirvana wastu pratama properti sulawesi citimall gorontalo
mall,Paris Van Java Mall,-6.8890732,107.5960928,"Paris Van Java, Jalan Karang Tinggal, Cipedes, Sukasari, Kota Bandung, Jawa Barat, Jawa, 40161, Indonesia",Jawa Barat,Kota Bandung,"Paris Van Java Mall, Kota Bandung, Jawa Barat",gambar_wisata/Paris_Van_Java_Mall,paris van java resort lifestyle place aksara sunda baku pusat perbelanjaan terletak kota bandung jawa barat mal dicapai jam mengemudi jalan tol purbaleunyi gerbang tol pasteur kecamatan sukajadi
mall,Plaza Ambarrukmo Yogyakarta,-7.7817669,110.4013176,"Plaza Ambarrukmo, Jalan Laksda Adisucipto, Catur Tunggal, Depok, Sleman, Daerah Istimewa Yogyakarta, Jawa, 55281, Indonesia",Daerah Istimewa Yogyakarta,Sleman,"Plaza Ambarrukmo Yogyakarta, Sleman, Daerah Istimewa Yogyakarta",gambar_wisata/Plaza_Ambarrukmo_Yogyakarta,daerah istimewa yogyakarta disingkat yogyakarta diy daerah istimewa setingkat provinsi indonesia peleburan negara kesultanan yogyakarta negara kadipaten paku alaman kota kota yogyakarta daerah istimewa yogyakarta terletak selatan pulau jawa berbatasan provinsi jawa samudra hindia
mall,Plaza Balikpapan,-1.2781938,116.8398348,"The Plaza Balikpapan, Jalan Jenderal Sudirman, Klandasan Ilir, Balikpapan Kota, Balikpapan, Kalimantan Timur, Kalimantan, 76121, Indonesia",Kalimantan Timur,Balikpapan,"Plaza Balikpapan, Balikpapan, Kalimantan Timur",gambar_wisata/Plaza_Balikpapan,plaza balikpapan pusat perbelanjaan balikpapan didirikan plaza balikpapan mal balikpapan
mall,Plaza Indonesia,-6.1934835,106.8228616,"Plaza Indonesia, Jalan Mohammad Husni Thamrin, RW 05, Gondangdia, Menteng, Jakarta Pusat, Daerah Khusus ibukota Jakarta, Jawa, 10350, Indonesia",Jawa Timur,Daerah Khusus ibukota Jakarta,"Plaza Indonesia, Daerah Khusus ibukota Jakarta, nan",gambar_wisata/Plaza_Indonesia,kabupaten bungo kabupaten provinsi jambi indonesia kabupaten hasil pemekaran kabupaten bungo tebo tanggal oktober
mall,Plaza Palu,-0.8317762,119.8800634,"Baywalk Citraland Palu, Iradatpuri, Kecamatan Mantikulore, Palu, Sulawesi Tengah, Sulawesi, 94119, Indonesia",Sulawesi Tengah,Palu,"Plaza Palu, Palu, Sulawesi Tengah",gambar_wisata/Plaza_Palu,kota palu kota terletak tepi laut ibukota provinsi sulawesi indonesia palu kota terletak sulawesi berbatasan kabupaten donggala sebelah barat utara kabupaten sigi sebelah selatan kabupaten parigi moutong sebelah timur
mall,Pondok Indah Mall,-6.2653276,106.7846567,"Pondok Indah Mall 1, Jalan Metro Pondok Indah, RW 03, Pondok Pinang, Kebayoran Lama, Jakarta Selatan, Daerah Khusus ibukota Jakarta, Jawa, 12310, Indonesia",Jawa Timur,Daerah Khusus ibukota Jakarta,"Pondok Indah Mall, Daerah Khusus ibukota Jakarta, nan",gambar_wisata/Pondok_Indah_Mall,kota tegal bahasa jawa hanacaraka pegon hanzi belanda tagal kota provinsi jawa indonesia kota cikal berdirinya korps marinir tercatat pangkalan alri tegal nama corps mariniers november
mall,Royal Plaza Surabaya,-7.3091349,112.7342835,"Royal Plaza, 16-18, Jalan Jenderal Achmad Yani, RW 04, Wonokromo, Surabaya, Jawa Timur, Jawa, 60231, Indonesia",Jawa Timur,Surabaya,"Royal Plaza Surabaya, Surabaya, Jawa Timur",gambar_wisata/Royal_Plaza_Surabaya,kota surabaya bahasa jawa hanacaraka pegon translit kuth sur pengucapan bahasa jawa sur pelafalan bahasa indonesia sura baja kota provinsi jawa timur pusat pemerintahan perekonomian kota terbesar provinsi
mall,Solo Paragon Mall,-7.5624618,110.8099966,"Solo Paragon Mall, Jalan Yosodipuro, Purwosari, Surakarta, Jawa Tengah, Jawa, 57139, Indonesia",Jawa Tengah,Surakarta,"Solo Paragon Mall, Surakarta, Jawa Tengah",gambar_wisata/Solo_Paragon_Mall,solo paragon lifestyle mall bahasa jawa hanacaraka salah pusat perbelanjaan surakarta jawa didirikan mal membentuk kawasan serbaguna solo paragon lahan seluas hektare hotel berbintang apartemen atasnya
mall,Summarecon Mall Bekasi,-6.2259971,107.0010731,"Summarecon Mall Bekasi, Jalan Bulevar Ahmad Yani, Summarecon Bekasi, Summarecon, Margajaya, Bekasi, Jawa Barat, Jawa, 17142, Indonesia",Jawa Barat,Bekasi,"Summarecon Mall Bekasi, Bekasi, Jawa Barat",gambar_wisata/Summarecon_Mall_Bekasi,summarecon mall bekasi dikenal smb pusat perbelanjaan hiburan bekasi jawa barat indonesia mal dibuka tanggal juni memiliki luas retail area perkembangan tahap penyewa pertokoan
mall,Summarecon Mall Serpong,-6.2406997,106.6284149,"Summarecon Mall Serpong, Jalan Boulevard Gading Serpong, Gading Serpong, Rumpak Sinang, Pakulonan Barat, Kelapa Dua, Kabupaten Tangerang, Jawa, 15811, Indonesia",Jawa Timur,Kabupaten Tangerang,"Summarecon Mall Serpong, Kabupaten Tangerang, nan",gambar_wisata/Summarecon_Mall_Serpong,lippo mall kuta pusat perbelanjaan terletak kuta bali didirikan mal jaringan lippo malls dibawahi lippo karawaci
mall,Trans Studio Mall Bandung,-6.9256414,107.6367469,"Trans Studio Mall, #289, Maleer Indah I, Maleer, Batununggal, Kota Bandung, Jawa Barat, Jawa, 40273, Indonesia",Jawa Barat,Kota Bandung,"Trans Studio Mall Bandung, Kota Bandung, Jawa Barat",gambar_wisata/Trans_Studio_Mall_Bandung,kota bandung bahasa sunda pegon hanzi translit bandung pelafalan bahasa indonesia ban kota kota provinsi provinsi jawa barat indonesia
mall,Tunjungan Plaza Surabaya,-7.2623869,112.739006,"Tunjungan Plaza, Jalan Mergoyoso, RW 10, Kedungdoro, Tegalsari, Surabaya, Jawa Timur, Jawa, 60011, Indonesia",Jawa Timur,Surabaya,"Tunjungan Plaza Surabaya, Surabaya, Jawa Timur",gambar_wisata/Tunjungan_Plaza_Surabaya,tunjungan plaza disingkat pusat perbelanjaan surabaya jawa timur indonesia didirikan tunjungan plaza terletak surabaya pusat tepatnya
monumen,Monumen Kalteng,-0.9607732,114.8977017,"Monumen Panglima Batur, Jalan Manggis, Muara Teweh, Barito Utara, Kalimantan Tengah, Kalimantan, 73811, Indonesia",Kalimantan Tengah,Barito Utara,"Monumen Kalteng, Barito Utara, Kalimantan Tengah",gambar_wisata/Monumen_Kalteng,kabupaten barito utara salah kabupaten provinsi kalimantan indonesia kotanya muara teweh
monumen,Monumen Kaltim,-1.2792545,116.8222491,"Lingkungan Monumen Perjuangan Rakyat Balikpapan, Klandasan Ulu, Balikpapan Kota, Balikpapan, Kalimantan Timur, Kalimantan, Indonesia",Kalimantan Timur,Balikpapan,"Monumen Kaltim, Balikpapan, Kalimantan Timur",gambar_wisata/Monumen_Kaltim,kabupaten kutai kartanegara wilayah kabupaten terletak provinsi kalimantan timur indonesia kotanya kecamatan tenggarong berbatasan kota samarinda
monumen,Monumen Kapal Selam,-7.265434,112.7503063,"Monumen Kapal Selam, 39, Jalan Pemuda, RW 05, Embong Kaliasin, Genteng, Surabaya, Jawa Timur, Jawa, 60272, Indonesia",Jawa Timur,Surabaya,"Monumen Kapal Selam, Surabaya, Jawa Timur",gambar_wisata/Monumen_Kapal_Selam,monumen kapal selam disingkat monkasel museum kapal selam embong kaliasin genteng surabaya terletak pusat kota jalan pemuda sebelah plaza surabaya pintu akses mengakses mal monumen
monumen,Monumen Nani Wartabone,0.5304033,123.0588683,"Monumen Nani Wartabone, Jalan Kalengkongan, Tenda, Gorontalo, Sulawesi, 96133, Indonesia",Gorontalo,Gorontalo,"Monumen Nani Wartabone, Gorontalo, Gorontalo",gambar_wisata/Monumen_Nani_Wartabone,nani wartabone april januari politikus nasionalis indonesia berasal gorontalo wartabone dikenal proklamator kemerdekaan indonesia gorontalo tanggal januari dikenal proklamasi gorontalo
monumen,Monumen Nasional,-6.1754024,106.8271692,"Monumen Nasional, Jalan Medan Merdeka Utara, RW 02, Gambir, Jakarta Pusat, Daerah Khusus ibukota Jakarta, Jawa, 10110, Indonesia",Jawa Timur,Daerah Khusus ibukota Jakarta,"Monumen Nasional, Daerah Khusus ibukota Jakarta, nan",gambar_wisata/Monumen_Nasional,monumen nasional disingkat monas tugu monas monumen peringatan meter kaki terletak lapangan medan merdeka jakarta pusat monas didirikan mengenang perlawanan perjuangan rakyat indonesia merebut kemerdekaan pemerintahan kolonial kerajaan belanda
monumen,Monumen Pattimura,-3.3060388,128.9589707,"Monumen Ir. Soekarno, Jalan Kapitan Pattimura, Masohi, Maluku Tengah, Maluku, 97511, Indonesia",Maluku,Maluku Tengah,"Monumen Pattimura, Maluku Tengah, Maluku",gambar_wisata/Monumen_Pattimura,maluku provinsi indonesia kota provinsi terletak kota ambon kota terbesar provinsi
monumen,Monumen Tugu Pahlawan,-7.2454453,112.7378996,"UPTD Monumen Tugu Pahlawan Dan Museum Sepuluh Nopember, Jalan Pahlawan, RW 01, Alon-Alon Contong, Bubutan, Surabaya, Jawa Timur, Jawa, 60174, Indonesia",Jawa Timur,Surabaya,"Monumen Tugu Pahlawan, Surabaya, Jawa Timur",gambar_wisata/Monumen_Tugu_Pahlawan,tugu pahlawan monumen markah tanah kota surabaya monumen meter berbentuk lingga paku terbalik
museum,Museum Aceh,5.5488323,95.3209836,"Museum Aceh, Jalan Baperis, Peuniti, Baiturrahman, Banda Aceh, Aceh, Sumatera, 23116, Indonesia",Aceh,Banda Aceh,"Museum Aceh, Banda Aceh, Aceh",gambar_wisata/Museum_Aceh,kota banda aceh bahasa aceh jawo kota kota provinsi provinsi aceh indonesia pusat pemerintahan provinsi kota banda aceh pusat kegiatan ekonomi politik sosial budaya
museum,Museum Agung Rai,-8.5228684,115.2647695,"Agung Rai Museum of Art (ARMA), Jalan Raya Pengosekan, Ubud, Kecamatan Ubud, Gianyar, Bali, Nusa Tenggara, 80571, Indonesia",Bali,Gianyar,"Museum Agung Rai, Gianyar, Bali",gambar_wisata/Museum_Agung_Rai,museum seni agung rai agung rai museum art arma salah museum seni rupa bali menyimpan koleksi lukisan berasal pelukis pelukis ternama negeri mancanegara museum diresmikan menteri pendidikan kebudayaan indonesia prof
museum,Museum Angkut,-7.878829,112.5201389,"Museum Angkut, Jalan Terusan Sultan Agung, Pesanggrahan, Kota Batu, Jawa Timur, Jawa, 65314, Indonesia",Jawa Timur,Kota Batu,"Museum Angkut, Kota Batu, Jawa Timur",gambar_wisata/Museum_Angkut,kota batu bahasa jawa hanacaraka pegon pengucapan bahasa jawa bat kota wisata provinsi jawa timur indonesia kota terletak sebelah barat daya surabaya sebelah barat laut malang
museum,Museum Angkut Batu,-7.878829,112.5201389,"Museum Angkut, Jalan Terusan Sultan Agung, Pesanggrahan, Kota Batu, Jawa Timur, Jawa, 65314, Indonesia",Jawa Timur,Kota Batu,"Museum Angkut Batu, Kota Batu, Jawa Timur",gambar_wisata/Museum_Angkut_Batu,kota batu bahasa jawa hanacaraka pegon pengucapan bahasa jawa bat kota wisata provinsi jawa timur indonesia kota terletak sebelah barat daya surabaya sebelah barat laut malang
museum,Museum Bahari,-6.1268288,106.8083185,"Museum Bahari, Jalan Pasar Ikan, RW 04, Penjaringan, Jakarta Utara, Daerah Khusus ibukota Jakarta, Jawa, 14470, Indonesia",Jawa Timur,Daerah Khusus ibukota Jakarta,"Museum Bahari, Daerah Khusus ibukota Jakarta, nan",gambar_wisata/Museum_Bahari,sriwijaya kedatuan bahari historis berasal pulau sumatra abad abad kehadirannya pengaruh perkembangan sejarah asia tenggara kawasan nusantara barat
museum,Museum Bahari Jakarta,-6.1268288,106.8083185,"Museum Bahari, Jalan Pasar Ikan, RW 04, Penjaringan, Jakarta Utara, Daerah Khusus ibukota Jakarta, Jawa, 14470, Indonesia",Jawa Timur,Daerah Khusus ibukota Jakarta,"Museum Bahari Jakarta, Daerah Khusus ibukota Jakarta, nan",gambar_wisata/Museum_Bahari_Jakarta,sriwijaya kedatuan bahari historis berasal pulau sumatra abad abad kehadirannya pengaruh perkembangan sejarah asia tenggara kawasan nusantara barat
museum,Museum Balanga,-2.1956114,113.9016328,"Museum Balanga Kalimantan Tengah, Km 2.5, Jalan Tekukur II, Palangka, Palangka Raya, Kalimantan Tengah, Kalimantan, 73112, Indonesia",Kalimantan Tengah,Palangka Raya,"Museum Balanga, Palangka Raya, Kalimantan Tengah",gambar_wisata/Museum_Balanga,kota palangka raya kota kota provinsi kalimantan indonesia kota memiliki luas wilayah penduduk jiwa kepadatan penduduk jiwa
museum,Museum Balaputera Dewa,-2.9504719,104.7302812,"Museum Balaputera Dewa, 288, Jalan Srijaya, Alang-Alang Lebar, Palembang, Sumatera Selatan, Sumatera, 30139, Indonesia",Sumatera Selatan,Palembang,"Museum Balaputera Dewa, Palembang, Sumatera Selatan",gambar_wisata/Museum_Balaputera_Dewa,museum balaputra deva resmi museum negeri provinsi sumatera selatan balaputra dewa museum etnografi terletak kota palembang sumatera selatan indonesia museum museum negeri provinsi sumatera selatan
museum,Museum Bali,-8.6575395,115.2186817,"Museum Bali, Gang I, Dangin Puri, Denpasar Timur, Denpasar á¬¤á¬¾á¬¦á­á¬§á¬²á¬, Bali, Nusa Tenggara, 80232, Indonesia",Bali,Denpasar ,"Museum Bali, Denpasar á¬¤á¬¾á¬¦á­á¬§á¬²á¬, Bali",gambar_wisata/Museum_Bali,kota denpasar bahasa bali npasar kota pusat pemerintahan perekonomian provinsi bali indonesia denpasar kota terbesar kepulauan nusa tenggara kota terbesar wilayah indonesia timur kota makassar
museum,Museum Bank Indonesia,-6.1371853,106.8129483,"Museum Bank Indonesia, Jalan Kali Besar Timur, RW 06, Pinangsia, Taman Sari, Jakarta Barat, Daerah Khusus ibukota Jakarta, Jawa, 11110, Indonesia",Jawa Timur,Daerah Khusus ibukota Jakarta,"Museum Bank Indonesia, Daerah Khusus ibukota Jakarta, nan",gambar_wisata/Museum_Bank_Indonesia,aceh provinsi pulau sumatra indonesia kota provinsi kota banda aceh
museum,Museum Bank Mandiri,-6.1381577,106.8133167,"Museum Bank Mandiri, 1, Jalan Asemka, RW 06, Pinangsia, Taman Sari, Jakarta Barat, Daerah Khusus ibukota Jakarta, Jawa, 11110, Indonesia",Jawa Timur,Daerah Khusus ibukota Jakarta,"Museum Bank Mandiri, Daerah Khusus ibukota Jakarta, nan",gambar_wisata/Museum_Bank_Mandiri,kota malang bahasa jawa hanacaraka pegon pengucapan bahasa jawa mala kota terletak provinsi jawa timur indonesia kota kota terbesar jawa timur surabaya kota terbesar indonesia kota didirikan pemerintahan belanda april broeveldt wali kota
museum,Museum Batik Pekalongan,-6.878642,109.675579,"Museum Batik Pekalongan, 1, Jalan Jetayu, Poncol, Pekalongan, Jawa Tengah, Jawa, 51142, Indonesia",Jawa Tengah,Pekalongan,"Museum Batik Pekalongan, Pekalongan, Jawa Tengah",gambar_wisata/Museum_Batik_Pekalongan,kota pekalongan hanacaraka pegon translit pakalongan hanzi pinyin belanda pacalongan salah kota provinsi jawa indonesia
museum,Museum Batik Yogyakarta,-7.795401,110.3773503,"Batik Museum, Jalan Dokter Sutomo, Baciro, Gondokusuman, Kota Yogyakarta, Daerah Istimewa Yogyakarta, Jawa, 55225, Indonesia",Daerah Istimewa Yogyakarta,Kota Yogyakarta,"Museum Batik Yogyakarta, Kota Yogyakarta, Daerah Istimewa Yogyakarta",gambar_wisata/Museum_Batik_Yogyakarta,kota yogyakarta bahasa jawa translit ngayogyakarta pengucapan bahasa jawa ajogj kart dikenal masyarakat sebutan nama yogya jogja kota pusat pemerintahan perekonomian provinsi daerah istimewa yogyakarta indonesia
museum,Museum Benteng Vredeburg,-7.8001537,110.3663364,"Benteng Vredeburg, Jalan Margo Mulyo, Kampung Ketandan, Prawirodirjan, Gondomanan, Kota Yogyakarta, Daerah Istimewa Yogyakarta, Jawa, 55122, Indonesia",Daerah Istimewa Yogyakarta,Kota Yogyakarta,"Museum Benteng Vredeburg, Kota Yogyakarta, Daerah Istimewa Yogyakarta",gambar_wisata/Museum_Benteng_Vredeburg,kota yogyakarta bahasa jawa translit ngayogyakarta pengucapan bahasa jawa ajogj kart dikenal masyarakat sebutan nama yogya jogja kota pusat pemerintahan perekonomian provinsi daerah istimewa yogyakarta indonesia
museum,Museum Bung Hatta Bukittinggi,-0.3062956,100.3688874,"Istana Bung Hatta, Jalan H. Agus Salim, Panorama, Kayu Kubu, Bukittinggi, Sumatera Barat, Sumatera, 26115, Indonesia",Sumatera Barat,Bukittinggi,"Museum Bung Hatta Bukittinggi, Bukittinggi, Sumatera Barat",gambar_wisata/Museum_Bung_Hatta_Bukittinggi,kota bukittinggi bahasa minangkabau bukiktinggi jawi kota perekonomian terbesar provinsi sumatera barat indonesia enklave kabupaten agam kota kota indonesia pemerintahan darurat republik indonesia
museum,Museum Danar Hadi,-7.5687599,110.8163702,"House of Danar Hadi, Jalan Brigadir Jenderal Slamet Riyadi, Timuran, Surakarta, Jawa Tengah, Jawa, 57132, Indonesia",Jawa Tengah,Surakarta,"Museum Danar Hadi, Surakarta, Jawa Tengah",gambar_wisata/Museum_Danar_Hadi,house danar hadi disingkat hdh bahasa jawa translit musyium bathik danar hadhi kompleks wisata heritage terpadu batik terletak kota solo jawa
museum,Museum Dharma Wiratama,-7.782439,110.3754535,"Museum Pusat TNI AD ""Dharma Wiratama"", Jalan Cik di Tiro, Terban, Gondokusuman, Kota Yogyakarta, Daerah Istimewa Yogyakarta, Jawa, 55223, Indonesia",Daerah Istimewa Yogyakarta,Kota Yogyakarta,"Museum Dharma Wiratama, Kota Yogyakarta, Daerah Istimewa Yogyakarta",gambar_wisata/Museum_Dharma_Wiratama,daerah istimewa yogyakarta disingkat yogyakarta diy daerah istimewa setingkat provinsi indonesia peleburan negara kesultanan yogyakarta negara kadipaten paku alaman kota kota yogyakarta daerah istimewa yogyakarta terletak selatan pulau jawa berbatasan provinsi jawa samudra hindia
museum,Museum Geologi Bandung,-6.9003424,107.620961,"Museum Geologi, 57, Jalan Diponegoro, Cihaurgeulis, Cibeunying Kaler, Kota Bandung, Jawa Barat, Jawa, 40122, Indonesia",Jawa Barat,Kota Bandung,"Museum Geologi Bandung, Kota Bandung, Jawa Barat",gambar_wisata/Museum_Geologi_Bandung,kota bandung bahasa sunda pegon hanzi translit bandung pelafalan bahasa indonesia ban kota kota provinsi provinsi jawa barat indonesia
museum,Museum Kalimantan Barat,-0.0483232,109.3425506,"Museum Kalimantan Barat, Parit Tokaya, Pontianak, Kalimantan Barat, Kalimantan, Indonesia",Kalimantan Barat,Pontianak,"Museum Kalimantan Barat, Pontianak, Kalimantan Barat",gambar_wisata/Museum_Kalimantan_Barat,museum provinsi kalimantan barat museum berlokasi jalan jenderal ahmad yani kota pontianak provinsi kalimantan barat indonesia museum menyimpan benda benda bernilai historis provinsi kalimantan barat salah satunya peninggalan peninggalan sejarah peradaban jenis suku bangsa kalimantan barat suku melayu suku dayak suku tionghoa
museum,Museum Kalimantan Tengah,-2.1956114,113.9016328,"Museum Balanga Kalimantan Tengah, Km 2.5, Jalan Tekukur II, Palangka, Palangka Raya, Kalimantan Tengah, Kalimantan, 73112, Indonesia",Kalimantan Tengah,Palangka Raya,"Museum Kalimantan Tengah, Palangka Raya, Kalimantan Tengah",gambar_wisata/Museum_Kalimantan_Tengah,kota palangka raya kota kota provinsi kalimantan indonesia kota memiliki luas wilayah penduduk jiwa kepadatan penduduk jiwa
museum,Museum Kalimantan Utara,-3.3024355,114.6091698,"STMIK Indonesia Banjarmasin, Jalan Museum Perjuangan, Sungai Jingah, Banjarmasin Utara, Banjarmasin, Kalimantan Selatan, Kalimantan, 70121, Indonesia",Kalimantan Selatan,Banjarmasin,"Museum Kalimantan Utara, Banjarmasin, Kalimantan Selatan",gambar_wisata/Museum_Kalimantan_Utara,total museum kalimantan selatan terdaftar kemendikbud
museum,Museum Kapuas,0.0833669,111.4914561,"Museum Dara Juanti, Pangeran Kuning, Kapuas Kiri Hulu, Sintang, Kalimantan Barat, Kalimantan, 78613, Indonesia",Kalimantan Barat,Sintang,"Museum Kapuas, Sintang, Kalimantan Barat",gambar_wisata/Museum_Kapuas,musem dara juanti museum menyimpan bukti sejarah perabadan daerah sintang bekas lokasi pusat pemerintahan kerajaan sintang istana mukarramah museum bekas kompleks kerajaan sintang terawat tinggal sultan sintang pangeran ratu sri negara ikhsan perdana
museum,Museum Kartini Jepara,-6.5887998,110.6675049,"Museum RA.Kartini, Jalan Patimura, Ujungbatu, Jepara, Jawa Tengah, Jawa, 59411, Indonesia",Jawa Tengah,Jepara,"Museum Kartini Jepara, Jepara, Jawa Tengah",gambar_wisata/Museum_Kartini_Jepara,jepara bahasa jawa pegon hanzi jepara kota kota kabupaten jepara pusat pemerintahan perekonomian kabupaten jepara jepara wilayah kecamatan terletak kabupaten jepara provinsi jawa indonesia
museum,Museum Keprajuritan,-6.3056878,106.8968058,"Museum Keprajuritan Indonesia, Jalan Mabes Hankam, RW 02, Ceger, Cipayung, Jakarta Timur, Daerah Khusus ibukota Jakarta, Jawa, 13890, Indonesia",Jawa Timur,Jakarta Timur,"Museum Keprajuritan, Jakarta Timur, nan",gambar_wisata/Museum_Keprajuritan,kabupaten majalengka aksara sunda wilayah kabupaten terletak provinsi jawa barat indonesia kotanya kecamatan majalengka
museum,Museum Keramik,-6.1342607,106.8144771,"Museum Seni Rupa dan Keramik, Jalan Kemukus, RW 06, Pinangsia, Taman Sari, Jakarta Barat, Daerah Khusus ibukota Jakarta, Jawa, 11110, Indonesia",Jawa Timur,Daerah Khusus ibukota Jakarta,"Museum Keramik, Daerah Khusus ibukota Jakarta, nan",gambar_wisata/Museum_Keramik,kota malang bahasa jawa hanacaraka pegon pengucapan bahasa jawa mala kota terletak provinsi jawa timur indonesia kota kota terbesar jawa timur surabaya kota terbesar indonesia kota didirikan pemerintahan belanda april broeveldt wali kota
museum,Museum Keraton Surakarta,-7.5784379,110.8283543,"Museum Keraton Surakarta, Jalan Mloyokusuman, Baluwarti, Surakarta, Kecamatan Pasar Kliwon, Jawa Tengah, Jawa, 57118, Indonesia",Jawa Tengah,Surakarta,"Museum Keraton Surakarta, Surakarta, Jawa Tengah",gambar_wisata/Museum_Keraton_Surakarta,keraton surakarta hadiningrat keraton surakarta istana resmi kesunanan surakarta hadiningrat terletak kota surakarta keraton didirikan sri susuhunan pakubuwana pengganti keraton kartasura porak poranda akibat geger pecinan
museum,Museum Keris,-7.5689811,110.8109454,"Museum Keris Nusantara, Jalan Bhayangkara, Sriwedari, Surakarta, Jawa Tengah, Jawa, 57143, Indonesia",Jawa Tengah,Surakarta,"Museum Keris, Surakarta, Jawa Tengah",gambar_wisata/Museum_Keris,jawa diakronimkan jateng wilayah provinsi indonesia terletak pulau jawa kota provinsi jawa kota semarang
museum,Museum Keris Nusantara Solo,-7.5689811,110.8109454,"Museum Keris Nusantara, Jalan Bhayangkara, Sriwedari, Surakarta, Jawa Tengah, Jawa, 57143, Indonesia",Jawa Tengah,Surakarta,"Museum Keris Nusantara Solo, Surakarta, Jawa Tengah",gambar_wisata/Museum_Keris_Nusantara_Solo,museum keris nusantara museum dibangun direktorat jenderal kebudayaan kementerian pendidikan kebudayaan direktorat pelestarian cagar budaya permuseuman diresmikan presiden republik indonesia joko widodo tanggal agustus museum keris lokasi eks gedung rumah sakit jiwa mangunjayan direncanakan menyatu ruang terbuka hijau rth kawasan stadion maladi sriwedari
museum,Museum Konferensi Asia Afrika,-6.921073,107.6096452,"Museum Konferensi Asia-Afrika, 65, Jalan Asia Afrika, Braga, Sumur Bandung, Kota Bandung, Jawa Barat, Jawa, 40111, Indonesia",Jawa Barat,Kota Bandung,"Museum Konferensi Asia Afrika, Kota Bandung, Jawa Barat",gambar_wisata/Museum_Konferensi_Asia_Afrika,kota bandung bahasa sunda pegon hanzi translit bandung pelafalan bahasa indonesia ban kota kota provinsi provinsi jawa barat indonesia
museum,Museum Kota Makassar,-5.134618,119.4086104,"Museum Kota Makassar, Jalan Balai Kota, Baru, Ujung Pandang, Makassar, Sulawesi Selatan, Sulawesi, 90171, Indonesia",Sulawesi Selatan,Makassar,"Museum Kota Makassar, Makassar, Sulawesi Selatan",gambar_wisata/Museum_Kota_Makassar,selat makassar selat terletak pulau kalimantan sulawesi indonesia masuk wilayah tektonik kompleks tepi lempeng eurasia utara selat makassar berhubungan langsung laut sulawesi terdalam mencapai
museum,Museum La Galigo,-5.1345696,119.4057161,"Museum La Galigo, 2, Jalan Ujung Pandang, Bulogading, Ujung Pandang, Makassar, Sulawesi Selatan, Sulawesi, 90221, Indonesia",Sulawesi Selatan,Makassar,"Museum La Galigo, Makassar, Sulawesi Selatan",gambar_wisata/Museum_La_Galigo,museum galigo museum provinsi sulawesi selatan terletak kota makassar sulawesi selatan indonesia terletak
museum,Museum Layang-layang,-6.3078393,106.7906265,"Museum Layang-layang Indonesia, Jalan Haji Kamang, RW 10, Pondok Labu, Cilandak, Jakarta Selatan, Daerah Khusus ibukota Jakarta, Jawa, 12450, Indonesia",Jawa Timur,Daerah Khusus ibukota Jakarta,"Museum Layang-layang, Daerah Khusus ibukota Jakarta, nan",gambar_wisata/Museum_Layang-layang,kerajaan medang jawa kuno translit atwan medang kuno kerajaan agraris talasokrasi berdiri jawa abad masehi didirikan sanjaya berpindah jawa timur abad masehi dyah balitung dyah sindok
museum,Museum Lubang Buaya,-6.3008429,106.8914087,"Museum Indonesia, Jalan Taman Mini Indonesia Indah, Taman Mini Indonesia Indah (TMII), Cipayung, Jakarta Timur, Daerah Khusus ibukota Jakarta, Jawa, 13560, Indonesia",Jawa Timur,Jakarta Timur,"Museum Lubang Buaya, Jakarta Timur, nan",gambar_wisata/Museum_Lubang_Buaya,silakan kunjungi pariwisata indonesia informasi lengkap
museum,Museum Majapahit,-7.5600584,112.3805254,"Museum Majapahit Trowulan, Jalan Jayanegara 01, Trowulan, Mojokerto, Jawa Timur, Jawa, 61362, Indonesia",Jawa Timur,Trowulan,"Museum Majapahit, Trowulan, Jawa Timur",gambar_wisata/Museum_Majapahit,pusat informasi majapahit pim dikenal museum trowulan museum arkeologi terletak trowulan mojokerto jawa timur indonesia museum dibangun menyimpan artefak temuan arkeologi ditemukan trowulan
museum,Museum Maluku Utara,2.0343944,128.2956849,"Museum Trikora, Jalan Mac Arthur - Trans Morotai, Gotalamo, Pulau Morotai, Maluku Utara, Maluku, Indonesia",Maluku Utara,Pulau Morotai,"Museum Maluku Utara, Pulau Morotai, Maluku Utara",gambar_wisata/Museum_Maluku_Utara,maluku provinsi indonesia kota provinsi terletak kota ambon kota terbesar provinsi
museum,Museum Mandala Wangsit Siliwangi,-6.9173055,107.6111041,"Museum Mandala Wangsit Siliwangi, 38, Jalan Lembong, Braga, Sumur Bandung, Kota Bandung, Jawa Barat, Jawa, 40111, Indonesia",Jawa Barat,Kota Bandung,"Museum Mandala Wangsit Siliwangi, Kota Bandung, Jawa Barat",gambar_wisata/Museum_Mandala_Wangsit_Siliwangi,museum wangsit mandala siliwangi museum militer kota bandung jawa barat siliwangi nama komando daerah militer tni jawa barat banten namanya diambil raja kerajaan sunda beribu kota pakuan pajajaran kekuasaannya konon terbatas arif bijaksana wibawa menjalankan roda pemerintahan
museum,Museum Mulawarman,-0.413277,116.9900654,"Museum Mulawarman, 26, Jalan Pangeran Diponegoro, Panji, Kutai Kartanegara, Kalimantan Timur, Kalimantan, 75513, Indonesia",Kalimantan Timur,Kutai Kartanegara,"Museum Mulawarman, Kutai Kartanegara, Kalimantan Timur",gambar_wisata/Museum_Mulawarman,museum mulawarman museum kota tenggarong provinsi kalimantan timur indonesia museum bekas istana kesultanan kutai kartanegara dibangun diresmikan museum kutai tanggal november gubernur abdoel wahab sjahranie diserahterimakan departemen pendidikan kebudayaan tanggal februari berganti nama museum negeri provinsi kalimantan timur mulawarman
museum,Museum Mulawarman Tenggarong,-0.413277,116.9900654,"Museum Mulawarman, 26, Jalan Pangeran Diponegoro, Panji, Kutai Kartanegara, Kalimantan Timur, Kalimantan, 75513, Indonesia",Kalimantan Timur,Kutai Kartanegara,"Museum Mulawarman Tenggarong, Kutai Kartanegara, Kalimantan Timur",gambar_wisata/Museum_Mulawarman_Tenggarong,tenggarong disingkat tgr kecamatan kota kabupaten kutai kartanegara kalimantan timur indonesia wilayah tenggarong terbagi kelurahan desa memiliki luas wilayah mencapai penduduk jiwa
museum,Museum Musik Indonesia Malang,-7.9882707,112.6265568,"Museum Musik Indonesia, Jalan Nusa Kambangan No. 19, Jalan Nusa Kambangan, Kasin, Kota Malang, Jawa Timur, Jawa, 65117, Indonesia",Jawa Timur,Kota Malang,"Museum Musik Indonesia Malang, Kota Malang, Jawa Timur",gambar_wisata/Museum_Musik_Indonesia_Malang,museum nasional indonesia museum gajah museum arkeologi sejarah etnografi geografi dibawah naungan museum cagar budaya kementerian kebudayaan republik indonesia terletak jalan merdeka barat jakarta pusat museum museum terbesar asia tenggara
museum,Museum Nasional Indonesia,-6.5987871,106.7938611,"Museum Nasional Sejarah Alam Indonesia, Jalan Kantor Batu, Bogor Tengah, Bogor, Jawa Barat, Jawa, 16122, Indonesia",Jawa Barat,Bogor,"Museum Nasional Indonesia, Bogor, Jawa Barat",gambar_wisata/Museum_Nasional_Indonesia,museum nasional indonesia museum gajah museum arkeologi sejarah etnografi geografi dibawah naungan museum cagar budaya kementerian kebudayaan republik indonesia terletak jalan merdeka barat jakarta pusat museum museum terbesar asia tenggara
museum,Museum Negeri Mataram,-8.585067,116.0858857,"Museum Negeri NTB, Jalan Panji Tilar Negara, Kekalik Kijang, Kel. Kekalik Jaya, BTN Kekalik, Mataram, Kec. Ampenan, Nusa Tenggara Barat, Nusa Tenggara, 83215, Indonesia",Nusa Tenggara Barat,Mataram,"Museum Negeri Mataram, Mataram, Nusa Tenggara Barat",gambar_wisata/Museum_Negeri_Mataram,wilayah metropolitan mataram mataram mataram kota terbesar kota provinsi nusa tenggara barat indonesia adat suku sasak mewarnai masyarakat kota
museum,Museum Negeri Nusa Tenggara Barat,-8.585067,116.0858857,"Museum Negeri NTB, Jalan Panji Tilar Negara, Kekalik Kijang, Kel. Kekalik Jaya, BTN Kekalik, Mataram, Kec. Ampenan, Nusa Tenggara Barat, Nusa Tenggara, 83215, Indonesia",Nusa Tenggara Barat,Mataram,"Museum Negeri Nusa Tenggara Barat, Mataram, Nusa Tenggara Barat",gambar_wisata/Museum_Negeri_Nusa_Tenggara_Barat,museum negeri nusa tenggara barat museum terletak mataram lombok indonesia museum negeri provinsi nusa tenggara barat museum slogan museum citra peradaban bangsa
museum,Museum Negeri Sulawesi Utara,1.4882902,124.8447485,"Museum Negeri Sulawesi Utara, W.R. Supratman, Titiwungen Utara, Manado, Sulawesi Utara, Sulawesi, 95111, Indonesia",Sulawesi Utara,Manado,"Museum Negeri Sulawesi Utara, Manado, Sulawesi Utara",gambar_wisata/Museum_Negeri_Sulawesi_Utara,sulawesi utara disingkat sulut salah provinsi terletak ujung utara pulau sulawesi indonesia kota terletak kota manado sulawesi utara sulut berbatasan laut maluku samudra pasifik sebelah timur laut maluku teluk tomini sebelah selatan laut sulawesi provinsi gorontalo sebelah barat provinsi davao occidental sebelah utara
museum,Museum Neka,-8.4918367,115.2536188,"Neka Art Museum, Raya Sanggingan, Ubud, Kecamatan Ubud, Gianyar, Bali, Nusa Tenggara, 80571, Indonesia",Bali,Gianyar,"Museum Neka, Gianyar, Bali",gambar_wisata/Museum_Neka,daftar berdasarkan daftar anggota asosiasi museum indonesia data master warisan budaya benda kementerian pendidikan kebudayaan kemendikbud daftar membedakan museum cagar budaya berdasarkan standar kode unik museum cagar budaya kemendikbud
museum,Museum NTB,-8.585067,116.0858857,"Museum Negeri NTB, Jalan Panji Tilar Negara, Kekalik Kijang, Kel. Kekalik Jaya, BTN Kekalik, Mataram, Kec. Ampenan, Nusa Tenggara Barat, Nusa Tenggara, 83215, Indonesia",Nusa Tenggara Barat,Mataram,"Museum NTB, Mataram, Nusa Tenggara Barat",gambar_wisata/Museum_NTB,museum negeri nusa tenggara barat museum terletak mataram lombok indonesia museum negeri provinsi nusa tenggara barat museum slogan museum citra peradaban bangsa
museum,Museum Nusa Tenggara Barat,-10.1589523,123.6196131,"Museum Daerah Nusa Tenggara Timur, Jalan Frans-Seda, Perumahan Artha Graha, Kec. Kelapa Lima, TDM, Kupang, Nusa Tenggara Timur, Nusa Tenggara, 85228, Indonesia",Nusa Tenggara Timur,Kupang,"Museum Nusa Tenggara Barat, Kupang, Nusa Tenggara Timur",gambar_wisata/Museum_Nusa_Tenggara_Barat,museum daerah nusa tenggara timur museum provinsi nusa tenggara timur ntt terletak kota kupang nusa tenggara timur terletak jalan raya eltari museum didirikan
museum,Museum Nusa Tenggara Timur,-10.1589523,123.6196131,"Museum Daerah Nusa Tenggara Timur, Jalan Frans-Seda, Perumahan Artha Graha, Kec. Kelapa Lima, TDM, Kupang, Nusa Tenggara Timur, Nusa Tenggara, 85228, Indonesia",Nusa Tenggara Timur,Kupang,"Museum Nusa Tenggara Timur, Kupang, Nusa Tenggara Timur",gambar_wisata/Museum_Nusa_Tenggara_Timur,museum daerah nusa tenggara timur museum provinsi nusa tenggara timur ntt terletak kota kupang nusa tenggara timur terletak jalan raya eltari museum didirikan
museum,Museum Palangka Raya,-2.1956114,113.9016328,"Museum Balanga Kalimantan Tengah, Km 2.5, Jalan Tekukur II, Palangka, Palangka Raya, Kalimantan Tengah, Kalimantan, 73112, Indonesia",Kalimantan Tengah,Palangka Raya,"Museum Palangka Raya, Palangka Raya, Kalimantan Tengah",gambar_wisata/Museum_Palangka_Raya,kota palangka raya kota kota provinsi kalimantan indonesia kota memiliki luas wilayah penduduk jiwa kepadatan penduduk jiwa
museum,Museum Palu,-0.9021152,119.8538483,"Museum Negeri Provinsi Sulawesi Tengah - Palu, 23, Jalan Kemiri, Kecamatan Ulujadi, Palu, Sulawesi Tengah, Sulawesi, 94111, Indonesia",Sulawesi Tengah,Palu,"Museum Palu, Palu, Sulawesi Tengah",gambar_wisata/Museum_Palu,kota palu kota terletak tepi laut ibukota provinsi sulawesi indonesia palu kota terletak sulawesi berbatasan kabupaten donggala sebelah barat utara kabupaten sigi sebelah selatan kabupaten parigi moutong sebelah timur
museum,Museum Pasifika,-8.7998998,115.2307568,"Museum Pasifika, 777, Wirayudha, Nusa Dua, Benoa, Kuta Selatan, Badung, Bali, Nusa Tenggara, 80361, Indonesia",Bali,Badung,"Museum Pasifika, Badung, Bali",gambar_wisata/Museum_Pasifika,museum pasifika nusa bali museum seni bali indonesia menyajikan kebudayaan asia pasifik lukisan artefak budaya
museum,Museum Pendidikan Indonesia,-8.0344195,112.64949,"Museum Pendidikan Indonesia Kota Malang, Jl. Raya Tlogowaru, Tlogowaru, Kec. Kedungkandang, Kota Malang, Jawa Timur, Jalan Tlogowaru, RW.04, KEL. TLOGOWARU, KOTA MALANG, Tlogowaru, Kota Malang, Jawa Timur, Jawa, 65133, Indonesia",Jawa Timur,Kota Malang,"Museum Pendidikan Indonesia, Kota Malang, Jawa Timur",gambar_wisata/Museum_Pendidikan_Indonesia,jawa timur diakronimkan jatim wilayah provinsi terletak timur pulau jawa indonesia kotanya kota surabaya
museum,Museum Pendidikan Nasional,-6.8597725,107.5941677,"Museum Pendidikan Nasional UPI, 229, Jalan Muh Yamin, Isola, Sukajadi, Kota Bandung, Jawa Barat, Jawa, 40154, Indonesia",Jawa Barat,Kota Bandung,"Museum Pendidikan Nasional, Kota Bandung, Jawa Barat",gambar_wisata/Museum_Pendidikan_Nasional,kota bandung bahasa sunda pegon hanzi translit bandung pelafalan bahasa indonesia ban kota kota provinsi provinsi jawa barat indonesia
museum,Museum Prasasti,-6.1723713,106.8195429,"Museum Taman Prasasti, Jalan Tanah Abang I, RW 08, Petojo Selatan, Gambir, Jakarta Pusat, Daerah Khusus ibukota Jakarta, Jawa, 10320, Indonesia",Jawa Timur,Daerah Khusus ibukota Jakarta,"Museum Prasasti, Daerah Khusus ibukota Jakarta, nan",gambar_wisata/Museum_Prasasti,kerajaan medang jawa kuno translit atwan medang kuno kerajaan agraris talasokrasi berdiri jawa abad masehi didirikan sanjaya berpindah jawa timur abad masehi dyah balitung dyah sindok
museum,Museum Prasasti Jakarta,-6.1723713,106.8195429,"Museum Taman Prasasti, Jalan Tanah Abang I, RW 08, Petojo Selatan, Gambir, Jakarta Pusat, Daerah Khusus ibukota Jakarta, Jawa, 10320, Indonesia",Jawa Timur,Daerah Khusus ibukota Jakarta,"Museum Prasasti Jakarta, Daerah Khusus ibukota Jakarta, nan",gambar_wisata/Museum_Prasasti_Jakarta,sriwijaya kedatuan bahari historis berasal pulau sumatra abad abad kehadirannya pengaruh perkembangan sejarah asia tenggara kawasan nusantara barat
museum,Museum Puri Lukisan,-8.5050909,115.2603669,"Museum Puri Lukisan, Jalan Raya Ubud, Ubud, Kecamatan Ubud, Gianyar, Bali, Nusa Tenggara, 80571, Indonesia",Bali,Gianyar,"Museum Puri Lukisan, Gianyar, Bali",gambar_wisata/Museum_Puri_Lukisan,museum puri lukisan bernama lengkap museum puri lukisan ratna wartha museum koleksi kesenian budaya bali lukisan hasil ukiran kayu tradisional modern museum museum seni tertua bali menyimpan koleksi
museum,Museum Puri Lukisan Bali,-8.5050909,115.2603669,"Museum Puri Lukisan, Jalan Raya Ubud, Ubud, Kecamatan Ubud, Gianyar, Bali, Nusa Tenggara, 80571, Indonesia",Bali,Gianyar,"Museum Puri Lukisan Bali, Gianyar, Bali",gambar_wisata/Museum_Puri_Lukisan_Bali,pulau bali destinasi wisata terpopuler indonesia total kunjungan wisatawan mancanegara indonesia pintu masuk bandara ngurah rai mencapai terhitung oktober nilai penerimaan devisa bali indonesia sektor pariwisata triliun rupiah
museum,Museum Radya Pustaka,-7.5686713,110.814407,"Museum Radya Pustaka, Jalan Brigadir Jenderal Slamet Riyadi, Timuran, Surakarta, Jawa Tengah, Jawa, 57132, Indonesia",Jawa Tengah,Surakarta,"Museum Radya Pustaka, Surakarta, Jawa Tengah",gambar_wisata/Museum_Radya_Pustaka,museum radya pustaka bahasa jawa translit musyium radya pustaka museum terletak surakarta jawa indonesia
museum,Museum Ranggawarsita,-6.9860374,110.3839468,"Museum Ranggawarsita, Jalan Abdul Rahman Saleh, RW 05, Kalibanteng Kidul, Semarang Barat, Kota Semarang, Jawa Tengah, Jawa, 50148, Indonesia",Jawa Tengah,Kota Semarang,"Museum Ranggawarsita, Kota Semarang, Jawa Tengah",gambar_wisata/Museum_Ranggawarsita,museum ranggawarsita museum negeri terletak semarang indonesia museum negeri museum ranggawarsita resmi dikenal museum negeri provinsi jawa
museum,Museum Rudana,-8.5294046,115.2715408,"Museum Rudana, 44, Jalan Cok Rai Pudak, Peliatan, Kecamatan Ubud, Gianyar, Bali, Nusa Tenggara, 80571, Indonesia",Bali,Gianyar,"Museum Rudana, Gianyar, Bali",gambar_wisata/Museum_Rudana,ubud aksara bali desa adat kawasan destinasi pariwisata wilayah pulau bali indonesia ubud terkenal wisatawan mancanegara terletak sawah hutan berjurang jurang pemandangan alam indah
museum,Museum Sangiran,-7.4559497,110.834048,"Museum Manusia Purba Sangiran, Jalan Barokah, Gondangrejo, Karanganyar, Jawa Tengah, Jawa, Indonesia",Jawa Tengah,Karanganyar,"Museum Sangiran, Karanganyar, Jawa Tengah",gambar_wisata/Museum_Sangiran,museum manusia purba sangiran museum sangiran museum arkeologi terletak kabupaten sragen karanganyar memiliki klaster terletak kabupaten sragen klaster terletak kabupaten karanganyar
museum,Museum Sejarah Jakarta,-6.1351503,106.8133668,"Museum Sejarah Jakarta, Taman Fatahillah, RW 06, Pinangsia, Taman Sari, Jakarta Barat, Daerah Khusus ibukota Jakarta, Jawa, 11110, Indonesia",Jawa Timur,Daerah Khusus ibukota Jakarta,"Museum Sejarah Jakarta, Daerah Khusus ibukota Jakarta, nan",gambar_wisata/Museum_Sejarah_Jakarta,monumen nasional disingkat monas tugu monas monumen peringatan meter kaki terletak lapangan medan merdeka jakarta pusat monas didirikan mengenang perlawanan perjuangan rakyat indonesia merebut kemerdekaan pemerintahan kolonial kerajaan belanda
museum,Museum Seni Rupa dan Keramik,-6.1342607,106.8144771,"Museum Seni Rupa dan Keramik, Jalan Kemukus, RW 06, Pinangsia, Taman Sari, Jakarta Barat, Daerah Khusus ibukota Jakarta, Jawa, 11110, Indonesia",Jawa Timur,Daerah Khusus ibukota Jakarta,"Museum Seni Rupa dan Keramik, Daerah Khusus ibukota Jakarta, nan",gambar_wisata/Museum_Seni_Rupa_dan_Keramik,kota malang bahasa jawa hanacaraka pegon pengucapan bahasa jawa mala kota terletak provinsi jawa timur indonesia kota kota terbesar jawa timur surabaya kota terbesar indonesia kota didirikan pemerintahan belanda april broeveldt wali kota
museum,Museum Setia Darma,-8.533909,115.2795977,"Setia Darma, Jalan Tegal Bingin, Mas, Kecamatan Ubud, Gianyar, Bali, Nusa Tenggara, 80571, Indonesia",Bali,Gianyar,"Museum Setia Darma, Gianyar, Bali",gambar_wisata/Museum_Setia_Darma,daftar berdasarkan daftar anggota asosiasi museum indonesia data master warisan budaya benda kementerian pendidikan kebudayaan kemendikbud daftar membedakan museum cagar budaya berdasarkan standar kode unik museum cagar budaya kemendikbud
museum,Museum Siwalima,-3.7123684,128.1519337,"Museum Siwalima, Jalan Dokter Malaihollo, Nusaniwe, Ambon, Maluku, 97117, Indonesia",Maluku,Ambon,"Museum Siwalima, Ambon, Maluku",gambar_wisata/Museum_Siwalima,maluku provinsi indonesia kota provinsi terletak kota ambon kota terbesar provinsi
museum,Museum Sonobudoyo,-7.8023442,110.3644129,"Museum Sonobudoyo Unit I, 06, Jalan Pangurakan, Kampung Ketandan, Prawirodirjan, Gondomanan, Kota Yogyakarta, Daerah Istimewa Yogyakarta, Jawa, 55122, Indonesia",Daerah Istimewa Yogyakarta,Kota Yogyakarta,"Museum Sonobudoyo, Kota Yogyakarta, Daerah Istimewa Yogyakarta",gambar_wisata/Museum_Sonobudoyo,kota yogyakarta bahasa jawa translit ngayogyakarta pengucapan bahasa jawa ajogj kart dikenal masyarakat sebutan nama yogya jogja kota pusat pemerintahan perekonomian provinsi daerah istimewa yogyakarta indonesia
museum,Museum Sulawesi Barat,1.4882902,124.8447485,"Museum Negeri Sulawesi Utara, W.R. Supratman, Titiwungen Utara, Manado, Sulawesi Utara, Sulawesi, 95111, Indonesia",Sulawesi Utara,Manado,"Museum Sulawesi Barat, Manado, Sulawesi Utara",gambar_wisata/Museum_Sulawesi_Barat,sulawesi utara disingkat sulut salah provinsi terletak ujung utara pulau sulawesi indonesia kota terletak kota manado sulawesi utara sulut berbatasan laut maluku samudra pasifik sebelah timur laut maluku teluk tomini sebelah selatan laut sulawesi provinsi gorontalo sebelah barat provinsi davao occidental sebelah utara
museum,Museum Sulawesi Tenggara,-3.9771924,122.5177405,"Museum Negeri Provinsi Sulawesi Tenggara, 113, Jalan Sao Sao, Mandonga, Kendari, Sulawesi Tenggara, Sulawesi, 93461, Indonesia",Sulawesi Tenggara,Kendari,"Museum Sulawesi Tenggara, Kendari, Sulawesi Tenggara",gambar_wisata/Museum_Sulawesi_Tenggara,museum negeri provinsi sulawesi tenggara museum terletak abunawas
museum,Museum Sultan Mahmud Badaruddin II,-2.99029,104.7610605,"Museum Sultan Mahmud Badaruddin II, 19, Jalan Dokter AK. Gani, RW 06 Kel. 19 Ilir Kec. Bukit Kecil, Bukit Kecil, Palembang, Sumatera Selatan, Sumatera, 30113, Indonesia",Sumatera Selatan,Palembang,"Museum Sultan Mahmud Badaruddin II, Palembang, Sumatera Selatan",gambar_wisata/Museum_Sultan_Mahmud_Badaruddin_II,museum sultan mahmud badaruddin museum kota palembang sumatera selatan indonesia museum didirikan bekas bangunan rumah residen kolonial sumatera selatan abad
museum,Museum Sumpah Pemuda,-6.1838168,106.8430499,"Museum Sumpah Pemuda, Jalan Kramat Raya, RW 09, Kwitang, Senen, Jakarta Pusat, Daerah Khusus ibukota Jakarta, Jawa, 10450, Indonesia",Jawa Timur,Daerah Khusus ibukota Jakarta,"Museum Sumpah Pemuda, Daerah Khusus ibukota Jakarta, nan",gambar_wisata/Museum_Sumpah_Pemuda,monumen nasional disingkat monas tugu monas monumen peringatan meter kaki terletak lapangan medan merdeka jakarta pusat monas didirikan mengenang perlawanan perjuangan rakyat indonesia merebut kemerdekaan pemerintahan kolonial kerajaan belanda
museum,Museum Taman Prasasti,-6.1723713,106.8195429,"Museum Taman Prasasti, Jalan Tanah Abang I, RW 08, Petojo Selatan, Gambir, Jakarta Pusat, Daerah Khusus ibukota Jakarta, Jawa, 10320, Indonesia",Jawa Timur,Daerah Khusus ibukota Jakarta,"Museum Taman Prasasti, Daerah Khusus ibukota Jakarta, nan",gambar_wisata/Museum_Taman_Prasasti,kerajaan medang jawa kuno translit atwan medang kuno kerajaan agraris talasokrasi berdiri jawa abad masehi didirikan sanjaya berpindah jawa timur abad masehi dyah balitung dyah sindok
museum,Museum Tanjung Redeb,2.1599252,117.4918973,"Museum Batiwakkal, Jalan Manunggal, Tanjung Redeb, Berau, Kalimantan Timur, Kalimantan, 77311, Indonesia",Kalimantan Timur,Berau,"Museum Tanjung Redeb, Berau, Kalimantan Timur",gambar_wisata/Museum_Tanjung_Redeb,kabupaten berau salah kabupaten provinsi kalimantan timur indonesia kota kabupaten terletak kecamatan tanjung redeb
museum,Museum Tosan Aji,-7.7110119,110.0097575,"Museum Tosan Aji, 10, Jalan Mayjen Sutoyo, Purworejo, Jawa Tengah, Jawa, 54151, Indonesia",Jawa Tengah,Purworejo,"Museum Tosan Aji, Purworejo, Jawa Tengah",gambar_wisata/Museum_Tosan_Aji,kabupaten purworejo bahasa jawa hanacaraka pegon translit purw wilayah kabupaten provinsi jawa indonesia
museum,Museum Trinil Ngawi,-7.3743213,111.357806,"Museum Trinil Ngawi, Jalan Raya Solo - Ngawi, Sukosari, Gemarang, Ngawi, Jawa Timur, Jawa, Indonesia",Jawa Timur,Ngawi,"Museum Trinil Ngawi, Ngawi, Jawa Timur",gambar_wisata/Museum_Trinil_Ngawi,kabupaten ngawi bahasa jawa hanacaraka pegon translit ngaw pengucapan bahasa jawa kabupaten provinsi jawa timur indonesia
museum,Museum Tsunami Aceh,5.5478201,95.3151652,"Museum Tsunami Aceh, Jalan Sultan Iskandar Muda, Suka Ramai, Baiturrahman, Banda Aceh, Aceh, Sumatera, 23116, Indonesia",Aceh,Banda Aceh,"Museum Tsunami Aceh, Banda Aceh, Aceh",gambar_wisata/Museum_Tsunami_Aceh,aceh provinsi pulau sumatra indonesia kota provinsi kota banda aceh
museum,Museum Wayang,-7.5147128,109.2942576,"Museum Wayang Banyumas, 1, Jalan Alun-Alun, Banyumas, Jawa Tengah, Jawa, 53192, Indonesia",Jawa Tengah,Banyumas,"Museum Wayang, Banyumas, Jawa Tengah",gambar_wisata/Museum_Wayang,museum wayang museum berlokasi jalan pintu utara nomor jakarta barat
museum,Museum Wayang Jakarta,-6.1348145,106.8125091,"Wayang Museum, Taman Fatahillah, RW 06, Pinangsia, Taman Sari, Jakarta Barat, Daerah Khusus ibukota Jakarta, Jawa, 11110, Indonesia",Jawa Timur,Daerah Khusus ibukota Jakarta,"Museum Wayang Jakarta, Daerah Khusus ibukota Jakarta, nan",gambar_wisata/Museum_Wayang_Jakarta,kerajaan medang jawa kuno translit atwan medang kuno kerajaan agraris talasokrasi berdiri jawa abad masehi didirikan sanjaya berpindah jawa timur abad masehi dyah balitung dyah sindok
museum,Museum Zoologi Bogor,-6.6035575,106.7969138,"Museum Zoologi, 9, Jalan Otto Iskandardinata, Bogor Tengah, Bogor, Jawa Barat, Jawa, 16122, Indonesia",Jawa Barat,Bogor,"Museum Zoologi Bogor, Bogor, Jawa Barat",gambar_wisata/Museum_Zoologi_Bogor,museum zoologi bogor bahasa sunda translit musieum zoologi bogor museum terletak bogor memiliki koleksi berkaitan dunia satwa spesimen diawetkan fosil hewan
pantai,Pantai Air Saga,-2.7260361,107.6298609,"Hotel Bunga Pantai, Jalan Pattimura, Tanjung Pendam, Belitung, Kepulauan Bangka Belitung, Sumatera, 33415, Indonesia",Kepulauan Bangka Belitung,Belitung,"Pantai Air Saga, Belitung, Kepulauan Bangka Belitung",gambar_wisata/Pantai_Air_Saga,pentacity shopping venue pusat perbelanjaan terletak balikpapan kalimantan timur didirikan mal kawasan serbaguna balikpapan superblock bsb karya pam pintu air mas group
pantai,Pantai Amed,-8.3305768,115.638125,"Weston Pantai Rumah, Jalan. I Ketut Natih, Purwa Kerthi, Kecamatan Abang, Karangasem, Bali, Nusa Tenggara, 80852, Indonesia",Bali,Karangasem,"Pantai Amed, Karangasem, Bali",gambar_wisata/Pantai_Amed,kabupaten karangasem bahasa bali aksara bali kabupat kara salah kabupaten provinsi bali terletak timur pulau bali kotanya kota amlapura
pantai,Pantai Balekambang,-8.4030438,112.5364708,"Pantai Balekambang Malang, Jalan Balaikambang, Balaikambang, Kabupaten Malang, Jawa Timur, Jawa, 65179, Indonesia",Jawa Timur,Kabupaten Malang,"Pantai Balekambang, Kabupaten Malang, Jawa Timur",gambar_wisata/Pantai_Balekambang,pantai balekambang pantai pesisir selatan terletak tepi samudra indonesia administratif masuk wilayah dusun sumber jambe desa srigonco kecamatan bantur kabupaten malang jawa timur salah wisata kabupaten malang pantai berjarak pusat kota malang ditempuh jam
pantai,Pantai Balian,-8.499574,114.9650184,"Jalan Pantai Balian, Suraberata, Tabanan, Bali, Nusa Tenggara, Indonesia",Bali,Tabanan,"Pantai Balian, Tabanan, Bali",gambar_wisata/Pantai_Balian,bali provinsi indonesia terletak barat kepulauan nusa tenggara beribu kota kota denpasar pulau bali pulau terbesar provinsi bali memiliki julukan pulau dewata pulau seribu pura
pantai,Pantai Bandengan,-6.5541815,110.6512845,"Pantai Bandengan, Jalan Tirto Samudro, Kalijengking, Cikal, Jepara, Jawa Tengah, Jawa, 59417, Indonesia",Jawa Tengah,Jepara,"Pantai Bandengan, Jepara, Jawa Tengah",gambar_wisata/Pantai_Bandengan,bandengan desa kecamatan jepara jepara jawa indonesia
pantai,Pantai Batu Layar,-8.4990433,116.0481663,"Jalan Pantai Senggigi, Dusun Loco Dalam, Senggigi, Lombok Barat, Nusa Tenggara Barat, Nusa Tenggara, 83355, Indonesia",Nusa Tenggara Barat,Lombok Barat,"Pantai Batu Layar, Lombok Barat, Nusa Tenggara Barat",gambar_wisata/Pantai_Batu_Layar,nusa tenggara barat disingkat ntb provinsi indonesia kepulauan nusa tenggara provinsi bali sebelah barat provinsi nusa tenggara timur sebelah timur pusat pemerintahan kota provinsi kota mataram
pantai,Pantai Baubau,-5.5239244,122.5679746,"Pantai Nirwana, Baubau, Sulawesi Tenggara, Sulawesi, Indonesia",Sulawesi Tenggara,Baubau,"Pantai Baubau, Baubau, Sulawesi Tenggara",gambar_wisata/Pantai_Baubau,kota baubau kota provinsi sulawesi tenggara indonesia kota terletak pulau buton pulau terbesar provinsi
pantai,Pantai Bentar,-7.7800155,113.2762115,"Pantai Bentar, Probolinggo, Jawa Timur, Jawa, Indonesia",Jawa Timur,Probolinggo,"Pantai Bentar, Probolinggo, Jawa Timur",gambar_wisata/Pantai_Bentar,kabupaten probolinggo disingkat proling hanacaraka pegon hanzi pelafalan bahasa indonesia salah kabupaten provinsi jawa timur indonesia kota kabupaten terletak kecamatan kraksaan
pantai,Pantai Bira,-5.6076102,120.4434226,"Pantai Bara (Bara beach), Pelabuhan Feri Bira, Bulukumba, Bira, Sulawesi Selatan, Sulawesi, 92551, Indonesia",Sulawesi Selatan,Sulawesi,"Pantai Bira, Sulawesi, Sulawesi Selatan",gambar_wisata/Pantai_Bira,sulawesi selatan diakronimkan sulsel lontara provinsi semenanjung selatan pulau sulawesi indonesia kepulauan selayar selatan pulau sulawesi provinsi
pantai,Pantai Boom,-8.2067756,114.3837475,"Pantai Boom, Krajan, Banyuwangi, Kampungmandar, Banyuwangi, Jawa Timur, Jawa, 68419, Indonesia",Jawa Timur,Banyuwangi,"Pantai Boom, Banyuwangi, Jawa Timur",gambar_wisata/Pantai_Boom,pantai boom pantai terletak kelurahan kampung mandar kecamatan banyuwangi banyuwangi jawa timur pantai dulunya pelabuhan
pantai,Pantai Bunaken,1.6186573,124.7662841,"Loket Pintu Masuk Pantai Liang, Public Harbour, Bunaken, Manado, Sulawesi Utara, Sulawesi, 95231, Indonesia",Sulawesi Utara,Manado,"Pantai Bunaken, Manado, Sulawesi Utara",gambar_wisata/Pantai_Bunaken,sulawesi utara disingkat sulut salah provinsi terletak ujung utara pulau sulawesi indonesia kota terletak kota manado sulawesi utara sulut berbatasan laut maluku samudra pasifik sebelah timur laut maluku teluk tomini sebelah selatan laut sulawesi provinsi gorontalo sebelah barat provinsi davao occidental sebelah utara
pantai,Pantai Candidasa,-8.5121812,115.5766859,"Jalan Pantai Indah, Candi Dasa 1, Candidasa, Kecamatan Karangasem, Karangasem, Bali, Nusa Tenggara, 80851, Indonesia",Bali,Karangasem,"Pantai Candidasa, Karangasem, Bali",gambar_wisata/Pantai_Candidasa,kabupaten karangasem bahasa bali aksara bali kabupat kara salah kabupaten provinsi bali terletak timur pulau bali kotanya kota amlapura
pantai,Pantai Carita,-6.3042114,105.8416302,"Kondominium Pantai Carita Selatan, 3, Sukajadi, Pandeglang, Jawa, 42273, Indonesia",Jawa Timur,Pandeglang,"Pantai Carita, Pandeglang, nan",gambar_wisata/Pantai_Carita,silakan kunjungi pariwisata indonesia informasi lengkap
pantai,Pantai Cemara,-8.8893538,116.5070133,"Pantai Cemara, Jalan Tanjung Ringgit, Repoksampih, Jerowaru, Lombok Timur, Nusa Tenggara Barat, Nusa Tenggara, 83672, Indonesia",Nusa Tenggara Barat,Daerah Khusus ibukota Jakarta,"Pantai Cemara, nan, Nusa Tenggara Barat",gambar_wisata/Pantai_Cemara,kabupaten manggarai timur salah kabupaten provinsi nusa tenggara timur indonesia kabupaten manggarai timur hasil pemekaran kabupaten manggarai tepatnya tanggal juli
pantai,Pantai Depok,-8.0139962,110.2926462,"Pantai Depok, Parangtritis, Kretek, Bantul, Daerah Istimewa Yogyakarta, Jawa, Indonesia",Daerah Istimewa Yogyakarta,Bantul,"Pantai Depok, Bantul, Daerah Istimewa Yogyakarta",gambar_wisata/Pantai_Depok,daerah istimewa yogyakarta disingkat yogyakarta diy daerah istimewa setingkat provinsi indonesia peleburan negara kesultanan yogyakarta negara kadipaten paku alaman kota kota yogyakarta daerah istimewa yogyakarta terletak selatan pulau jawa berbatasan provinsi jawa samudra hindia
pantai,Pantai Glagah,-7.9046994,110.0774413,"Pantai Glagah, Glagah, Temon, Kulonprogo, Daerah Istimewa Yogyakarta, Jawa, 55654, Indonesia",Daerah Istimewa Yogyakarta,Kulonprogo,"Pantai Glagah, Kulonprogo, Daerah Istimewa Yogyakarta",gambar_wisata/Pantai_Glagah,daerah istimewa yogyakarta disingkat yogyakarta diy daerah istimewa setingkat provinsi indonesia peleburan negara kesultanan yogyakarta negara kadipaten paku alaman kota kota yogyakarta daerah istimewa yogyakarta terletak selatan pulau jawa berbatasan provinsi jawa samudra hindia
pantai,Pantai Gorontalo,0.4483029,123.1258975,"Pantai Botutonuo, Molutabu Barat, Bone Bolango, Gorontalo, Sulawesi, Indonesia",Gorontalo,Bone Bolango,"Pantai Gorontalo, Bone Bolango, Gorontalo",gambar_wisata/Pantai_Gorontalo,gorontalo provinsi indonesia terletak semenanjung minahasa utara pulau sulawesi kota kota gorontalo provinsi gorontalo lahir desember berdasarkan undang undang nomor
pantai,Pantai Hunimua,-3.5161745,128.3486454,"Pantai Hunimua-Liang, Batudua, Maluku Tengah, Maluku, Indonesia",Maluku,Maluku Tengah,"Pantai Hunimua, Maluku Tengah, Maluku",gambar_wisata/Pantai_Hunimua,salahutu kecamatan kabupaten maluku maluku indonesia timur laut pulau ambon kotanya negeri tulehu
pantai,Pantai Kartini,-6.5880078,110.6453129,"taman pantai kartini, Bulu, Jepara, Jawa Tengah, Jawa, Indonesia",Jawa Tengah,Jepara,"Pantai Kartini, Jepara, Jawa Tengah",gambar_wisata/Pantai_Kartini,pantai kartini objek wisata pantai desa bulu jepara jawa pantai terletak arah barat pendopo kantor bupati jepara
pantai,Pantai Klayar,-8.2246926,110.9484172,"Pantai Klayar, Pacitan, Jawa Timur, Jawa, Indonesia",Jawa Timur,Pacitan,"Pantai Klayar, Pacitan, Jawa Timur",gambar_wisata/Pantai_Klayar,pantai klayar pantai pasir putih batu karang tebing tebing batu mengelilingi pantai terletak pacitan jawa timur berbatasan wonogiri jawa
pantai,Pantai Kulisusu,-4.7691904,123.1729134,"Jalan Pantai Loji, L O J I, Kulisusu, Buton Utara, Sulawesi Tenggara, Sulawesi, Indonesia",Sulawesi Tenggara,Buton Utara,"Pantai Kulisusu, Buton Utara, Sulawesi Tenggara",gambar_wisata/Pantai_Kulisusu,sulawesi tenggara disingkat sultra provinsi indonesia terletak tenggara pulau sulawesi kota kendari sulawesi tenggara nama salah kabupaten provinsi sulawesi selatan ibukotanya kecamatan baubau
pantai,Pantai Kuta,-8.7182136,115.1687568,"Pantai Kuta, Kuta, Badung, Bali, Nusa Tenggara, Indonesia",Bali,Badung,"Pantai Kuta, Badung, Bali",gambar_wisata/Pantai_Kuta,kecamatan kuta aksara bali kecamatan kabupaten badung provinsi bali indonesia wilayah seluas memiliki wisata indonesia terkenal manca negara pantai kuta penggemar olahraga selancar
pantai,Pantai Kuta Lombok,-8.893944,116.2833729,"Pantai Kuta Lombok / Kuta Mandalika, Jalan Selong Belanak - Kuta, Sedin Kesik, Kuta, Lombok Tengah, Nusa Tenggara Barat, Nusa Tenggara, 83573, Indonesia",Nusa Tenggara Barat,Lombok Tengah,"Pantai Kuta Lombok, Lombok Tengah, Nusa Tenggara Barat",gambar_wisata/Pantai_Kuta_Lombok,nusa tenggara barat disingkat ntb provinsi indonesia kepulauan nusa tenggara provinsi bali sebelah barat provinsi nusa tenggara timur sebelah timur pusat pemerintahan kota provinsi kota mataram
pantai,Pantai Labuan Bajo,-8.5087436,119.877941,"Jalan Pantai Pede, Wae Mata, Labuan Bajo, Manggarai Barat, Nusa Tenggara Timur, Nusa Tenggara, 86753, Indonesia",Nusa Tenggara Timur,Labuan Bajo,"Pantai Labuan Bajo, Labuan Bajo, Nusa Tenggara Timur",gambar_wisata/Pantai_Labuan_Bajo,labuan bajo salah kelurahan kecamatan komodo kabupaten manggarai barat provinsi nusa tenggara timur indonesia labuan bajo pusat pemerintahan kecamatan komodo kota kabupaten manggarai barat
pantai,Pantai Lasiana,-10.131952,123.6691231,"Pantai Lasiana, Jalan Cendawan, Lasiana, Kupang, Nusa Tenggara Timur, Nusa Tenggara, 85361, Indonesia",Nusa Tenggara Timur,Kupang,"Pantai Lasiana, Kupang, Nusa Tenggara Timur",gambar_wisata/Pantai_Lasiana,provinsi nusa tenggara timur kabupaten kotamadya kecamatan kelurahan desa
pantai,Pantai Losari,-5.14338,119.4075742,"Anjungan Pantai Losari, Maloku, Ujung Pandang, Makassar, Sulawesi Selatan, Sulawesi, Indonesia",Sulawesi Selatan,Makassar,"Pantai Losari, Makassar, Sulawesi Selatan",gambar_wisata/Pantai_Losari,pantai losari makassar pantai terletak sebelah barat kota makassar provinsi sulawesi selatan indonesia pantai warga makassar menghabiskan pagi sore malam menikmati pemandangan matahari tenggelam indah
pantai,Pantai Lovina,-8.1611877,115.0244312,"Pantai Lovina, Jalan Mawar, Kaliasem, Buleleng, Bali, Nusa Tenggara, 00362, Indonesia",Bali,Buleleng,"Pantai Lovina, Buleleng, Bali",gambar_wisata/Pantai_Lovina,pantai lovina lovina pesisir pantai terletak sebelah barat kota singaraja daerah salah objek wisata bali utara
pantai,Pantai Malalayang,1.4603363,124.7923249,"Pantai Malalayang, Manado, Sulawesi Utara, Sulawesi, 95162, Indonesia",Sulawesi Utara,Manado,"Pantai Malalayang, Manado, Sulawesi Utara",gambar_wisata/Pantai_Malalayang,malalayang kecamatan kota manado sulawesi utara indonesia
pantai,Pantai Mamuju,-2.6707339,118.8893381,"Pantai Manakarra, Mamuju, Sulawesi Barat, Sulawesi, Indonesia",Sulawesi Barat,Mamuju,"Pantai Mamuju, Mamuju, Sulawesi Barat",gambar_wisata/Pantai_Mamuju,sulawesi barat disingkat sulbar lontara provinsi terletak barat pulau sulawesi indonesia daerah provinsi sulawesi selatan pemekaran provinsi
pantai,Pantai Mandalika,-8.893944,116.2833729,"Pantai Kuta Lombok / Kuta Mandalika, Jalan Selong Belanak - Kuta, Sedin Kesik, Kuta, Lombok Tengah, Nusa Tenggara Barat, Nusa Tenggara, 83573, Indonesia",Nusa Tenggara Barat,Lombok Tengah,"Pantai Mandalika, Lombok Tengah, Nusa Tenggara Barat",gambar_wisata/Pantai_Mandalika,nusa tenggara barat disingkat ntb provinsi indonesia kepulauan nusa tenggara provinsi bali sebelah barat provinsi nusa tenggara timur sebelah timur pusat pemerintahan kota provinsi kota mataram
pantai,Pantai Melawai,-1.2787968,116.8099832,"Pantai Melawai, Jalan Jenderal Sudirman, Prapatan, Balikpapan Kota, Balikpapan, Kalimantan Timur, Kalimantan, 76111, Indonesia",Kalimantan Timur,Balikpapan,"Pantai Melawai, Balikpapan, Kalimantan Timur",gambar_wisata/Pantai_Melawai,kalimantan toponim kalamantan cal mantan kal mantan kelamantan kilamantan klamantan mantan lemantan quallamontan borneo dunia internasional pulau terbesar ketiga dunia terletak sebelah utara pulau jawa sebelah barat pulau sulawesi pulau kalimantan dibagi wilayah indonesia malaysia brunei
pantai,Pantai Merah Muda,-8.6013697,119.5205211,"Pantai Merah Muda, Komodo, Manggarai Barat, Nusa Tenggara Timur, Nusa Tenggara, Indonesia",Nusa Tenggara Timur,Manggarai Barat,"Pantai Merah Muda, Manggarai Barat, Nusa Tenggara Timur",gambar_wisata/Pantai_Merah_Muda,labuan bajo salah kelurahan kecamatan komodo kabupaten manggarai barat provinsi nusa tenggara timur indonesia labuan bajo pusat pemerintahan kecamatan komodo kota kabupaten manggarai barat
pantai,Pantai Minahasa,1.3955103,124.5897766,"Pantai Kumu Village, Kumu, Minahasa, Sulawesi Utara, Sulawesi, Indonesia",Sulawesi Utara,Sulawesi,"Pantai Minahasa, Sulawesi, Sulawesi Utara",gambar_wisata/Pantai_Minahasa,sulawesi utara disingkat sulut salah provinsi terletak ujung utara pulau sulawesi indonesia kota terletak kota manado sulawesi utara sulut berbatasan laut maluku samudra pasifik sebelah timur laut maluku teluk tomini sebelah selatan laut sulawesi provinsi gorontalo sebelah barat provinsi davao occidental sebelah utara
pantai,Pantai Murung Raya,-0.5888837,114.2568886,"Pantai Laga, Murung Raya, Kalimantan Tengah, Kalimantan, Indonesia",Kalimantan Tengah,Murung Raya,"Pantai Murung Raya, Murung Raya, Kalimantan Tengah",gambar_wisata/Pantai_Murung_Raya,kabupaten murung raya wilayah kabupaten terletak provinsi kalimantan indonesia kotanya puruk cahu
pantai,Pantai Mutun,-5.5095584,105.2568023,"PANTAI MUTUN, Jalan Lempasing - Padang Cermin, Hurun, Pesawaran, Lampung, Sumatera, 35450, Indonesia",Lampung,Pesawaran,"Pantai Mutun, Pesawaran, Lampung",gambar_wisata/Pantai_Mutun,kota bandar lampung bernama tanjungkarang telukbetung kota kota provinsi provinsi lampung indonesia penduduk kota bandar lampung pertengahan jiwa
pantai,Pantai Mutun Lampung,-5.5095584,105.2568023,"PANTAI MUTUN, Jalan Lempasing - Padang Cermin, Hurun, Pesawaran, Lampung, Sumatera, 35450, Indonesia",Lampung,Pesawaran,"Pantai Mutun Lampung, Pesawaran, Lampung",gambar_wisata/Pantai_Mutun_Lampung,kota bandar lampung bernama tanjungkarang telukbetung kota kota provinsi provinsi lampung indonesia penduduk kota bandar lampung pertengahan jiwa
pantai,Pantai Nambo,-4.0006455,122.6175135,"Pantai Nambo, Nambo, Kendari, Sulawesi Tenggara, Sulawesi, 93234, Indonesia",Sulawesi Tenggara,Kendari,"Pantai Nambo, Kendari, Sulawesi Tenggara",gambar_wisata/Pantai_Nambo,kota kendari kota kota pusat pemerintahan provinsi sulawesi tenggara indonesia kendari diresmikan kotamadya kota
pantai,Pantai Natsepa,-3.6215875,128.2914815,"Pantai Natsepa, Jalan Raya Utama Tulehu, Suli, Maluku Tengah, Maluku, Indonesia",Maluku,Maluku Tengah,"Pantai Natsepa, Maluku Tengah, Maluku",gambar_wisata/Pantai_Natsepa,maluku provinsi indonesia kota provinsi terletak kota ambon kota terbesar provinsi
pantai,Pantai Nemberala,-10.8898977,122.8223329,"Pantai Nemberala, Rote Ndao, Nusa Tenggara Timur, Nusa Tenggara, Indonesia",Nusa Tenggara Timur,Rote Ndao,"Pantai Nemberala, Rote Ndao, Nusa Tenggara Timur",gambar_wisata/Pantai_Nemberala,rote ndao kabupaten ujung selatan provinsi nusa tenggara timur indonesia kota kabupaten terletak baa
pantai,Pantai Nipah,-8.4400336,116.0392101,"Pantai Nipah, Lombok Utara, Nusa Tenggara Barat, Nusa Tenggara, Indonesia",Nusa Tenggara Barat,Lombok Utara,"Pantai Nipah, Lombok Utara, Nusa Tenggara Barat",gambar_wisata/Pantai_Nipah,pemenang salah kecamatan kabupaten lombok utara nusa tenggara barat indonesia kecamatan berjarak kota kabupaten lombok utara
pantai,Pantai Nusa Dua,-8.8064165,115.2267684,"Jalan Pantai Mengiat, Nusa Dua, Benoa, Kuta Selatan, Badung, Bali, Nusa Tenggara, 80363, Indonesia",Bali,Badung,"Pantai Nusa Dua, Badung, Bali",gambar_wisata/Pantai_Nusa_Dua,bali provinsi indonesia terletak barat kepulauan nusa tenggara beribu kota kota denpasar pulau bali pulau terbesar provinsi bali memiliki julukan pulau dewata pulau seribu pura
pantai,Pantai Padang Padang,-8.8112154,115.103637,"Pantai Padang Padang, Pecatu, Kuta Selatan, Badung, Bali, Nusa Tenggara, 80361, Indonesia",Bali,Badung,"Pantai Padang Padang, Badung, Bali",gambar_wisata/Pantai_Padang_Padang,kabupaten badung bali kabupat bad kabupaten terletak provinsi bali indonesia kota badung mangupura kecamatan mengwi ibukota badung kota denpasar
pantai,Pantai Palu,-0.8644432,119.877316,"Pantai Kampung Nelayan, Palu, Sulawesi Tengah, Sulawesi, 94119, Indonesia",Sulawesi Tengah,Palu,"Pantai Palu, Palu, Sulawesi Tengah",gambar_wisata/Pantai_Palu,kota palu kota terletak tepi laut ibukota provinsi sulawesi indonesia palu kota terletak sulawesi berbatasan kabupaten donggala sebelah barat utara kabupaten sigi sebelah selatan kabupaten parigi moutong sebelah timur
pantai,Pantai Parangtritis,-8.0272827,110.3370078,"Pantai Parangtritis, Parangtritis, Kretek, Bantul, Daerah Istimewa Yogyakarta, Jawa, Indonesia",Daerah Istimewa Yogyakarta,Bantul,"Pantai Parangtritis, Bantul, Daerah Istimewa Yogyakarta",gambar_wisata/Pantai_Parangtritis,daerah istimewa yogyakarta disingkat yogyakarta diy daerah istimewa setingkat provinsi indonesia peleburan negara kesultanan yogyakarta negara kadipaten paku alaman kota kota yogyakarta daerah istimewa yogyakarta terletak selatan pulau jawa berbatasan provinsi jawa samudra hindia
pantai,Pantai Pasir Padi,-2.1116955,106.1719255,"Pantai Pasir Padi, Pangkalpinang, Bangka Tengah, Kepulauan Bangka Belitung, Sumatera, Indonesia",Kepulauan Bangka Belitung,Pangkalpinang,"Pantai Pasir Padi, Pangkalpinang, Kepulauan Bangka Belitung",gambar_wisata/Pantai_Pasir_Padi,kepulauan bangka belitung provinsi indonesia pulau utama pulau bangka pulau belitung ratusan pulau pulau total pulau bernama pulau berpenghuni pulau kepulauan bangka belitung terletak timur pulau sumatra berbatasan provinsi sumatera selatan
pantai,Pantai Pasir Putih,-3.831786,102.2827747,"Pantai Pasir Putih, Padang Harapan, Bengkulu, Ratu Samban, Bengkulu, Sumatera, 38225, Indonesia",Bengkulu,Bengkulu,"Pantai Pasir Putih, Bengkulu, Bengkulu",gambar_wisata/Pantai_Pasir_Putih,kota bengkulu bahasa inggris bencoolen rejang abjad jawi kota kota provinsi provinsi bengkulu indonesia kota kota terbesar pantai barat pulau sumatra kota padang
pantai,Pantai Pink,-8.8595798,116.5757111,"Pantai Pink, Nusa Tenggara Barat, Nusa Tenggara, Indonesia",Nusa Tenggara Barat,Daerah Khusus ibukota Jakarta,"Pantai Pink, nan, Nusa Tenggara Barat",gambar_wisata/Pantai_Pink,silakan kunjungi pariwisata indonesia informasi lengkap
pantai,Pantai Plengkung,-8.7314822,114.3494883,"Pantai Plengkung, G-Land, Banyuwangi, Jawa Timur, Jawa, Indonesia",Jawa Timur,Banyuwangi,"Pantai Plengkung, Banyuwangi, Jawa Timur",gambar_wisata/Pantai_Plengkung,pantai plengkung dikenal nama land pantai terletak kawasan taman nasional alas purwo kabupaten banyuwangi jawa timur plengkung dicapai perjalanan darat bali
pantai,Pantai Popoh,-8.2494031,111.8087741,"Jalan Pantai Popoh, Tulungagung, Jawa Timur, Jawa, Indonesia",Jawa Timur,Tulungagung,"Pantai Popoh, Tulungagung, Jawa Timur",gambar_wisata/Pantai_Popoh,pantai popoh pantai terletak desa besole kota tulungagung jawa timur indonesia lokasi pantai popoh berhadapan langsung samudra hindia ujung timur pegunungan kidul
pantai,Pantai Rajegwesi,-8.5594036,113.9360312,"Pantai Rajegwesi, Rajegwesi, Banyuwangi, Jawa Timur, Jawa, Indonesia",Jawa Timur,Banyuwangi,"Pantai Rajegwesi, Banyuwangi, Jawa Timur",gambar_wisata/Pantai_Rajegwesi,pantai rajegwesi pantai terletak desa sarongan kecamatan pesanggaran banyuwangi jawa timur pantai rajegwesi terletak kawasan taman nasional meru betiri
pantai,Pantai Samas,-8.0055784,110.2660484,"Pantai Samas, Srigading, Sanden, Bantul, Daerah Istimewa Yogyakarta, Jawa, Indonesia",Daerah Istimewa Yogyakarta,Bantul,"Pantai Samas, Bantul, Daerah Istimewa Yogyakarta",gambar_wisata/Pantai_Samas,daerah istimewa yogyakarta disingkat yogyakarta diy daerah istimewa setingkat provinsi indonesia peleburan negara kesultanan yogyakarta negara kadipaten paku alaman kota kota yogyakarta daerah istimewa yogyakarta terletak selatan pulau jawa berbatasan provinsi jawa samudra hindia
pantai,Pantai Sanur,-8.6737949,115.2626771,"pantai sanur, Jalan Hang Tuah, Sanur Kaja, Denpasar Selatan, Denpasar á¬¤á¬¾á¬¦á­á¬§á¬²á¬, Bali, Nusa Tenggara, 80030, Indonesia",Bali,Denpasar ,"Pantai Sanur, Denpasar á¬¤á¬¾á¬¦á­á¬§á¬²á¬, Bali",gambar_wisata/Pantai_Sanur,kota denpasar bahasa bali npasar kota pusat pemerintahan perekonomian provinsi bali indonesia denpasar kota terbesar kepulauan nusa tenggara kota terbesar wilayah indonesia timur kota makassar
pantai,Pantai Sekotong,-8.6112353,116.1068754,"Jalan Pantai Sekotong, Perumahan Pagutan, Kel. Pagutan Barat, Lingk. Bukit Ngandang, Mataram, Kec. Mataram, Nusa Tenggara Barat, Nusa Tenggara, 83117, Indonesia",Nusa Tenggara Barat,Mataram,"Pantai Sekotong, Mataram, Nusa Tenggara Barat",gambar_wisata/Pantai_Sekotong,nusa tenggara barat disingkat ntb provinsi indonesia kepulauan nusa tenggara provinsi bali sebelah barat provinsi nusa tenggara timur sebelah timur pusat pemerintahan kota provinsi kota mataram
pantai,Pantai Selong Belanak,-8.8700693,116.1607277,"Pantai Selong Belanak, batas Dusun Selong Belanak, Selong Belanak, Lombok Tengah, Nusa Tenggara Barat, Nusa Tenggara, Indonesia",Nusa Tenggara Barat,Lombok Tengah,"Pantai Selong Belanak, Lombok Tengah, Nusa Tenggara Barat",gambar_wisata/Pantai_Selong_Belanak,templat desaserangan selong belanak salah desa terletak kecamatan praya barat kabupaten lombok provinsi nusa tenggara barat indonesia desa penduduknya bersuku sasak
pantai,Pantai Sembalun,-8.6010084,116.0752593,"Jalan Pantai Tanjung Karang, Lingk. Bendega, Kel. Tanjung Karang, Mataram, Kec. Sekarbela, Nusa Tenggara Barat, Nusa Tenggara, 83115, Indonesia",Nusa Tenggara Barat,Mataram,"Pantai Sembalun, Mataram, Nusa Tenggara Barat",gambar_wisata/Pantai_Sembalun,nusa tenggara barat disingkat ntb provinsi indonesia kepulauan nusa tenggara provinsi bali sebelah barat provinsi nusa tenggara timur sebelah timur pusat pemerintahan kota provinsi kota mataram
pantai,Pantai Seminyak,-8.6841122,115.1523646,"Pantai Seminyak, Seminyak, Kuta, Kuta Utara, Badung, Bali, Nusa Tenggara, Indonesia",Bali,Badung,"Pantai Seminyak, Badung, Bali",gambar_wisata/Pantai_Seminyak,seminyak kelurahan kecamatan kabupaten badung provinsi bali republik indonesia pantai kelurahan seminyak pantai kudeta pantai seminyak pantai camplung pantai gado gado pantai double six
pantai,Pantai Senggigi,-8.4982125,116.0453563,"Pantai Senggigi, Senggigi, Lombok Barat, Nusa Tenggara Barat, Nusa Tenggara, Indonesia",Nusa Tenggara Barat,Lombok Barat,"Pantai Senggigi, Lombok Barat, Nusa Tenggara Barat",gambar_wisata/Pantai_Senggigi,nusa tenggara barat disingkat ntb provinsi indonesia kepulauan nusa tenggara provinsi bali sebelah barat provinsi nusa tenggara timur sebelah timur pusat pemerintahan kota provinsi kota mataram
pantai,Pantai Sire,-8.6029369,116.1300819,"Jalan Pantai Sire, Lingk. Abian Tubuh Selatan, Kel. Abian Tubuh Baru, Mataram, Kec. Cakranegara, Nusa Tenggara Barat, Nusa Tenggara, 83232, Indonesia",Nusa Tenggara Barat,Mataram,"Pantai Sire, Mataram, Nusa Tenggara Barat",gambar_wisata/Pantai_Sire,nusa tenggara barat disingkat ntb provinsi indonesia kepulauan nusa tenggara provinsi bali sebelah barat provinsi nusa tenggara timur sebelah timur pusat pemerintahan kota provinsi kota mataram
pantai,Pantai Sorong,-0.7673552,131.4133775,"Batu Lobang Pantai, Sorong, Papua Barat Daya, Western New Guinea, Indonesia",Papua Barat Daya,Sorong,"Pantai Sorong, Sorong, Papua Barat Daya",gambar_wisata/Pantai_Sorong,papua barat daya provinsi indonesia pemekaran provinsi papua barat papua barat daya provinsi indonesia
pantai,Pantai Sulamadaha,0.8626597,127.3352817,"Pantai Sulamadaha, Ternate, Maluku Utara, Maluku, Indonesia",Maluku Utara,Ternate,"Pantai Sulamadaha, Ternate, Maluku Utara",gambar_wisata/Pantai_Sulamadaha,kota ternate kota terletak provinsi maluku utara indonesia kota ternate kaki gunung api gamalama pulau ternate
pantai,Pantai Tambakrejo,-8.3159075,112.1444142,"Pantai Tambakrejo, Jalan Pantai, Tambakrejo, Blitar, Jawa Timur, Jawa, Indonesia",Jawa Timur,Blitar,"Pantai Tambakrejo, Blitar, Jawa Timur",gambar_wisata/Pantai_Tambakrejo,pantai tambakrejo pantai desa tambakrejo kecamatan wonotirto kabupaten blitar jawa timur pantai berpasir putih terletak sebelah selatan kota blitar terletak teluk garis pantai mencapai
pantai,Pantai Tanah Merah,-1.0475821,117.1014597,"Jalan Pantai Tanah Merah, Tanjung Harapan, Kutai Kartanegara, Kalimantan Timur, Kalimantan, Indonesia",Kalimantan Timur,Kutai Kartanegara,"Pantai Tanah Merah, Kutai Kartanegara, Kalimantan Timur",gambar_wisata/Pantai_Tanah_Merah,kabupaten kutai timur salah kabupaten provinsi kalimantan timur indonesia kota kabupaten terletak sangatta
pantai,Pantai Tanjung,-2.9327697,132.2991496,"Wagom Pantai, Tanjung Wagom, Wagom Pantai, Fakfak, Papua Barat, Western New Guinea, 98100, Indonesia",Papua Barat,Fakfak,"Pantai Tanjung, Fakfak, Papua Barat",gambar_wisata/Pantai_Tanjung,kota sorong kota provinsi papua barat daya indonesia kota dikenal sebutan kota minyak nederlands nieuw guinea petroleum maatschappij nngpm aktivitas pengeboran minyak bumi sorong
pantai,Pantai Teleng Ria,-8.2211573,111.0788703,"Pantai Teleng Ria, Pacitan, Jawa Timur, Jawa, Indonesia",Jawa Timur,Pacitan,"Pantai Teleng Ria, Pacitan, Jawa Timur",gambar_wisata/Pantai_Teleng_Ria,kabupaten pacitan bahasa jawa hanacaraka pegon pengucapan bahasa jawa wilayah kabupaten terletak provinsi jawa timur indonesia kotanya kecamatan pacitan
pantai,Pantai Teluk Lombok,0.3774549,117.5599753,"Pantai Teluk Lombok, Kutai Timur, Kalimantan Timur, Kalimantan, Indonesia",Kalimantan Timur,Kutai Timur,"Pantai Teluk Lombok, Kutai Timur, Kalimantan Timur",gambar_wisata/Pantai_Teluk_Lombok,kabupaten kutai timur salah kabupaten provinsi kalimantan timur indonesia kota kabupaten terletak sangatta
pantai,Pantai Teluk Penyu,-7.7344586,109.0212913,"Pantai Teluk penyu, Jalan Penyu, RW 15 Kelurahan Cilacap, Cilacap, Kelurahan Cilacap Kecamatan Cilacap, Cilacap, Jawa Tengah, Jawa, 53212, Indonesia",Jawa Tengah,Kelurahan Cilacap Kecamatan Cilacap,"Pantai Teluk Penyu, Kelurahan Cilacap Kecamatan Cilacap, Jawa Tengah",gambar_wisata/Pantai_Teluk_Penyu,kabupaten cilacap hanacaraka aksara sunda pegon wilayah kabupaten terletak provinsi jawa indonesia kabupaten beribukota cilacap
pantai,Pantai Ternate,0.8626597,127.3352817,"Pantai Sulamadaha, Ternate, Maluku Utara, Maluku, Indonesia",Maluku Utara,Ternate,"Pantai Ternate, Ternate, Maluku Utara",gambar_wisata/Pantai_Ternate,kota ternate kota terletak provinsi maluku utara indonesia kota ternate kaki gunung api gamalama pulau ternate
pantai,Pantai Waisai,-0.4284786,130.8219783,"Pantai WTC (WAISAI TORANG CINTA), Waisai, Raja Ampat, Papua Barat Daya, Western New Guinea, 98482, Indonesia",Papua Barat Daya,Raja Ampat,"Pantai Waisai, Raja Ampat, Papua Barat Daya",gambar_wisata/Pantai_Waisai,kota waisai salah distrik kabupaten raja ampat provinsi papua barat daya indonesia kota waisai kota pusat pemerintahan kabupaten raja ampat
pantai,Pantai Wakatobi,-5.3662198,123.4998643,"Pantai Oawolio, Wakatobi, Sulawesi Tenggara, Sulawesi, Indonesia",Sulawesi Tenggara,Wakatobi,"Pantai Wakatobi, Wakatobi, Sulawesi Tenggara",gambar_wisata/Pantai_Wakatobi,kabupaten wakatobi salah kabupaten provinsi sulawesi tenggara indonesia kota kabupaten terletak kecamatan wangiwangi dibentuk berdasarkan undang undang republik indonesia nomor tanggal desember
pantai,Pantai Watu Karung,-8.2402291,110.9828998,"Pantai Kasap, Watu Karung, Pacitan, Jawa Timur, Jawa, Indonesia",Jawa Timur,Pacitan,"Pantai Watu Karung, Pacitan, Jawa Timur",gambar_wisata/Pantai_Watu_Karung,kabupaten pacitan bahasa jawa hanacaraka pegon pengucapan bahasa jawa wilayah kabupaten terletak provinsi jawa timur indonesia kotanya kecamatan pacitan
rumah adat,Rumah Adat Banjar Kalimantan Selatan,-2.634037,115.0957531,"Rumah Adat Banjar Bubungan Tinggi Habirau, Jalan Raya Negara, Habirau, Hulu Sungai Selatan, Kalimantan Selatan, Kalimantan, Indonesia",Kalimantan Selatan,Hulu Sungai Selatan,"Rumah Adat Banjar Kalimantan Selatan, Hulu Sungai Selatan, Kalimantan Selatan",gambar_wisata/Rumah_Adat_Banjar_Kalimantan_Selatan,kalimantan selatan provinsi pulau kalimantan indonesia maret kota provinsi resmi dipindah kota banjarbaru menggantikan kota banjarmasin
rumah adat,Rumah Adat Buton Baubau,-4.6872524,123.0221566,"Rumah Adat Lambale, Jalan Poros Ereke-Baubau, Kulisusu Barat, Kotawo, Kulisusu Barat, Buton Utara, Sulawesi Tenggara, Sulawesi, Indonesia",Sulawesi Tenggara,Buton Utara,"Rumah Adat Buton Baubau, Buton Utara, Sulawesi Tenggara",gambar_wisata/Rumah_Adat_Buton_Baubau,suku buton jawi suku bangsa menempati wilayah sulawesi tenggara tepatnya kepulauan buton suku buton ditemui signifikan sulawesi tenggara maluku utara kalimantan timur kepulauan riau maluku papua migrasi orang buton
rumah adat,Rumah Adat Dayak Kalimantan,0.3852633,109.9339283,"Radakng Aya Landak (Rumah Adat Dayak), Vila Del Fia, Ngabang, Landak, Kalimantan Barat, Kalimantan, 79357, Indonesia",Kalimantan Barat,Landak,"Rumah Adat Dayak Kalimantan, Landak, Kalimantan Barat",gambar_wisata/Rumah_Adat_Dayak_Kalimantan,kalimantan barat provinsi indonesia pulau kalimantan kota pusat pemerintahan kota pontianak luas wilayah provinsi kalimantan barat luas indonesia
rumah adat,Rumah Adat Enrekang Sulawesi Selatan,-3.6103967,119.8797063,"Rumah Adat Matakali, Jalan Poros Maiwa - Bungin, Matakali, Maiwa, Enrekang, Sulawesi Selatan, Sulawesi, Indonesia",Sulawesi Selatan,Sulawesi,"Rumah Adat Enrekang Sulawesi Selatan, Sulawesi, Sulawesi Selatan",gambar_wisata/Rumah_Adat_Enrekang_Sulawesi_Selatan,sulawesi selatan diakronimkan sulsel lontara provinsi semenanjung selatan pulau sulawesi indonesia kepulauan selayar selatan pulau sulawesi provinsi
rumah adat,Rumah Adat Gadang Sumatera Barat,-1.4595663,101.0315028,"rumah adat, Pasir Talang, Solok Selatan, Sumatera Barat, Sumatera, Indonesia",Sumatera Barat,Solok Selatan,"Rumah Adat Gadang Sumatera Barat, Solok Selatan, Sumatera Barat",gambar_wisata/Rumah_Adat_Gadang_Sumatera_Barat,sumatera barat diakronimkan sumbar provinsi indonesia terletak pulau sumatra kota padang provinsi sumatera barat terletak pesisir barat sumatra dataran bukit barisan sebelah timur pulau lepas pantainya kepulauan mentawai
rumah adat,Rumah Adat Lamin Kalimantan Timur,0.1978164,117.4729648,"Rumah Adat Lamin Kutai Guntung, Jalan Tari Gong, Guntung, Bontang, Kalimantan Timur, Kalimantan, 75321, Indonesia",Kalimantan Timur,Bontang,"Rumah Adat Lamin Kalimantan Timur, Bontang, Kalimantan Timur",gambar_wisata/Rumah_Adat_Lamin_Kalimantan_Timur,kalimantan timur provinsi pulau kalimantan indonesia luas total kalimantan timur
rumah adat,Rumah Adat Toraja,-3.0044673,119.9566412,"rumah adat toraja, Jalan Potos Buntao - Sangalla, Buntao Pitung Penanian, Toraja Utara, Sulawesi Selatan, Sulawesi, Indonesia",Sulawesi Selatan,Toraja Utara,"Rumah Adat Toraja, Toraja Utara, Sulawesi Selatan",gambar_wisata/Rumah_Adat_Toraja,kabupaten toraja utara kabupaten provinsi sulawesi selatan indonesia kota kabupaten kecamatan rantepao
rumah adat,Rumah Adat Toraja Utara,-2.9860708,119.9527722,"rumah adat, Jalan Andi Achmand, Tondon, Toraja Utara, Sulawesi Selatan, Sulawesi, 91813, Indonesia",Sulawesi Selatan,Toraja Utara,"Rumah Adat Toraja Utara, Toraja Utara, Sulawesi Selatan",gambar_wisata/Rumah_Adat_Toraja_Utara,kabupaten toraja utara kabupaten provinsi sulawesi selatan indonesia kota kabupaten kecamatan rantepao
taman,Taman Anggrek Mall,-6.1783746,106.7922761,"Mall Taman Anggrek, Kav. 21, Jalan Tanjung Duren Timur II, RW 07, Tanjung Duren Selatan, Grogol Petamburan, Jakarta Barat, Daerah Khusus ibukota Jakarta, Jawa, 11470, Indonesia",Jawa Timur,Daerah Khusus ibukota Jakarta,"Taman Anggrek Mall, Daerah Khusus ibukota Jakarta, nan",gambar_wisata/Taman_Anggrek_Mall,kota tegal bahasa jawa hanacaraka pegon hanzi belanda tagal kota provinsi jawa indonesia kota cikal berdirinya korps marinir tercatat pangkalan alri tegal nama corps mariniers november
taman,Taman Bunga Nusantara,-6.7277478,107.0794088,"Taman Bunga Nusantara, Kawungluwuk, Cianjur, Jawa Barat, Jawa, Indonesia",Jawa Barat,Cianjur,"Taman Bunga Nusantara, Cianjur, Jawa Barat",gambar_wisata/Taman_Bunga_Nusantara,taman bunga nusantara taman bunga seluas hektare terletak gunung gede pangrango kebun teh bogor jarak tempuh jam perjalanan jakarta tepatnya desa kawungluwuk sukaresmi cianjur sukawangi sukamakmur jonggol taman disimpan tipe bunga dunia tumbuh budi daya anggrek
taman,Taman Cagar Alam Gunung Ambang,0.7518555,124.4170723,"Taman Wisata Alam Gunung Ambang, Moat, Bolaang Mongondow Timur, Sulawesi Utara, Sulawesi, Indonesia",Sulawesi Utara,Bolaang Mongondow Timur,"Taman Cagar Alam Gunung Ambang, Bolaang Mongondow Timur, Sulawesi Utara",gambar_wisata/Taman_Cagar_Alam_Gunung_Ambang,semenanjung minahasa semenanjung utara sulawesi semenanjung terletak lengan utara pulau sulawesi indonesia luasnya ribu populasinya juta orang
taman,Taman Hutan Raya Ir. H. Juanda,-6.8411686,107.6503782,"Taman Hutan Raya Ir. H. Juanda, Coblong, Langensari, Bandung Barat, Jawa Barat, Jawa, Indonesia",Jawa Barat,Bandung Barat,"Taman Hutan Raya Ir. H. Juanda, Bandung Barat, Jawa Barat",gambar_wisata/Taman_Hutan_Raya_Ir._H._Juanda,taman hutan raya djuanda tahura djuanda kawasan konservasi terpadu alam sekunder hutan tanaman jenis pinus pinus merkusil terletak sub daerah aliran sungai cikapundung das citarum membentang curug dago dago pakar curug maribaya kelompok hutan gunung pulosari
taman,Taman Kota Bontang,0.1355253,117.4678902,"Kantor PDAM Tirta Taman Kota Bontang, Jalan Brigadir Jenderal Katamso, Belimbing, Bontang, Kalimantan Timur, Kalimantan, 75313, Indonesia",Kalimantan Timur,Bontang,"Taman Kota Bontang, Bontang, Kalimantan Timur",gambar_wisata/Taman_Kota_Bontang,kota bontang kota provinsi kalimantan timur indonesia kota terletak kilometer kota samarinda berbatasan langsung kabupaten kutai timur utara barat kabupaten kutai kartanegara selatan selat makassar timur
taman,Taman Kota Kendari,-3.9736474,122.5129244,"Taman Kota Kendari, Mandonga, Kendari, Sulawesi Tenggara, Sulawesi, Indonesia",Sulawesi Tenggara,Kendari,"Taman Kota Kendari, Kendari, Sulawesi Tenggara",gambar_wisata/Taman_Kota_Kendari,kabupaten wakatobi salah kabupaten provinsi sulawesi tenggara indonesia kota kabupaten terletak kecamatan wangiwangi dibentuk berdasarkan undang undang republik indonesia nomor tanggal desember
taman,Taman Kota Makassar,-5.182353,119.4293122,"Taman, Mannuruki, Tamalate, Makassar, Sulawesi Selatan, Sulawesi, Indonesia",Sulawesi Selatan,Makassar,"Taman Kota Makassar, Makassar, Sulawesi Selatan",gambar_wisata/Taman_Kota_Makassar,kota makassar lontara makassar transliterasi kota mangkasara bernama ujung pandang nama benteng suku makassar kota provinsi sulawesi selatan indonesia kota dikenal resmi ujung pandang kota terbesar wilayah indonesia timur pusat kota terbesar ketujuh indonesia penduduk jakarta surabaya medan bandung semarang palembang
taman,Taman Kota Palangkaraya,-2.2158757,113.9193856,"Taman Kota, Langkai, Palangka Raya, Kalimantan Tengah, Kalimantan, Indonesia",Kalimantan Tengah,Palangka Raya,"Taman Kota Palangkaraya, Palangka Raya, Kalimantan Tengah",gambar_wisata/Taman_Kota_Palangkaraya,kota palangka raya kota kota provinsi kalimantan indonesia kota memiliki luas wilayah penduduk jiwa kepadatan penduduk jiwa
taman,Taman Kota Palu,-0.9002119,119.8894116,"Lapangan Vatulemo Palu (Taman Kota), Tanamodindi, Kecamatan Mantikulore, Palu, Sulawesi Tengah, Sulawesi, Indonesia",Sulawesi Tengah,Palu,"Taman Kota Palu, Palu, Sulawesi Tengah",gambar_wisata/Taman_Kota_Palu,kota palu kota terletak tepi laut ibukota provinsi sulawesi indonesia palu kota terletak sulawesi berbatasan kabupaten donggala sebelah barat utara kabupaten sigi sebelah selatan kabupaten parigi moutong sebelah timur
taman,Taman Kota Pontianak,-0.0494311,109.3436,"TAMAN BUDAYA, Parit Tokaya, Pontianak, Kalimantan Barat, Kalimantan, Indonesia",Kalimantan Barat,Pontianak,"Taman Kota Pontianak, Pontianak, Kalimantan Barat",gambar_wisata/Taman_Kota_Pontianak,kota pontianak jawi hanzi hakka khunt kota pusat pemerintahan perekonomian provinsi kalimantan barat indonesia kota didirikan kali pelabuhan perdagangan pulau kalimantan menempati area seluas delta sungai kapuas titik temu anak sungai utamanya sungai landak
taman,Taman Kota Samarinda,-0.491098,117.1532192,"Gang Taman, Pelita, Samarinda Ilir, Samarinda, Kalimantan Timur, Kalimantan, 75242, Indonesia",Kalimantan Timur,Samarinda,"Taman Kota Samarinda, Samarinda, Kalimantan Timur",gambar_wisata/Taman_Kota_Samarinda,samarinda kota kota provinsi provinsi kalimantan timur indonesia kota kota penduduk terbesar pulau kalimantan penduduk jiwa
taman,Taman Kota Singkawang,0.9124179,108.9904002,"Taman Burung, Singkawang Barat, Singkawang, Kalimantan Barat, Kalimantan, Indonesia",Kalimantan Barat,Singkawang,"Taman Kota Singkawang, Singkawang, Kalimantan Barat",gambar_wisata/Taman_Kota_Singkawang,singkawang grand mall disingkat sgm pusat perbelanjaan singkawang mal dibuka tanggal januari dibangun diresmikan wakil gubernur kalimantan barat christiandy sanjaya tanggal februari
taman,Taman Laut Banda,-4.5201649,129.924145,"Taman Wisata Perairan Laut Banda, Selamon, Maluku, Indonesia",Maluku,Maluku,"Taman Laut Banda, Maluku, Maluku",gambar_wisata/Taman_Laut_Banda,maluku utara diakronimkan malut provinsi indonesia kota provinsi terletak sofifi kota tidore kepulauan
taman,Taman Mayura,-8.586649,116.1331976,"Taman Mayura, Lingk. Ukir Kawi, Kel. Cakranegara Timur, Cakranegara Utara, Mataram, Kec. Cakranegara, Nusa Tenggara Barat, Nusa Tenggara, Indonesia",Nusa Tenggara Barat,Mataram,"Taman Mayura, Mataram, Nusa Tenggara Barat",gambar_wisata/Taman_Mayura,universitas mataram aksara sasak disingkat unram perguruan negeri kota mataram provinsi nusa tenggara barat indonesia universitas didirikan oktober
taman,Taman Narmada,-8.5960238,116.2053339,"taman wisata narmada, Lingk. Muhajirin Narmada, Krama Jaya, Narmada, Lombok Barat, Nusa Tenggara Barat, Nusa Tenggara, Indonesia",Nusa Tenggara Barat,Lombok Barat,"Taman Narmada, Lombok Barat, Nusa Tenggara Barat",gambar_wisata/Taman_Narmada,nusa tenggara barat disingkat ntb provinsi indonesia kepulauan nusa tenggara provinsi bali sebelah barat provinsi nusa tenggara timur sebelah timur pusat pemerintahan kota provinsi kota mataram
taman,Taman Nasional Aketajawe-Lolobata,0.5894491,127.7387051,"Taman Nasional Aketajawe Lolobata, Halmahera Tengah, Maluku Utara, Maluku, Indonesia",Maluku Utara,Halmahera Tengah,"Taman Nasional Aketajawe-Lolobata, Halmahera Tengah, Maluku Utara",gambar_wisata/Taman_Nasional_Aketajawe-Lolobata,halmahera pulau terbesar kepulauan maluku pulau provinsi maluku utara indonesia
taman,Taman Nasional Alas Purwo,-8.6135534,114.3981629,"Taman Nasional Alas Purwo, Banyuwangi, Jawa Timur, Jawa, Indonesia",Jawa Timur,Banyuwangi,"Taman Nasional Alas Purwo, Banyuwangi, Jawa Timur",gambar_wisata/Taman_Nasional_Alas_Purwo,taman nasional alas purwo disingkat alas purwo aksara jawa taman nasional terletak kecamatan tegaldlimo kecamatan purwoharjo kabupaten banyuwangi jawa timur indonesia letak taman nasional ujung timur pulau jawa
taman,Taman Nasional Bali Barat,-8.1672301,114.4626955,"Taman Nasional Bali Barat, Labuhan Lalang, Gerokgak, Buleleng, Bali, Nusa Tenggara, 82253, Indonesia",Bali,Buleleng,"Taman Nasional Bali Barat, Buleleng, Bali",gambar_wisata/Taman_Nasional_Bali_Barat,bali provinsi indonesia terletak barat kepulauan nusa tenggara beribu kota kota denpasar pulau bali pulau terbesar provinsi bali memiliki julukan pulau dewata pulau seribu pura
taman,Taman Nasional Baluran,-7.8363697,114.3808459,"Taman Nasional Baluran, Situbondo, Banyuwangi, Jawa Timur, Jawa, Indonesia",Jawa Timur,Situbondo,"Taman Nasional Baluran, Situbondo, Jawa Timur",gambar_wisata/Taman_Nasional_Baluran,taman nasional baluran salah taman nasional indonesia terletak wilayah banyuputih situbondo jawa timur indonesia namanya diambil nama gunung daerah gunung baluran
taman,Taman Nasional Bantimurung,-4.8683732,119.6930821,"Taman Nasional Bantimurung Bulusaraung, Pangkajene dan Kepulauan, Sulawesi Selatan, Sulawesi, Indonesia",Sulawesi Selatan,Pangkajene dan Kepulauan,"Taman Nasional Bantimurung, Pangkajene dan Kepulauan, Sulawesi Selatan",gambar_wisata/Taman_Nasional_Bantimurung,taman nasional bantimurung bulusaraung disingkat babul taman nasional kawasan konservasi berdasarkan surat keputusan menteri kehutanan nomor menhut tanggal oktober babul memiliki luas admnistratif pemerintahan mencakup wilayah kabupaten berbatasan kabupaten maros kabupaten pangkep kabupaten bone sulawesi selatan
taman,Taman Nasional Bantimurung Bulusaraung,-4.8683732,119.6930821,"Taman Nasional Bantimurung Bulusaraung, Pangkajene dan Kepulauan, Sulawesi Selatan, Sulawesi, Indonesia",Sulawesi Selatan,Pangkajene dan Kepulauan,"Taman Nasional Bantimurung Bulusaraung, Pangkajene dan Kepulauan, Sulawesi Selatan",gambar_wisata/Taman_Nasional_Bantimurung_Bulusaraung,taman nasional bantimurung bulusaraung disingkat babul taman nasional kawasan konservasi berdasarkan surat keputusan menteri kehutanan nomor menhut tanggal oktober babul memiliki luas admnistratif pemerintahan mencakup wilayah kabupaten berbatasan kabupaten maros kabupaten pangkep kabupaten bone sulawesi selatan
taman,Taman Nasional Batang Gadis,0.8899134,99.3400377,"Taman Nasional Batang Gadis, Mandailing Natal, Sumatera Utara, Sumatera, Indonesia",Sumatera Utara,Mandailing Natal,"Taman Nasional Batang Gadis, Mandailing Natal, Sumatera Utara",gambar_wisata/Taman_Nasional_Batang_Gadis,taman nasional batang gadis disingkat tnbg taman nasional terletak kabupaten mandailing natal sumatera utara taman nasional batang gadis menempati lahan seluas hektare
taman,Taman Nasional Berbak,-1.4093264,104.2228031,"Taman Nasional Berbak, Tanjung Jabung Timur, Jambi, Sumatera, Indonesia",Jambi,Tanjung Jabung Timur,"Taman Nasional Berbak, Tanjung Jabung Timur, Jambi",gambar_wisata/Taman_Nasional_Berbak,taman nasional berbak disingkat berbak taman nasional terletak kabupaten tanjung jabung timur kabupaten muaro jambi provinsi jambi taman nasional berbak kawasan pelestarian alam konservasi hutan rawa terluas asia tenggara terjamah eksploitasi manusia
taman,Taman Nasional Bogani Nani Wartabone,0.5810207,123.549791,"Taman Nasional Bogani Nani Wartabone, Bolaang Mongondow Utara, Sulawesi Utara, Sulawesi, Indonesia",Sulawesi Utara,Bolaang Mongondow Utara,"Taman Nasional Bogani Nani Wartabone, Bolaang Mongondow Utara, Sulawesi Utara",gambar_wisata/Taman_Nasional_Bogani_Nani_Wartabone,taman nasional bogani nani wartabone salah taman nasional indonesia penetapannya resmi berlaku
taman,Taman Nasional Bromo Tengger Semeru,-8.0254422,112.949168,"Taman Nasional Bromo Tengger Semeru, Kabupaten Malang, Jawa Timur, Jawa, 67254, Indonesia",Jawa Timur,Kabupaten Malang,"Taman Nasional Bromo Tengger Semeru, Kabupaten Malang, Jawa Timur",gambar_wisata/Taman_Nasional_Bromo_Tengger_Semeru,taman nasional bromo tengger semeru kawasan pegunungan jawa timur indonesia terletak wilayah administratif kabupaten probolinggo kabupaten pasuruan kabupaten malang kabupaten lumajang taman bentangan barat timurnya kilometer utara selatannya ditetapkan luas wilayahnya
taman,Taman Nasional Bukit Baka Bukit Raya,-0.7158521,112.5860848,"Taman Nasional Bukit Baka Bukit Raya, Katingan, Kalimantan Tengah, Kalimantan, Indonesia",Kalimantan Tengah,Katingan,"Taman Nasional Bukit Baka Bukit Raya, Katingan, Kalimantan Tengah",gambar_wisata/Taman_Nasional_Bukit_Baka_Bukit_Raya,bukit raya gunung raya gunung terletak kabupaten katingan provinsi kalimantan gunung gunung tertinggi kalimantan masuk wilayah indonesia
taman,Taman Nasional Bukit Barisan Selatan,-5.2472574,104.149891,"Taman Nasional Bukit Barisan Selatan, Pesisir Barat, Lampung, Sumatera, Indonesia",Lampung,Pesisir Barat,"Taman Nasional Bukit Barisan Selatan, Pesisir Barat, Lampung",gambar_wisata/Taman_Nasional_Bukit_Barisan_Selatan,taman nasional bukit barisan selatan disingkat tnbbs taman nasional melindungi hutan hujan tropis pulau sumatra beserta kekayaan alam hayati dimilikinya unesco menjadikan taman nasional bukit barisan selatan taman nasional gunung leuser tamana nasional kerinci seblat warisan dunia warisan hutan hujan tropis sumatra
taman,Taman Nasional Bunaken,1.6732183,124.758243,"Taman Nasional Bunaken, Minahasa Utara, Sulawesi Utara, Sulawesi, 95231, Indonesia",Sulawesi Utara,Minahasa Utara,"Taman Nasional Bunaken, Minahasa Utara, Sulawesi Utara",gambar_wisata/Taman_Nasional_Bunaken,sulawesi utara disingkat sulut salah provinsi terletak ujung utara pulau sulawesi indonesia kota terletak kota manado sulawesi utara sulut berbatasan laut maluku samudra pasifik sebelah timur laut maluku teluk tomini sebelah selatan laut sulawesi provinsi gorontalo sebelah barat provinsi davao occidental sebelah utara
taman,Taman Nasional Halmahera,0.5894491,127.7387051,"Taman Nasional Aketajawe Lolobata, Halmahera Tengah, Maluku Utara, Maluku, Indonesia",Maluku Utara,Halmahera Tengah,"Taman Nasional Halmahera, Halmahera Tengah, Maluku Utara",gambar_wisata/Taman_Nasional_Halmahera,kabupaten halmahera utara salah kabupaten provinsi maluku utara indonesia kota kabupaten halmahera utara kecamatan tobelo
taman,Taman Nasional Karimunjawa,-5.7970834,110.31,"Taman Nasional Karimunjawa, Jawa Tengah, Jawa, Indonesia",Jawa Tengah,Jawa,"Taman Nasional Karimunjawa, Jawa, Jawa Tengah",gambar_wisata/Taman_Nasional_Karimunjawa,jawa diakronimkan jateng wilayah provinsi indonesia terletak pulau jawa kota provinsi jawa kota semarang
taman,Taman Nasional Kayan Mentarang,3.2061545,115.8636941,"Taman Nasional Kayan Mentarang, Kalimantan Utara, Kalimantan, Indonesia",Kalimantan Utara,Kalimantan,"Taman Nasional Kayan Mentarang, Kalimantan, Kalimantan Utara",gambar_wisata/Taman_Nasional_Kayan_Mentarang,taman nasional kayan mentarang tnkm bahasa inggris kayan mentarang national park ditetapkan kali cagar alam menteri pertanian indonesia desakan masyarakat lokal adat rekomendasi wwf kawasan diubah statusnya taman nasional kepentingan masyarakat lokal diakomodasikan
taman,Taman Nasional Kerinci Seblat,-2.2619949,101.3594523,"Taman Nasional Kerinci Seblat, Jambi, Sumatera, Indonesia",Jambi,Sumatera,"Taman Nasional Kerinci Seblat, Sumatera, Jambi",gambar_wisata/Taman_Nasional_Kerinci_Seblat,taman nasional kerinci seblat disngkat tnks taman nasional terbesar sumatra memiliki luas wilayah taman nasional terletak koordinat administratif wilayah taman nasional kabupaten kota provinsi sumatera barat jambi bengkulu sumatera selatan
taman,Taman Nasional Komodo,-8.6069899,119.5729395,"Taman Nasional Komodo, Manggarai Barat, Nusa Tenggara Timur, Nusa Tenggara, Indonesia",Nusa Tenggara Timur,Manggarai Barat,"Taman Nasional Komodo, Manggarai Barat, Nusa Tenggara Timur",gambar_wisata/Taman_Nasional_Komodo,nusa tenggara timur disingkat ntt provinsi indonesia meliputi timur kepulauan nusa tenggara kota nusa tenggara timur kota kupang
taman,Taman Nasional Kutai,0.356592,117.2655867,"Taman Nasional Kutai, Kutai Timur, Kalimantan Timur, Kalimantan, Indonesia",Kalimantan Timur,Kutai Timur,"Taman Nasional Kutai, Kutai Timur, Kalimantan Timur",gambar_wisata/Taman_Nasional_Kutai,kabupaten kutai timur salah kabupaten provinsi kalimantan timur indonesia kota kabupaten terletak sangatta
taman,Taman Nasional Lore Lindu,-1.5190466,120.1852466,"Taman Nasional Lore Lindu, Poso, Sulawesi Tengah, Sulawesi, Indonesia",Sulawesi Tengah,Poso,"Taman Nasional Lore Lindu, Poso, Sulawesi Tengah",gambar_wisata/Taman_Nasional_Lore_Lindu,taman nasional lore lindu tnll salah taman nasional indonesia terletak provinsi sulawesi salah lokasi perlindungan hayati sulawesi taman nasional lore lindu terletak kilometer selatan kota palu terletak dibandingkan taman nasional indonesia ukurannya
taman,Taman Nasional Lorentz,-4.641344,137.6663697,"Taman Nasional Lorentz, Papua Tengah, Western New Guinea, Indonesia",Papua Tengah,Western New Guinea,"Taman Nasional Lorentz, Western New Guinea, Papua Tengah",gambar_wisata/Taman_Nasional_Lorentz,pegunungan new guinea highlands kawasan pegunungan pulau papua puncak tertingginya puncak jaya mdpl gunung tertinggi oseania pegunungan memanjang indonesia ujung timur papua nugini
taman,Taman Nasional Manusela,-3.0484302,129.2357306,"Taman Nasional Manusela, Maluku Tengah, Maluku, Indonesia",Maluku,Maluku Tengah,"Taman Nasional Manusela, Maluku Tengah, Maluku",gambar_wisata/Taman_Nasional_Manusela,tehoru nama kecamatan kabupaten maluku maluku indonesia pelabuhan rakyat negeri tehoru
taman,Taman Nasional Meru Betiri,-8.4606063,113.85749,"Taman Nasional Meru Betiri, Banyuwangi, Jawa Timur, Jawa, Indonesia",Jawa Timur,Banyuwangi,"Taman Nasional Meru Betiri, Banyuwangi, Jawa Timur",gambar_wisata/Taman_Nasional_Meru_Betiri,taman nasional meru betiri taman nasional terletak provinsi jawa timur sistem koordinat geografis letaknya lintang selatan bujur timur
taman,Taman Nasional Rawa Aopa Watumohai,-4.3036722,122.0138645,"Taman Nasional Rawa Aopa Watumohai, Konawe Selatan, Sulawesi Tenggara, Sulawesi, Indonesia",Sulawesi Tenggara,Konawe Selatan,"Taman Nasional Rawa Aopa Watumohai, Konawe Selatan, Sulawesi Tenggara",gambar_wisata/Taman_Nasional_Rawa_Aopa_Watumohai,taman nasional rawa aopa watumohai taman nasional terletak provinsi sulawesi tenggara indonesia rawa aopa watumohai ditetapkan taman nasional memiliki wilayah seluas
taman,Taman Nasional Sebangau,-2.4769018,113.6931414,"Taman Nasional Sebangau, Kalimantan Tengah, Kalimantan, Indonesia",Kalimantan Tengah,Kalimantan,"Taman Nasional Sebangau, Kalimantan, Kalimantan Tengah",gambar_wisata/Taman_Nasional_Sebangau,kalimantan diakronimkan kalteng salah provinsi pulau kalimantan indonesia kota provinsi kota palangka raya
taman,Taman Nasional Siberut,-1.4233193,98.8663082,"Taman Nasional Siberut, Kepulauan Mentawai, Sumatera Barat, Sumatera, Indonesia",Sumatera Barat,Sumatera,"Taman Nasional Siberut, Sumatera, Sumatera Barat",gambar_wisata/Taman_Nasional_Siberut,sumatera barat diakronimkan sumbar provinsi indonesia terletak pulau sumatra kota padang provinsi sumatera barat terletak pesisir barat sumatra dataran bukit barisan sebelah timur pulau lepas pantainya kepulauan mentawai
taman,Taman Nasional Taka Bonerate,-6.7,121.1541667,"Taman Nasional Taka Bonerate, Sulawesi Selatan, Sulawesi, Indonesia",Sulawesi Selatan,Sulawesi,"Taman Nasional Taka Bonerate, Sulawesi, Sulawesi Selatan",gambar_wisata/Taman_Nasional_Taka_Bonerate,taman nasional taka bonerate taman laut kawasan atol terbesar ketiga dunia kwajifein kepulauan marshall suvadiva kepulauan maladewa luas total atol hektare sebaran terumbu karang mencapai
taman,Taman Nasional Tambora,-8.2763787,117.996753,"Taman Nasional Gunung Tambora, Bima, Nusa Tenggara Barat, Nusa Tenggara, Indonesia",Nusa Tenggara Barat,Daerah Khusus ibukota Jakarta,"Taman Nasional Tambora, nan, Nusa Tenggara Barat",gambar_wisata/Taman_Nasional_Tambora,silakan kunjungi pariwisata indonesia informasi lengkap
taman,Taman Nasional Tanjung Puting,-3.0641552,112.0185747,"Taman Nasional Tanjung Puting, Kotawaringin Barat, Kalimantan Tengah, Kalimantan, Indonesia",Kalimantan Tengah,Kotawaringin Barat,"Taman Nasional Tanjung Puting, Kotawaringin Barat, Kalimantan Tengah",gambar_wisata/Taman_Nasional_Tanjung_Puting,taman nasional tanjung puting taman nasional terletak semenanjung barat daya provinsi kalimantan tanjung puting cagar alam suaka margasatwa ditetapkan pemerintah hindia belanda
taman,Taman Nasional Teluk Cenderawasih,-2.54526,135.0106277,"Taman Nasional Teluk Cenderawasih, Papua Tengah, Western New Guinea, Indonesia",Papua Tengah,Western New Guinea,"Taman Nasional Teluk Cenderawasih, Western New Guinea, Papua Tengah",gambar_wisata/Taman_Nasional_Teluk_Cenderawasih,papua barat daya provinsi indonesia pemekaran provinsi papua barat papua barat daya provinsi indonesia
taman,Taman Nasional Tesso Nilo,-0.2205437,101.8731769,"Taman Nasional Tesso Nilo, Pelalawan, Riau, Sumatera, Indonesia",Riau,Pelalawan,"Taman Nasional Tesso Nilo, Pelalawan, Riau",gambar_wisata/Taman_Nasional_Tesso_Nilo,taman nasional tesso nilo taman nasional terletak kabupaten pelalawan provinsi riau dalamnya jenis flora jenis burung jenis ikan jenis mamalia jenis amfibi jenis reptil jenis primata
taman,Taman Nasional Ujung Kulon,-6.751449,105.3177956,"Taman Nasional Ujung Kulon, Pandeglang, Banten, Jawa, Indonesia",Banten,Pandeglang,"Taman Nasional Ujung Kulon, Pandeglang, Banten",gambar_wisata/Taman_Nasional_Ujung_Kulon,taman nasional ujung kulon terletak semenanjung ujung kulon barat pulau jawa indonesia kawasan taman nasional meliputi wilayah krakatau pulau pulau handeuleum pulau peucang pulau panaitan
taman,Taman Nasional Wakatobi,-5.9011111,124.1165972,"Taman Nasional Wakatobi, Sulawesi Tenggara, Sulawesi, Indonesia",Sulawesi Tenggara,Sulawesi,"Taman Nasional Wakatobi, Sulawesi, Sulawesi Tenggara",gambar_wisata/Taman_Nasional_Wakatobi,taman nasional wakatobi salah taman nasional indonesia letaknya kabupaten wakatobi sulawesi tenggara
taman,Taman Nasional Way Kambas,-4.9373689,105.7283403,"Taman Nasional Way Kambas, Lampung Timur, Lampung, Sumatera, Indonesia",Lampung,Lampung Timur,"Taman Nasional Way Kambas, Lampung Timur, Lampung",gambar_wisata/Taman_Nasional_Way_Kambas,taman nasional way kambas tnwk taman nasional perlindungan gajah terletak daerah lampung tepatnya kecamatan labuhan ratu lampung timur indonesia way kambas sekolah gajah pusat latihan gajah ditemui minas riau
taman,Taman Nusa,-8.5309522,115.3600358,"Taman Nusa Bali, Gianyar, Bali, Nusa Tenggara, 80582, Indonesia",Bali,Gianyar,"Taman Nusa, Gianyar, Bali",gambar_wisata/Taman_Nusa,kabupaten gianyar bahasa bali aksara bali translit gya wilayah kabupaten terletak provinsi bali indonesia
taman,Taman Sari,-7.7495744,110.3971884,"taman sari, Sinduharjo, Depok, Sleman, Daerah Istimewa Yogyakarta, Jawa, Indonesia",Daerah Istimewa Yogyakarta,Sleman,"Taman Sari, Sleman, Daerah Istimewa Yogyakarta",gambar_wisata/Taman_Sari,daerah istimewa yogyakarta disingkat yogyakarta diy daerah istimewa setingkat provinsi indonesia peleburan negara kesultanan yogyakarta negara kadipaten paku alaman kota kota yogyakarta daerah istimewa yogyakarta terletak selatan pulau jawa berbatasan provinsi jawa samudra hindia
taman,Taman Sukasada,-8.464546,115.6304955,"Taman Ujung Water Palace, Jalan Seraya Karangasem, Ujung Hyang, Ujung, Kecamatan Karangasem, Karangasem, Bali, Nusa Tenggara, 80311, Indonesia",Bali,Karangasem,"Taman Sukasada, Karangasem, Bali",gambar_wisata/Taman_Sukasada,taman ujung taman sukasada sebuat taman banjar ujung desa tumbu kecamatan karangasem karangasem bali taman terletak sebelah tenggara kota amlapura
taman,Taman Suropati,-6.1994502,106.8326426,"Taman Suropati, Menteng, Jakarta Pusat, Daerah Khusus ibukota Jakarta, Jawa, 10310, Indonesia",Jawa Timur,Daerah Khusus ibukota Jakarta,"Taman Suropati, Daerah Khusus ibukota Jakarta, nan",gambar_wisata/Taman_Suropati,kota malang bahasa jawa hanacaraka pegon pengucapan bahasa jawa mala kota terletak provinsi jawa timur indonesia kota kota terbesar jawa timur surabaya kota terbesar indonesia kota didirikan pemerintahan belanda april broeveldt wali kota
taman,Taman Udayana,-8.5721301,116.1025692,"Taman Udayana, Lingk. Dasan Sari, Kel. Kebon Sari, Mataram, Kec. Selaparang, Nusa Tenggara Barat, Nusa Tenggara, Indonesia",Nusa Tenggara Barat,Mataram,"Taman Udayana, Mataram, Nusa Tenggara Barat",gambar_wisata/Taman_Udayana,kerajaan medang jawa kuno translit atwan medang kuno kerajaan agraris talasokrasi berdiri jawa abad masehi didirikan sanjaya berpindah jawa timur abad masehi dyah balitung dyah sindok
wahana keluarga,Batu Night Spectacular,-7.8964168,112.5345322,"Batu Night Spectacular BNS, Jalan Raya Oro-Oro Ombo, Oro-oro Ombo, Kota Batu, Klojen, Jawa Timur, Jawa, 65316, Indonesia",Jawa Timur,Kota Batu,"Batu Night Spectacular, Kota Batu, Jawa Timur",gambar_wisata/Batu_Night_Spectacular,kota batu bahasa jawa hanacaraka pegon pengucapan bahasa jawa bat kota wisata provinsi jawa timur indonesia kota terletak sebelah barat daya surabaya sebelah barat laut malang
wahana keluarga,Batu Secret Zoo,-7.8881687,112.529164,"Batu Secret Zoo, Drun Store Pohon Inn, Oro-oro Ombo, Kota Batu, Klojen, Jawa Timur, Jawa, 65316, Indonesia",Jawa Timur,Kota Batu,"Batu Secret Zoo, Kota Batu, Jawa Timur",gambar_wisata/Batu_Secret_Zoo,kota batu bahasa jawa hanacaraka pegon pengucapan bahasa jawa bat kota wisata provinsi jawa timur indonesia kota terletak sebelah barat daya surabaya sebelah barat laut malang
wahana keluarga,Dago Dreampark,-6.8476037,107.6254233,"Dago Dreampark, Jalan Dago Giri, Mekarwangi, Bandung Barat, Jawa Barat, Jawa, 40139, Indonesia",Jawa Barat,Bandung Barat,"Dago Dreampark, Bandung Barat, Jawa Barat",gambar_wisata/Dago_Dreampark,koridor metro jabar trans salah koridor metro jabar trans melayani rute leuwipanjang dago rute perjalanan terminal dago halte unpad dipatiukur
wahana keluarga,Dunia Fantasi,-6.1242122,106.832156,"Dunia Fantasi, Marina, Kawasan Wisata Ancol, Ancol, Pademangan, Jakarta Utara, Daerah Khusus ibukota Jakarta, Jawa, 14430, Indonesia",Jawa Timur,Daerah Khusus ibukota Jakarta,"Dunia Fantasi, Daerah Khusus ibukota Jakarta, nan",gambar_wisata/Dunia_Fantasi,kota malang bahasa jawa hanacaraka pegon pengucapan bahasa jawa mala kota terletak provinsi jawa timur indonesia kota kota terbesar jawa timur surabaya kota terbesar indonesia kota didirikan pemerintahan belanda april broeveldt wali kota
wahana keluarga,Go! Wet Waterpark Bekasi,-6.2977617,107.0505373,"Go! Wet Waterpark, Grand Lake Boulevard, Grand Wisata Bekasi, Grand Wisata, Bekasi, Kab Bekasi, Jawa Barat, Jawa, 17510, Indonesia",Jawa Barat,Bekasi,"Go! Wet Waterpark Bekasi, Bekasi, Jawa Barat",gambar_wisata/Go!_Wet_Waterpark_Bekasi,tambun selatan disingkat tamsel nama tamboen salah kecamatan wilayah kabupaten bekasi jawa barat indonesia tambun selatan salah kecamatan penduduk terpadat kabupaten bekasi
wahana keluarga,Green Canyon Pangandaran,-7.7331415,108.4391618,"Green Canyon, Jalan Karangpaci, Kertayasa, Pangandaran, Jawa Barat, Jawa, 46394, Indonesia",Jawa Barat,Pangandaran,"Green Canyon Pangandaran, Pangandaran, Jawa Barat",gambar_wisata/Green_Canyon_Pangandaran,kabupaten pangandaran aksara sunda wilayah kabupaten terletak ujung tenggara provinsi jawa barat indonesia kotanya kecamatan parigi
wahana keluarga,Jogja Bay Waterpark,-7.7472493,110.4189062,"Waterboom Jogja, Jalan Utara Stadion, Wedomartani, Sleman, Daerah Istimewa Yogyakarta, Jawa, 55821, Indonesia",Daerah Istimewa Yogyakarta,Sleman,"Jogja Bay Waterpark, Sleman, Daerah Istimewa Yogyakarta",gambar_wisata/Jogja_Bay_Waterpark,jogja bay waterpark jogja bay bahasa jawa teluk ngayogya salah taman wisata air waterpark terbesar asia tenggara berlokasi yogyakarta indonesia taman wisata air dibuka resmi desember
wahana keluarga,Kampung Gajah Wonderland,-6.8295078,107.5965635,"Kampung Gajah Wonderland, #KM3,8, Jalan Sersan Bajuri, Gudangkahuripan, Bandung Barat, Jawa Barat, Jawa, 40154, Indonesia",Jawa Barat,Bandung Barat,"Kampung Gajah Wonderland, Bandung Barat, Jawa Barat",gambar_wisata/Kampung_Gajah_Wonderland,kabupaten bandung barat bahasa sunda translit bandung kulon kabupaten provinsi jawa barat indonesia
wahana keluarga,Saloka Theme Park,-7.2801381,110.457617,"Saloka Theme Park, Gumuksari, Lopait, Kabupaten Semarang, Jawa Tengah, Jawa, Indonesia",Jawa Tengah,Kabupaten Semarang,"Saloka Theme Park, Kabupaten Semarang, Jawa Tengah",gambar_wisata/Saloka_Theme_Park,saloka theme park saloka park bahasa jawa taman saloka taman hiburan tematik terletak kabupaten semarang jawa nama saloka terinspirasi tokoh legenda rakyat rawa pening hajar salokantara memiliki anak bernama klinthing
wahana keluarga,Sindu Kusuma Edupark,-7.7658888,110.3557753,"Sindu Kusuma Edupark, Jalan Jambon V, Kricak, Tegalrejo, Sinduadi, Mlati, Sleman, Daerah Istimewa Yogyakarta, Jawa, 55242, Indonesia",Daerah Istimewa Yogyakarta,Sleman,"Sindu Kusuma Edupark, Sleman, Daerah Istimewa Yogyakarta",gambar_wisata/Sindu_Kusuma_Edupark,sindu kusuma edupark ske destinasi wisata terletak yogyakarta indonesia menggabungkan elemen hiburan edukasi diresmikan desember taman salah rekreasi populer keluarga anak anak
wahana keluarga,Taman Mini Indonesia Indah,-6.3026341,106.8952962,"Taman Mini Indonesia Indah, Gang An Nur 2C, RW 10, Lubang Buaya, Cipayung, Jakarta Timur, Daerah Khusus ibukota Jakarta, Jawa, 13810, Indonesia",Jawa Timur,Jakarta Timur,"Taman Mini Indonesia Indah, Jakarta Timur, nan",gambar_wisata/Taman_Mini_Indonesia_Indah,kabupaten batang bahasa jawa hanacaraka pegon translit batang wilayah kabupaten terletak provinsi jawa indonesia
wahana keluarga,Taman Remaja Surabaya,-7.252909,112.7519455,"Taman Remaja Surabaya, RW 04, Tambaksari, Surabaya, Jawa Timur, Jawa, Indonesia",Jawa Timur,Surabaya,"Taman Remaja Surabaya, Surabaya, Jawa Timur",gambar_wisata/Taman_Remaja_Surabaya,pengeboman surabaya rangkaian peristiwa meledaknya bom surabaya sidoarjo jawa timur mei ibadah gereja santa maria bercela gki diponegoro gereja pantekosta pusat surabaya gpps jemaat sawahan
wahana keluarga,The Jungle Bogor,-6.6344256,106.7954514,"The Jungle Adventure Water Park, Bogor Selatan, Bogor, Jawa Barat, Jawa, Indonesia",Jawa Barat,Bogor,"The Jungle Bogor, Bogor, Jawa Barat",gambar_wisata/The_Jungle_Bogor,sekolah menengah negeri bogor disingkat sman bogor sekolah menengah berdiri wilayah kecamatan bogor selatan bogor jawa barat indonesia
wahana keluarga,The Park Mall Solo,-7.5988732,110.8163039,"The Park Mall, Jalan Insinyur Soekarno, Grogol, Sukoharjo, Jawa Tengah, Jawa, 57552, Indonesia",Jawa Tengah,Sukoharjo,"The Park Mall Solo, Sukoharjo, Jawa Tengah",gambar_wisata/The_Park_Mall_Solo,the park solo pusat perbelanjaan terletak grogol sukoharjo jawa didirikan mal kawasan solo pusat bisnis dibangun menyangga keniagaan surakarta
wahana keluarga,Trans Studio Cibubur,-6.3746768,106.9023871,"Trans Studio Mall Cibubur, Jalan Jambore, RW 05, Pondok Ranggon, Cipayung, Jakarta Timur, Depok á®á®¦á®á®§á®á®ª, Jawa Barat, Jawa, 16454, Indonesia",Jawa Barat,Jakarta Timur,"Trans Studio Cibubur, Jakarta Timur, Jawa Barat",gambar_wisata/Trans_Studio_Cibubur,trans studio mall cibubur pusat perbelanjaan terletak depok jawa barat didirikan mal cabang keempat mal milik trans shopping mall group dikelola merek trans studio menyusul trans studio mall makassar trans studio mall bandung trans studio mall bali
wahana keluarga,Trans Studio Makassar,-5.1588529,119.3940742,"Trans Studio Mall, Maccini Sombala, Tamalate, Makassar, Sulawesi Selatan, Sulawesi, 90134, Indonesia",Sulawesi Selatan,Makassar,"Trans Studio Makassar, Makassar, Sulawesi Selatan",gambar_wisata/Trans_Studio_Makassar,kota makassar lontara makassar transliterasi kota mangkasara bernama ujung pandang nama benteng suku makassar kota provinsi sulawesi selatan indonesia kota dikenal resmi ujung pandang kota terbesar wilayah indonesia timur pusat kota terbesar ketujuh indonesia penduduk jakarta surabaya medan bandung semarang palembang
wahana keluarga,Umbul Ponggok,-7.6127787,110.6359128,"R. Mas bagio di umbul ponggok, Jalan Pusur, Wangen, Klaten, Jawa Tengah, Jawa, 57482, Indonesia",Jawa Tengah,Klaten,"Umbul Ponggok, Klaten, Jawa Tengah",gambar_wisata/Umbul_Ponggok,umbul ponggok wisata air terletak desa ponggok klaten jawa umbul ponggok mata air dimanfaatkan objek wisata pemandian selam permukaan
wahana keluarga,Waterboom Lippo Cikarang,-6.3316066,107.138407,"Waterboom Lippo Cikarang, Jalan Menteng Padma, Lippo Cikarang, Sukaresmi, Kab Bekasi, Jawa Barat, Jawa, 17550, Indonesia",Jawa Barat,Jawa,"Waterboom Lippo Cikarang, Jawa, Jawa Barat",gambar_wisata/Waterboom_Lippo_Cikarang,lippo cikarang tbk perusahaan properti berkantor pusat bekasi properti utama perusahaan terletak cikarang jawa barat luas hektar
wisata alam,Ciletuh Geopark,-7.0413411,106.546804,"Geopark Ciletuh, Loji, Kab Sukabumi, Jawa Barat, Jawa, 43364, Indonesia",Jawa Barat,Kab Sukabumi,"Ciletuh Geopark, Kab Sukabumi, Jawa Barat",gambar_wisata/Ciletuh_Geopark,kabupaten sukabumi aksara sunda wilayah kabupaten barat daya provinsi jawa barat indonesia kotanya kecamatan palabuhanratu
wisata alam,Curug Benowo,-7.1577708,110.3572378,"Curug Benowo, Kendal, Jawa Tengah, Jawa, Indonesia",Jawa Tengah,Kendal,"Curug Benowo, Kendal, Jawa Tengah",gambar_wisata/Curug_Benowo,kabupaten kendal bahasa jawa hanacaraka pegon translit kendhal wilayah kabupaten terletak provinsi jawa indonesia
wisata alam,Curug Cikaso,-7.3605364,106.6176073,"Curug Cikaso, Cidahu, Kab Sukabumi, Jawa Barat, Jawa, Indonesia",Jawa Barat,Kab Sukabumi,"Curug Cikaso, Kab Sukabumi, Jawa Barat",gambar_wisata/Curug_Cikaso,air terjun cikaso bahasa sunda curug cikaso air terjun terletak selatan kabupaten sukabumi air terjun dikenal curug luhur nama curug cikaso dikenal masyarakat aliran airnya berasal anak sungai cikaso sungai cicurug
wisata alam,Curug Cikondang,-7.0175969,107.0963162,"Curug cikondang, Cianjur, Jawa Barat, Jawa, Indonesia",Jawa Barat,Cianjur,"Curug Cikondang, Cianjur, Jawa Barat",gambar_wisata/Curug_Cikondang,curug cikondang air terjun curug aliran deras curug cikondang memliki julukan niagara mini versi bumi parahyangan bentuknya melebar meter mencapai meter curug cikondang air terjun menambah daya tarik keindahan panorama wisata nama cikondang berasal air kondang nama sejenis pohon loa bahasa latin ficus subracemosa blume
wisata alam,Curug Cimahi,-6.7992718,107.5777601,"Curug Cimahi, Karyawangi, Bandung Barat, Jawa Barat, Jawa, 40551, Indonesia",Jawa Barat,Bandung Barat,"Curug Cimahi, Bandung Barat, Jawa Barat",gambar_wisata/Curug_Cimahi,kabupaten bandung barat bahasa sunda translit bandung kulon kabupaten provinsi jawa barat indonesia
wisata alam,Curug Lawe,-7.1568739,110.3542113,"Curug Lawe, Ungaran, Kabupaten Semarang, Jawa Tengah, Jawa, Indonesia",Jawa Tengah,Ungaran,"Curug Lawe, Ungaran, Jawa Tengah",gambar_wisata/Curug_Lawe,curug lawe air terjun kawasan gunung ungaran semarang curug lawe airnya bersih kondisi alam indah
wisata alam,Curug Malela,-7.0115742,107.2056616,"Curug Malela, Bandung Barat, Jawa Barat, Jawa, Indonesia",Jawa Barat,Bandung Barat,"Curug Malela, Bandung Barat, Jawa Barat",gambar_wisata/Curug_Malela,kabupaten bandung barat bahasa sunda translit bandung kulon kabupaten provinsi jawa barat indonesia
wisata alam,Curug Sawer,-6.8306568,106.9330492,"Curug Sawer, Kadudampit, Kab Sukabumi, Jawa Barat, Jawa, 43153, Indonesia",Jawa Barat,Kab Sukabumi,"Curug Sawer, Kab Sukabumi, Jawa Barat",gambar_wisata/Curug_Sawer,kabupaten bandung barat bahasa sunda translit bandung kulon kabupaten provinsi jawa barat indonesia
wisata alam,Curug Sewu,-7.0933442,110.0926959,"Curug Sewu, Patean, Kendal, Jawa Tengah, Jawa, Indonesia",Jawa Tengah,Kendal,"Curug Sewu, Kendal, Jawa Tengah",gambar_wisata/Curug_Sewu,curug sewu terletak patean kendal air terjun tingkat ketinggian nama air terjun diambilkan nama desa air terjun desa curugsewu tepatnya kecamatan patean jaraknya kilometer pusat kota kendal melewati kecamatan weleri sukorejo
wisata alam,Danau Batur,-8.2549584,115.412108,"Danau Batur, Toya Bungkah, Bangli, Bali, Nusa Tenggara, Indonesia",Bali,Bangli,"Danau Batur, Bangli, Bali",gambar_wisata/Danau_Batur,danau batur danau kawah kintamani kabupaten bangli bali terletak timur laut ubud bali danau kaldera gunung berapi aktif gunung batur terletak aktivitas vulkanis cincin api pasifik
wisata alam,Danau Beratan,-8.2733484,115.1753646,"Danau Beratan, Danau, Tabanan, Bali, Nusa Tenggara, Indonesia",Bali,Tabanan,"Danau Beratan, Tabanan, Bali",gambar_wisata/Danau_Beratan,danau bratan aksara bali danau terletak kawasan bedugul desa candikuning kecamatan baturiti kabupaten tabanan bali danau terletak timur danau danau tamblingan danau buyan gugusan danau kembar kaldera danau bratan terbilang istimewa
wisata alam,Danau Kaolin,-2.7381387,107.6800194,"Danau Kaolin Belitung, Mufakat, Tanjung Pandan, Belitung, Kepulauan Bangka Belitung, Sumatera, 33411, Indonesia",Kepulauan Bangka Belitung,Belitung,"Danau Kaolin, Belitung, Kepulauan Bangka Belitung",gambar_wisata/Danau_Kaolin,kepulauan bangka belitung provinsi indonesia pulau utama pulau bangka pulau belitung ratusan pulau pulau total pulau bernama pulau berpenghuni pulau kepulauan bangka belitung terletak timur pulau sumatra berbatasan provinsi sumatera selatan
wisata alam,Danau Kelimutu,-6.5928061,106.8102105,"Jalan Danau Kelimutu, Bogor Tengah, Bogor, Jawa Barat, Jawa, 16129, Indonesia",Jawa Barat,Bogor,"Danau Kelimutu, Bogor, Jawa Barat",gambar_wisata/Danau_Kelimutu,gunung salak aksara sunda baku kompleks gunung berapi tua terletak selatan jakarta pulau jawa kawasan rangkaian gunung wilayah kabupaten sukabumi kabupaten bogor jawa barat
wisata alam,Danau Limboto,0.5837874,122.9926691,"Bulalo Limboto, Hutadaa, Gorontalo, Sulawesi, Indonesia",Gorontalo,Gorontalo,"Danau Limboto, Gorontalo, Gorontalo",gambar_wisata/Danau_Limboto,gorontalo provinsi indonesia terletak semenanjung minahasa utara pulau sulawesi kota kota gorontalo provinsi gorontalo lahir desember berdasarkan undang undang nomor
wisata alam,Danau Linow,1.2707806,124.826481,"Danau Linow, Lahendong, Tomohon, Sulawesi Utara, Sulawesi, Indonesia",Sulawesi Utara,Tomohon,"Danau Linow, Tomohon, Sulawesi Utara",gambar_wisata/Danau_Linow,sulawesi utara disingkat sulut salah provinsi terletak ujung utara pulau sulawesi indonesia kota terletak kota manado sulawesi utara sulut berbatasan laut maluku samudra pasifik sebelah timur laut maluku teluk tomini sebelah selatan laut sulawesi provinsi gorontalo sebelah barat provinsi davao occidental sebelah utara
wisata alam,Danau Maninjau,-0.3274088,100.1948056,"Danau Maninjau, Sungai Batang, Agam, Sumatera Barat, Sumatera, 26471, Indonesia",Sumatera Barat,Agam,"Danau Maninjau, Agam, Sumatera Barat",gambar_wisata/Danau_Maninjau,danau maninjau pemandangan peninjauan bahasa minangkabau danau kaldera tanjung raya kabupaten agam sumatera barat indonesia danau terletak kilometer sebelah utara padang kota sumatera barat kilometer bukittinggi kilometer lubuk basung kota kabupaten agam
wisata alam,Danau Matano,-2.4960014,121.3705886,"Danau Matano, Nuha, Sulawesi Selatan, Sulawesi, Indonesia",Sulawesi Selatan,Sulawesi,"Danau Matano, Sulawesi, Sulawesi Selatan",gambar_wisata/Danau_Matano,sulawesi selatan diakronimkan sulsel lontara provinsi semenanjung selatan pulau sulawesi indonesia kepulauan selayar selatan pulau sulawesi provinsi
wisata alam,Danau Melintang,-8.6070748,116.1082543,"Jalan Danau Melintang, Perumahan Pagutan, Kel. Pagutan Barat, Pagesangan, Mataram, Kec. Mataram, Nusa Tenggara Barat, Nusa Tenggara, 83117, Indonesia",Nusa Tenggara Barat,Mataram,"Danau Melintang, Mataram, Nusa Tenggara Barat",gambar_wisata/Danau_Melintang,nusa tenggara barat disingkat ntb provinsi indonesia kepulauan nusa tenggara provinsi bali sebelah barat provinsi nusa tenggara timur sebelah timur pusat pemerintahan kota provinsi kota mataram
wisata alam,Danau Poso,-1.9216194,120.614102,"Danau Poso, Tolambo, Poso, Sulawesi Tengah, Sulawesi, Indonesia",Sulawesi Tengah,Poso,"Danau Poso, Poso, Sulawesi Tengah",gambar_wisata/Danau_Poso,kerusuhan poso konflik komunal poso sebutan serangkaian kerusuhan kabupaten poso sulawesi indonesia peristiwa bentrokan antarkelompok pemuda berkembang kerusuhan bernuansa agama
wisata alam,Danau Rambutan,-3.016797,104.7966618,"Danau Jakabaring, Seberang Ulu II, Palembang, Rambutan, Banyuasin, Sumatera Selatan, Sumatera, Indonesia",Sumatera Selatan,Palembang,"Danau Rambutan, Palembang, Sumatera Selatan",gambar_wisata/Danau_Rambutan,marga pembagian wilayah administratif tradisional sumatera selatan sistem marga dipakai kesultanan palembang berlanjut kolonial belanda pembubarannya orde
wisata alam,Danau Ranau,-4.8858445,103.90331,"Danau Ranau, Desa Ujung, Warkuk Ranau Selatan, Lampung Barat, Lampung, Sumatera, Indonesia",Lampung,Desa Ujung,"Danau Ranau, Desa Ujung, Lampung",gambar_wisata/Danau_Ranau,suku lampung bahasa lampung api ulun lappung bahasa lampung nyo jamma lappung abjad jawi suku lampung suku bangsa pribumi berasal provinsi lampung ujung selatan pulau sumatra suku lampung berdiam tengkuk gunung pesagi
wisata alam,Danau Sebangau,-2.20636,114.004882,"Danau Tundai, Palangka Raya, Kalimantan Tengah, Kalimantan, Indonesia",Kalimantan Tengah,Palangka Raya,"Danau Sebangau, Palangka Raya, Kalimantan Tengah",gambar_wisata/Danau_Sebangau,kota palangka raya kota kota provinsi kalimantan indonesia kota memiliki luas wilayah penduduk jiwa kepadatan penduduk jiwa
wisata alam,Danau Sembuluh,-2.712125,112.3774792,"Danau Sembuluh, Sembuluh II, Seruyan, Kalimantan Tengah, Kalimantan, Indonesia",Kalimantan Tengah,Seruyan,"Danau Sembuluh, Seruyan, Kalimantan Tengah",gambar_wisata/Danau_Sembuluh,danau sembuluh kecamatan kabupaten seruyan kalimantan indonesia ibukota kecamatan desa telaga pulang
wisata alam,Danau Sentani,-2.6243128,140.5591859,"Danau Sentani, Yoboy, Jayapura, Papua, Western New Guinea, Indonesia",Papua,Jayapura,"Danau Sentani, Jayapura, Papua",gambar_wisata/Danau_Sentani,danau sentani danau terletak pulau papua indonesia danau sentani lereng pegunungan cagar alam cyclops memiliki luas hektar
wisata alam,Danau Sentarum,0.8358796,112.1116345,"Danau Sentarum, Selimbau, Kapuas Hulu, Kalimantan Barat, Kalimantan, Indonesia",Kalimantan Barat,Kapuas Hulu,"Danau Sentarum, Kapuas Hulu, Kalimantan Barat",gambar_wisata/Danau_Sentarum,danau sentarum danau musiman kapuas hulu kalimantan barat danau dipenuhi air tahunnya sisanya surut membentuk kolam kolam berisi ikan ikan
wisata alam,Danau Singkarak,-0.6167842,100.5416618,"Danau Singkarak, Sumpur, Batipuh Selatan, Tanah Datar, Sumatera Barat, Sumatera, Indonesia",Sumatera Barat,Tanah Datar,"Danau Singkarak, Tanah Datar, Sumatera Barat",gambar_wisata/Danau_Singkarak,danau singkarak danau membentang kabupaten provinsi sumatera barat indonesia kabupaten solok kabupaten tanah datar danau memiliki luas danau terluas ketiga pulau sumatra danau ranau sumatra selatan danau toba sumatera utara danau hulu sungai batang ombilin
wisata alam,Danau Tamblingan,-8.2573226,115.0964432,"Danau Tamblingan, Buleleng, Bali, Nusa Tenggara, Indonesia",Bali,Buleleng,"Danau Tamblingan, Buleleng, Bali",gambar_wisata/Danau_Tamblingan,danau tamblingan aksara bali danau terletak lereng sebelah utara gunung lesung kawasan desa munduk kecamatan banjar kabupaten buleleng bali danau danau kembar terbentuk kaldera
wisata alam,Danau Teluk Gelam,-3.5651185,104.7942738,"Danau Wisata Teluk Gelam, Jalan Lintas Timur, Ulak Ketapang, Teluk Gelam, Ogan Komering Ilir, Sumatera Selatan, Sumatera, Indonesia",Sumatera Selatan,Ogan Komering Ilir,"Danau Teluk Gelam, Ogan Komering Ilir, Sumatera Selatan",gambar_wisata/Danau_Teluk_Gelam,ogan komering ilir oki kabupaten sumatera selatan indonesia kabupaten memiliki luas berpenduduk jiwa
wisata alam,Danau Tempe,-4.1282039,119.9655936,"Danau Tempe, Baru Tancung, Sulawesi Selatan, Sulawesi, Indonesia",Sulawesi Selatan,Sulawesi,"Danau Tempe, Sulawesi, Sulawesi Selatan",gambar_wisata/Danau_Tempe,sulawesi selatan diakronimkan sulsel lontara provinsi semenanjung selatan pulau sulawesi indonesia kepulauan selayar selatan pulau sulawesi provinsi
wisata alam,Danau Toba,2.6108377,98.9023081,"Danau Toba, Sumatera Utara, Sumatera, Indonesia",Sumatera Utara,Sumatera,"Danau Toba, Sumatera, Sumatera Utara",gambar_wisata/Danau_Toba,sumatera utara sumatra utara diakronimkan sumut surat batak abjad jawi provinsi utara pulau sumatra indonesia luas wilayah provinsi kota provinsi kota medan
wisata alam,Danau Tondano,1.2270186,124.8890017,"Danau Tondano, Touliang Oki, Minahasa, Sulawesi Utara, Sulawesi, Indonesia",Sulawesi Utara,Sulawesi,"Danau Tondano, Sulawesi, Sulawesi Utara",gambar_wisata/Danau_Tondano,sulawesi utara disingkat sulut salah provinsi terletak ujung utara pulau sulawesi indonesia kota terletak kota manado sulawesi utara sulut berbatasan laut maluku samudra pasifik sebelah timur laut maluku teluk tomini sebelah selatan laut sulawesi provinsi gorontalo sebelah barat provinsi davao occidental sebelah utara
wisata alam,Gili Air,-8.3577073,116.081162,"Gili Air, Lombok Utara, Nusa Tenggara Barat, Nusa Tenggara, Indonesia",Nusa Tenggara Barat,Lombok Utara,"Gili Air, Lombok Utara, Nusa Tenggara Barat",gambar_wisata/Gili_Air,nusa tenggara barat disingkat ntb provinsi indonesia kepulauan nusa tenggara provinsi bali sebelah barat provinsi nusa tenggara timur sebelah timur pusat pemerintahan kota provinsi kota mataram
wisata alam,Gili Meno,-8.3505557,116.0569626,"Gili Meno, Lombok Utara, Nusa Tenggara Barat, Nusa Tenggara, Indonesia",Nusa Tenggara Barat,Lombok Utara,"Gili Meno, Lombok Utara, Nusa Tenggara Barat",gambar_wisata/Gili_Meno,gili meno salah pulau gili trawangan gili air kawasan wisata bahari dicapai kota mataram menit berkendaraan darat perjalanan melewati pantai senggigi berlatarkan pemandangan pantai menakjubkan hutan lindung
wisata alam,Gili Sulat,-8.3284019,116.7246605,"Gili Sulat, Sambelia, Lombok Timur, Nusa Tenggara Barat, Nusa Tenggara, Indonesia",Nusa Tenggara Barat,Daerah Khusus ibukota Jakarta,"Gili Sulat, nan, Nusa Tenggara Barat",gambar_wisata/Gili_Sulat,persis pulau indonesia bervariasi definisi sumber survei geospasial badan koordinasi survei pemetaan nasional bakorsurtanal badan koordinasi survei pemetaan nasional indonesia memiliki pulau
wisata alam,Gili Trawangan,-8.3503396,116.0362621,"Gili Trawangan, Lombok Utara, Nusa Tenggara Barat, Nusa Tenggara, Indonesia",Nusa Tenggara Barat,Lombok Utara,"Gili Trawangan, Lombok Utara, Nusa Tenggara Barat",gambar_wisata/Gili_Trawangan,gili trawangan salah gili barat laut pulau lombok gili air gili meno pesona gili tramena trawangan meno air administrasi gili trawangan kecamatan pemenang kabupaten lombok utara nusa tenggara barat
wisata alam,Goa Batu,-1.8037667,115.9198139,"Goa Loyang, Gang Anugrah, Tokare, Batu Kajang, Paser, Kalimantan Timur, Kalimantan, 76252, Indonesia",Kalimantan Timur,Paser,"Goa Batu, Paser, Kalimantan Timur",gambar_wisata/Goa_Batu,goa batu tapak raja ikn taman wisata alam terletak kecamatan sepaku penajam paser utara kota nusantara goa stalaknit salah destinasi wisata alam kawasan kota nusantara ikn dibangun kunjungan wisatawan
wisata alam,Goa Gajah,-8.5235369,115.2867536,"Goa gajah, Raya Teges, Pejeng-Guliang, Bedulu, Gianyar, Bali, Nusa Tenggara, 80515, Indonesia",Bali,Gianyar,"Goa Gajah, Gianyar, Bali",gambar_wisata/Goa_Gajah,gua gajah gua buatan purbakala berfungsi ibadah gua terletak desa bedulu kecamatan blahbatuh kabupaten gianyar bali berjarak denpasar
wisata alam,Goa Gong,-8.1650433,110.9800128,"Goa Gong, Pule, Bomo, Pacitan, Jawa Timur, Jawa, Indonesia",Jawa Timur,Pacitan,"Goa Gong, Pacitan, Jawa Timur",gambar_wisata/Goa_Gong,goa gong terletak salam salam bomo punung kabupaten pacitan jawa timur terkenal julukan kota gua terkenal wisata goa gong pacitan
wisata alam,Goa Jatijajar,-7.66984,109.4235289,"Goa Jatijajar, Jalan Candirenggo Jatijajar, Jatijajar, Kebumen, Jawa Tengah, Jawa, Indonesia",Jawa Tengah,Kebumen,"Goa Jatijajar, Kebumen, Jawa Tengah",gambar_wisata/Goa_Jatijajar,gua jatijajar situs geologi terbentuk proses alamiah terletak kabupaten kebumen jawa gua terbentuk kapur memiliki meter llebar meter meter
wisata alam,Goa Lawah,-8.5515251,115.4689715,"Pura Goa Lawah, Jalan Wibisana, Pesinggahan, Klungkung, Bali, Nusa Tenggara, 80711, Indonesia",Bali,Klungkung,"Goa Lawah, Klungkung, Bali",gambar_wisata/Goa_Lawah,pura goa lawah pura terletak desa pasinggahan kecamatan dawan kabupaten klungkung bali berjarak kota bali denpasar pura goa lawah dikenal masyarakat gua utama pura didalamnya sekumpulan kelelawar
wisata alam,Hutan Pinus Mangunan,-7.9228665,110.4341077,"Jalan Hutan Pinus Nganjir, Mangunan, Dlingo, Bantul, Daerah Istimewa Yogyakarta, Jawa, 55783, Indonesia",Daerah Istimewa Yogyakarta,Bantul,"Hutan Pinus Mangunan, Bantul, Daerah Istimewa Yogyakarta",gambar_wisata/Hutan_Pinus_Mangunan,daerah istimewa yogyakarta disingkat yogyakarta diy daerah istimewa setingkat provinsi indonesia peleburan negara kesultanan yogyakarta negara kadipaten paku alaman kota kota yogyakarta daerah istimewa yogyakarta terletak selatan pulau jawa berbatasan provinsi jawa samudra hindia
wisata alam,Jembatan Mahakam,-0.5197684,117.1191352,"Jembatan Mahakam, Sungai Keledang, Samarinda Seberang, Samarinda, Kalimantan Timur, Kalimantan, 75126, Indonesia",Kalimantan Timur,Samarinda,"Jembatan Mahakam, Samarinda, Kalimantan Timur",gambar_wisata/Jembatan_Mahakam,mahakam nama sungai terbesar provinsi kalimantan timur bermuara selat makassar sungai melintasi wilayah kabupaten kutai barat hulu kabupaten kutai kartanegara kota samarinda hilir
wisata alam,Jembatan Samarinda,-0.585182,117.1095104,"Terminal Kargo & Jembatan Timbang 2,5 Loa Janan, Tani Aman, Loa Janan Ilir, Samarinda, Kalimantan Timur, Kalimantan, 75391, Indonesia",Kalimantan Timur,Samarinda,"Jembatan Samarinda, Samarinda, Kalimantan Timur",gambar_wisata/Jembatan_Samarinda,samarinda kota kota provinsi provinsi kalimantan timur indonesia kota kota penduduk terbesar pulau kalimantan penduduk jiwa
wisata alam,Jembatan Tenggarong,-0.4443046,117.0027737,"Jembatan Kartanegara, Teluk Dalam, Kutai Kartanegara, Kalimantan Timur, Kalimantan, 75572, Indonesia",Kalimantan Timur,Kutai Kartanegara,"Jembatan Tenggarong, Kutai Kartanegara, Kalimantan Timur",gambar_wisata/Jembatan_Tenggarong,tenggarong disingkat tgr kecamatan kota kabupaten kutai kartanegara kalimantan timur indonesia wilayah tenggarong terbagi kelurahan desa memiliki luas wilayah mencapai penduduk jiwa
wisata alam,Kaliurang,-7.6005217,110.4256299,"Kaliurang, Hargobinangun, Pakem, Sleman, Daerah Istimewa Yogyakarta, Jawa, 55583, Indonesia",Daerah Istimewa Yogyakarta,Hargobinangun,"Kaliurang, Hargobinangun, Daerah Istimewa Yogyakarta",gambar_wisata/Kaliurang,sleman bahasa jawa translit man pelafalan bahasa indonesia leman wilayah kabupaten terletak provinsi daerah istimewa yogyakarta indonesia
wisata alam,Kawah Ijen,-8.0579203,114.2417131,"Kawah Ijen, Bondowoso, Jawa Timur, Jawa, Indonesia",Jawa Timur,Bondowoso,"Kawah Ijen, Bondowoso, Jawa Timur",gambar_wisata/Kawah_Ijen,gunung ijen gunung berapi terletak perbatasan kabupaten banyuwangi kabupaten bondowoso jawa timur indonesia gunung memiliki ketinggian mdpl
wisata alam,Kawah Kamojang,-7.125,107.8,"Kamojang, Kawah, Kabupaten Bandung, Jawa Barat, Jawa, Indonesia",Jawa Barat,Kabupaten Bandung,"Kawah Kamojang, Kabupaten Bandung, Jawa Barat",gambar_wisata/Kawah_Kamojang,kabupaten bandung bahasa sunda kabupat bandung aksara sunda kabupaten terletak provinsi jawa barat indonesia kota kabupaten terletak kecamatan soreang
wisata alam,Kawah Putih,-7.1661181,107.4022669,"Kawah Putih, Kabupaten Bandung, Jawa Barat, Jawa, Indonesia",Jawa Barat,Kabupaten Bandung,"Kawah Putih, Kabupaten Bandung, Jawa Barat",gambar_wisata/Kawah_Putih,kawah putih wisata jawa barat terletak desa alam endah kecamatan rancabali kabupaten bandung jawa barat terletak kaki gunung patuha kawah putih danau terbentuk letusan gunung patuha
wisata alam,Kawah Ratu,-6.7169833,106.7128302,"Kawah Ratu, Pamijahan, Kab Bogor, Jawa Barat, Jawa, Indonesia",Jawa Barat,Kab Bogor,"Kawah Ratu, Kab Bogor, Jawa Barat",gambar_wisata/Kawah_Ratu,gunung salak aksara sunda baku kompleks gunung berapi tua terletak selatan jakarta pulau jawa kawasan rangkaian gunung wilayah kabupaten sukabumi kabupaten bogor jawa barat
wisata alam,Kawah Sikidang,-7.2197193,109.904795,"Kawah Sikidang, Karang Sari, Banjarnegara, Jawa Tengah, Jawa, Indonesia",Jawa Tengah,Banjarnegara,"Kawah Sikidang, Banjarnegara, Jawa Tengah",gambar_wisata/Kawah_Sikidang,kabupaten banjarnegara bahasa jawa hanacaraka pegon translit banjarnegara wilayah kabupaten terletak provinsi jawa indonesia
wisata alam,Kebun Buah Mangunan,-7.9414871,110.4248003,"Kebun Buah Mangunan, Jalan Keluar Kebun, Mangunan, Dlingo, Bantul, Daerah Istimewa Yogyakarta, Jawa, 55783, Indonesia",Daerah Istimewa Yogyakarta,Bantul,"Kebun Buah Mangunan, Bantul, Daerah Istimewa Yogyakarta",gambar_wisata/Kebun_Buah_Mangunan,daerah istimewa yogyakarta disingkat yogyakarta diy daerah istimewa setingkat provinsi indonesia peleburan negara kesultanan yogyakarta negara kadipaten paku alaman kota kota yogyakarta daerah istimewa yogyakarta terletak selatan pulau jawa berbatasan provinsi jawa samudra hindia
wisata alam,Kebun Kelapa Sawit,-1.3106928,116.7461412,"Kebun Kelapa Sawit, Sungai Parit, Penajam Paser Utara, Kalimantan Timur, Kalimantan, Indonesia",Kalimantan Timur,Penajam Paser Utara,"Kebun Kelapa Sawit, Penajam Paser Utara, Kalimantan Timur",gambar_wisata/Kebun_Kelapa_Sawit,kalimantan timur provinsi pulau kalimantan indonesia luas total kalimantan timur
wisata alam,Kebun Raya Baturraden,-7.3055119,109.2314141,"Kebun Raya Baturraden, Jalur Pendakian Gunung Slamet via Baturaden, Baturaden, Banyumas, Jawa Tengah, Jawa, 53151, Indonesia",Jawa Tengah,Banyumas,"Kebun Raya Baturraden, Banyumas, Jawa Tengah",gambar_wisata/Kebun_Raya_Baturraden,jawa diakronimkan jateng wilayah provinsi indonesia terletak pulau jawa kota provinsi jawa kota semarang
wisata alam,Kepulauan Raja Ampat,0.3768088,131.0493911,"Kepulauan Ayu, Reni, Raja Ampat, Papua Barat Daya, Western New Guinea, Indonesia",Papua Barat Daya,Raja Ampat,"Kepulauan Raja Ampat, Raja Ampat, Papua Barat Daya",gambar_wisata/Kepulauan_Raja_Ampat,kepulauan raja ampat gugusan kepulauan berlokasi barat semenanjung kepala burung vogelkoop pulau papua administrasi gugusan kabupaten raja ampat kota sorong provinsi papua barat daya
wisata alam,Labuan Bajo,-8.4944201,119.8855688,"Labuan Bajo, Manggarai Barat, Nusa Tenggara Timur, Nusa Tenggara, 86754, Indonesia",Nusa Tenggara Timur,Labuan Bajo,"Labuan Bajo, Labuan Bajo, Nusa Tenggara Timur",gambar_wisata/Labuan_Bajo,labuan bajo salah kelurahan kecamatan komodo kabupaten manggarai barat provinsi nusa tenggara timur indonesia labuan bajo pusat pemerintahan kecamatan komodo kota kabupaten manggarai barat
wisata alam,Pagar Alam,-4.0209526,103.2501603,"Pagar Alam, Sumatera Selatan, Sumatera, Indonesia",Sumatera Selatan,Pagar Alam,"Pagar Alam, Pagar Alam, Sumatera Selatan",gambar_wisata/Pagar_Alam,kota pagar alam surat ulu jawi kota provinsi sumatera selatan indonesia kota dibentuk berdasarkan undang undang nomor lembaran negara nomor tambahan lembaran negara nomor kota pagar alam kota administratif lingkungan kabupaten lahat
wisata alam,Pulau Adonara,-8.318462,123.1657963,"Pulau Adonara, Flores Timur, Nusa Tenggara Timur, Nusa Tenggara, Indonesia",Nusa Tenggara Timur,Flores Timur,"Pulau Adonara, Flores Timur, Nusa Tenggara Timur",gambar_wisata/Pulau_Adonara,nusa tenggara timur disingkat ntt provinsi indonesia meliputi timur kepulauan nusa tenggara kota nusa tenggara timur kota kupang
wisata alam,Pulau Alor,-8.2911448,124.7777164,"Pulau Alor, Alor, Nusa Tenggara Timur, Nusa Tenggara, Indonesia",Nusa Tenggara Timur,Alor,"Pulau Alor, Alor, Nusa Tenggara Timur",gambar_wisata/Pulau_Alor,nusa tenggara timur disingkat ntt provinsi indonesia meliputi timur kepulauan nusa tenggara kota nusa tenggara timur kota kupang
wisata alam,Pulau Ambon,-3.6422972,128.0797053,"Pulau Ambon, Maluku Tengah, Maluku, Indonesia",Maluku,Maluku Tengah,"Pulau Ambon, Maluku Tengah, Maluku",gambar_wisata/Pulau_Ambon,kabupaten maluku salah kabupaten provinsi maluku indonesia kota kabupaten terletak kecamatan kota masohi
wisata alam,Pulau Asmat,-5.366667,137.733333,"Pulau Laag, Asmat, Papua Selatan, Western New Guinea, Indonesia",Papua Selatan,Asmat,"Pulau Asmat, Asmat, Papua Selatan",gambar_wisata/Pulau_Asmat,kabupaten asmat salah kabupaten provinsi papua selatan indonesia kota kabupaten terletak distrik agats
wisata alam,Pulau Babi,-2.5679424,107.6258128,"Pulau Babi, Belitung, Kepulauan Bangka Belitung, Sumatera, Indonesia",Kepulauan Bangka Belitung,Belitung,"Pulau Babi, Belitung, Kepulauan Bangka Belitung",gambar_wisata/Pulau_Babi,kepulauan bangka belitung provinsi indonesia pulau utama pulau bangka pulau belitung ratusan pulau pulau total pulau bernama pulau berpenghuni pulau kepulauan bangka belitung terletak timur pulau sumatra berbatasan provinsi sumatera selatan
wisata alam,Pulau Bacan,-0.5840664,127.4918708,"Pulau Bacan, Halmahera Selatan, Maluku Utara, Maluku, 97791, Indonesia",Maluku Utara,Halmahera Selatan,"Pulau Bacan, Halmahera Selatan, Maluku Utara",gambar_wisata/Pulau_Bacan,bacan nama salah kecamatan terletak kabupaten halmahera selatan provinsi maluku utara indonesia ibukota kecamatan terletak desa labuha ibukota kabupaten halmahera selatan kecamatan memiliki luas penduduk ditahun jiwa
wisata alam,Pulau Bangka,1.7907213,125.1554826,"Pulau Bangka, Lihunu, Minahasa Utara, Sulawesi Utara, Sulawesi, Indonesia",Sulawesi Utara,Minahasa Utara,"Pulau Bangka, Minahasa Utara, Sulawesi Utara",gambar_wisata/Pulau_Bangka,pulau bangka pulau terletak ujung timur laut sulawesi indonesia pulau bangka dikenal pantai indah terjamah wisata menyelam nan eksotik
wisata alam,Pulau Batanta,-0.8377267,130.7068469,"Pulau Batanta, Raja Ampat, Papua Barat Daya, Western New Guinea, 98484, Indonesia",Papua Barat Daya,Raja Ampat,"Pulau Batanta, Raja Ampat, Papua Barat Daya",gambar_wisata/Pulau_Batanta,kepulauan raja ampat gugusan kepulauan berlokasi barat semenanjung kepala burung vogelkoop pulau papua administrasi gugusan kabupaten raja ampat kota sorong provinsi papua barat daya
wisata alam,Pulau Besar,-2.883333,106.133333,"Pulau Besar, Kepulauan Bangka Belitung, Sumatera, Indonesia",Kepulauan Bangka Belitung,Sumatera,"Pulau Besar, Sumatera, Kepulauan Bangka Belitung",gambar_wisata/Pulau_Besar,kepulauan bangka belitung provinsi indonesia pulau utama pulau bangka pulau belitung ratusan pulau pulau total pulau bernama pulau berpenghuni pulau kepulauan bangka belitung terletak timur pulau sumatra berbatasan provinsi sumatera selatan
wisata alam,Pulau Binongko,-5.9546218,124.0210187,"Pulau Binongko, Waloindi, Wakatobi, Sulawesi Tenggara, Sulawesi, Indonesia",Sulawesi Tenggara,Wakatobi,"Pulau Binongko, Wakatobi, Sulawesi Tenggara",gambar_wisata/Pulau_Binongko,binongko kecamatan kabupaten wakatobi sulawesi tenggara indonesia
wisata alam,Pulau Buru,-3.4591432,126.6562293,"Pulau Buru, Maluku, Indonesia",Maluku,Maluku,"Pulau Buru, Maluku, Maluku",gambar_wisata/Pulau_Buru,kepulauan maluku kepulauan timur indonesia tektonik terletak lempeng halmahera zona tabrakan laut maluku
wisata alam,Pulau Cempedak,-2.6328869,110.1204135,"Pulau Cempedak, Kendawangan Kiri, Kendawangan, Ketapang, Kalimantan Barat, Kalimantan, Indonesia",Kalimantan Barat,Ketapang,"Pulau Cempedak, Ketapang, Kalimantan Barat",gambar_wisata/Pulau_Cempedak,halaman memuat daftar pulau kepulauan pulau kalimantan daftar daftar lengkap terbarui
wisata alam,Pulau Derawan,2.2841235,118.2435287,"Pulau Derawan, Berau, Kalimantan Timur, Kalimantan, Indonesia",Kalimantan Timur,Berau,"Pulau Derawan, Berau, Kalimantan Timur",gambar_wisata/Pulau_Derawan,pulau derawan kecamatan kabupaten berau kalimantan timur indonesia
wisata alam,Pulau Flores,-8.5100369,120.5981537,"Flores, Nusa Tenggara Timur, Nusa Tenggara, Indonesia",Nusa Tenggara Timur,Daerah Khusus ibukota Jakarta,"Pulau Flores, nan, Nusa Tenggara Timur",gambar_wisata/Pulau_Flores,kabupaten manggarai barat kabupaten provinsi nusa tenggara timur indonesia kabupaten manggarai barat hasil pemekaran kabupaten manggarai berdasarkan undang undang
wisata alam,Pulau Gam,-0.4658697,130.6398411,"Pulau Gam, Kabui, Raja Ampat, Papua Barat Daya, Western New Guinea, Indonesia",Papua Barat Daya,Raja Ampat,"Pulau Gam, Raja Ampat, Papua Barat Daya",gambar_wisata/Pulau_Gam,kepulauan raja ampat gugusan kepulauan berlokasi barat semenanjung kepala burung vogelkoop pulau papua administrasi gugusan kabupaten raja ampat kota sorong provinsi papua barat daya
wisata alam,Pulau Halmahera,0.6536435,127.9319556,"Pulau Halmahera, Maluku Utara, Maluku, Indonesia",Maluku Utara,Maluku,"Pulau Halmahera, Maluku, Maluku Utara",gambar_wisata/Pulau_Halmahera,maluku utara diakronimkan malut provinsi indonesia kota provinsi terletak sofifi kota tidore kepulauan
wisata alam,Pulau Kakaban,2.1399777,118.5395082,"Pulau Kakaban, Maratua Payung-payung, Berau, Kalimantan Timur, Kalimantan, Indonesia",Kalimantan Timur,Berau,"Pulau Kakaban, Berau, Kalimantan Timur",gambar_wisata/Pulau_Kakaban,pulau kakaban luas hektar terletak kepulauan derawan kecamatan derawan kabupaten berau kalimantan timur pulau atol batu karang melingkar memiliki laguna danau air payau pulau species ubur ubur jelly fish menyengat biota unik
wisata alam,Pulau Kapoposang,-4.7,118.95,"Pulau Kapoposang, Sulawesi Selatan, Sulawesi, Indonesia",Sulawesi Selatan,Sulawesi,"Pulau Kapoposang, Sulawesi, Sulawesi Selatan",gambar_wisata/Pulau_Kapoposang,halaman memuat daftar pulau kepulauan pulau sulawesi disusun berdasarkan letak kabupatennya
wisata alam,Pulau Karimata,-1.6059608,108.9062009,"Pulau Karimata, Padang, Kepulauan Karimata, Kayong Utara, Kalimantan Barat, Kalimantan, Indonesia",Kalimantan Barat,Kayong Utara,"Pulau Karimata, Kayong Utara, Kalimantan Barat",gambar_wisata/Pulau_Karimata,kepulauan karimata kecamatan kabupaten kayong utara kalimantan barat indonesia pusat pemerintahannya desa pelapis
wisata alam,Pulau Kei Kecil,-5.7714884,132.73776,"Pulau Kei Kecil (Nuhu Roa), Maluku Tenggara, Maluku, 97611, Indonesia",Maluku,Maluku Tenggara,"Pulau Kei Kecil, Maluku Tenggara, Maluku",gambar_wisata/Pulau_Kei_Kecil,kabupaten maluku tenggara kabupaten wilayah provinsi maluku indonesia pembentukan kabupaten maluku tenggara
wisata alam,Pulau Kelapa,-5.8729463,105.7570682,"Pulau Kelapa, Bakauheni, Lampung Selatan, Lampung, Sumatera, Indonesia",Lampung,Lampung Selatan,"Pulau Kelapa, Lampung Selatan, Lampung",gambar_wisata/Pulau_Kelapa,kabupaten lampung selatan kabupaten provinsi lampung indonesia kota kabupaten terletak kecamatan kalianda
wisata alam,Pulau Kemaro,-2.9798369,104.8199048,"Pulau Kemaro, Kalidoni, Palembang, Sumatera Selatan, Sumatera, Indonesia",Sumatera Selatan,Palembang,"Pulau Kemaro, Palembang, Sumatera Selatan",gambar_wisata/Pulau_Kemaro,kota palembang jawi kota provinsi sumatera selatan indonesia luas kota palembang kota dihuni jiwa
wisata alam,Pulau Kenawa,-8.4985718,116.832948,"Pulau Kenawa, Sumbawa Barat, Nusa Tenggara Barat, Nusa Tenggara, Indonesia",Nusa Tenggara Barat,Sumbawa Barat,"Pulau Kenawa, Sumbawa Barat, Nusa Tenggara Barat",gambar_wisata/Pulau_Kenawa,nusa tenggara barat disingkat ntb provinsi indonesia kepulauan nusa tenggara provinsi bali sebelah barat provinsi nusa tenggara timur sebelah timur pusat pemerintahan kota provinsi kota mataram
wisata alam,Pulau Kepayang,-2.5486082,107.6509146,"Pulau Kepayang, Belitung, Kepulauan Bangka Belitung, Sumatera, Indonesia",Kepulauan Bangka Belitung,Belitung,"Pulau Kepayang, Belitung, Kepulauan Bangka Belitung",gambar_wisata/Pulau_Kepayang,kepulauan bangka belitung provinsi indonesia pulau utama pulau bangka pulau belitung ratusan pulau pulau total pulau bernama pulau berpenghuni pulau kepulauan bangka belitung terletak timur pulau sumatra berbatasan provinsi sumatera selatan
wisata alam,Pulau Ketawai,-2.2657969,106.32784,"Pulau Ketawai, Bangka Tengah, Kepulauan Bangka Belitung, Sumatera, Indonesia",Kepulauan Bangka Belitung,Bangka Tengah,"Pulau Ketawai, Bangka Tengah, Kepulauan Bangka Belitung",gambar_wisata/Pulau_Ketawai,indonesia negara kepulauan dunia tujuh belas ribu ratus delapan pulau wilayah kedaulatan negara kesatuan republik indonesia deputi kedaulatan maritim kementerian koordinator bidang kemaritiman
wisata alam,Pulau Kodingareng,-5.1490655,119.2648071,"Pulau Kodingarenglompo, Kodingareng, Kepulauan Sangkarrang, Makassar, Sulawesi Selatan, Sulawesi, Indonesia",Sulawesi Selatan,Makassar,"Pulau Kodingareng, Makassar, Sulawesi Selatan",gambar_wisata/Pulau_Kodingareng,halaman memuat daftar pulau kepulauan pulau sulawesi disusun berdasarkan letak kabupatennya
wisata alam,Pulau Komodo,-8.5891905,119.4624119,"Pulau Komodo, Kampung Komodo, Manggarai Barat, Nusa Tenggara Timur, Nusa Tenggara, Indonesia",Nusa Tenggara Timur,Manggarai Barat,"Pulau Komodo, Manggarai Barat, Nusa Tenggara Timur",gambar_wisata/Pulau_Komodo,nusa tenggara timur disingkat ntt provinsi indonesia meliputi timur kepulauan nusa tenggara kota nusa tenggara timur kota kupang
wisata alam,Pulau Kri,-0.5672263,130.6586583,"Pulau Kri, Yenbuba, Raja Ampat, Papua Barat Daya, Western New Guinea, Indonesia",Papua Barat Daya,Raja Ampat,"Pulau Kri, Raja Ampat, Papua Barat Daya",gambar_wisata/Pulau_Kri,kepulauan raja ampat gugusan kepulauan berlokasi barat semenanjung kepala burung vogelkoop pulau papua administrasi gugusan kabupaten raja ampat kota sorong provinsi papua barat daya
wisata alam,Pulau Legundi,-5.8142911,105.2929993,"Pulau Legundi, Pesawaran, Lampung, Sumatera, Indonesia",Lampung,Pesawaran,"Pulau Legundi, Pesawaran, Lampung",gambar_wisata/Pulau_Legundi,kabupaten pesawaran kabupaten provinsi lampung indonesia kotanya gedong tataan
wisata alam,Pulau Lembata,-8.3781443,123.5446266,"Pulau Lembata, Lembata, Nusa Tenggara Timur, Nusa Tenggara, Indonesia",Nusa Tenggara Timur,Lembata,"Pulau Lembata, Lembata, Nusa Tenggara Timur",gambar_wisata/Pulau_Lembata,nusa tenggara timur disingkat ntt provinsi indonesia meliputi timur kepulauan nusa tenggara kota nusa tenggara timur kota kupang
wisata alam,Pulau Lembeh,1.4684975,125.2589817,"Pulau Lembeh, Bitung, Sulawesi Utara, Sulawesi, Indonesia",Sulawesi Utara,Bitung,"Pulau Lembeh, Bitung, Sulawesi Utara",gambar_wisata/Pulau_Lembeh,lembeh utara salah kecamatan kota bitung sulawesi utara indonesia kecamatan wilayah pemekaran kecamatan bitung selatan
wisata alam,Pulau Lemukutan,0.767172,108.7071975,"Pulau Lemukutan, Sungai Raya Kepulauan, Bengkayang, Kalimantan Barat, Kalimantan, Indonesia",Kalimantan Barat,Bengkayang,"Pulau Lemukutan, Bengkayang, Kalimantan Barat",gambar_wisata/Pulau_Lemukutan,pulau lemukutan desa kecamatan sungai raya kepulauan kabupaten bengkayang kalimantan barat indonesia
wisata alam,Pulau Lengkuas,-2.5370465,107.6203231,"Pulau Lengkuas, Kepulauan Bangka Belitung, Sumatera, Indonesia",Kepulauan Bangka Belitung,Sumatera,"Pulau Lengkuas, Sumatera, Kepulauan Bangka Belitung",gambar_wisata/Pulau_Lengkuas,kepulauan bangka belitung provinsi indonesia pulau utama pulau bangka pulau belitung ratusan pulau pulau total pulau bernama pulau berpenghuni pulau kepulauan bangka belitung terletak timur pulau sumatra berbatasan provinsi sumatera selatan
wisata alam,Pulau Lepar,-2.9632056,106.8089193,"Pulau Lepar, Kumbung, Bangka Selatan, Kepulauan Bangka Belitung, Sumatera, Indonesia",Kepulauan Bangka Belitung,Bangka Selatan,"Pulau Lepar, Bangka Selatan, Kepulauan Bangka Belitung",gambar_wisata/Pulau_Lepar,kepulauan bangka belitung provinsi indonesia pulau utama pulau bangka pulau belitung ratusan pulau pulau total pulau bernama pulau berpenghuni pulau kepulauan bangka belitung terletak timur pulau sumatra berbatasan provinsi sumatera selatan
wisata alam,Pulau Lombok Timur,-8.8172619,116.5319344,"Pulau Maringkik, Lombok Timur, Nusa Tenggara Barat, Nusa Tenggara, Indonesia",Nusa Tenggara Barat,Daerah Khusus ibukota Jakarta,"Pulau Lombok Timur, nan, Nusa Tenggara Barat",gambar_wisata/Pulau_Lombok_Timur,daftar klub sepak bola indonesia badan pengurus sepakbola indonesia persatuan sepak bola indonesia pssi membidangi tim nasional liga liganya tertinggi liga
wisata alam,Pulau Maitara,0.7326818,127.3705295,"Pulau Maitara, Tafamutu, Tidore Kepulauan, Maluku Utara, Maluku, Indonesia",Maluku Utara,Tidore Kepulauan,"Pulau Maitara, Tidore Kepulauan, Maluku Utara",gambar_wisata/Pulau_Maitara,kota tidore kepulauan diakronimkan tikep salah kota provinsi maluku utara indonesia kota memiliki luas wilayah menjadikannya kota terluas ketiga indonesia kota palangka raya kota dumai
wisata alam,Pulau Mandioli,-0.7005541,127.2373273,"Pulau Mandioli, Bahu, Halmahera Selatan, Maluku Utara, Maluku, Indonesia",Maluku Utara,Halmahera Selatan,"Pulau Mandioli, Halmahera Selatan, Maluku Utara",gambar_wisata/Pulau_Mandioli,maluku utara diakronimkan malut provinsi indonesia kota provinsi terletak sofifi kota tidore kepulauan
wisata alam,Pulau Maratua,2.2374937,118.5728007,"Pulau Maratua, Maratua Bohesilian, Berau, Kalimantan Timur, Kalimantan, Indonesia",Kalimantan Timur,Berau,"Pulau Maratua, Berau, Kalimantan Timur",gambar_wisata/Pulau_Maratua,pulau maratua salah pulau terluar indonesia terletak kabupaten berau provinsi kalimantan timur pulau salah paradise island wilayah pulau terluar indonesia
wisata alam,Pulau Misool,-1.8671494,130.070519,"Pulau Batanme, Raja Ampat, Papua Barat Daya, Western New Guinea, Indonesia",Papua Barat Daya,Raja Ampat,"Pulau Misool, Raja Ampat, Papua Barat Daya",gambar_wisata/Pulau_Misool,kepulauan raja ampat gugusan kepulauan berlokasi barat semenanjung kepala burung vogelkoop pulau papua administrasi gugusan kabupaten raja ampat kota sorong provinsi papua barat daya
wisata alam,Pulau Morotai,2.3129234,128.4418556,"Pulau Morotai, Maluku Utara, Maluku, Indonesia",Maluku Utara,Pulau Morotai,"Pulau Morotai, Pulau Morotai, Maluku Utara",gambar_wisata/Pulau_Morotai,kabupaten pulau morotai nama pulau kabupaten terletak provinsi maluku utara indonesia pulau morotai salah pulau utara indonesia
wisata alam,Pulau Moyo,-8.2668723,117.5553083,"Pulau Moyo, Sebotok, Sumbawa, Nusa Tenggara Barat, Nusa Tenggara, 84351, Indonesia",Nusa Tenggara Barat,Daerah Khusus ibukota Jakarta,"Pulau Moyo, nan, Nusa Tenggara Barat",gambar_wisata/Pulau_Moyo,persis pulau indonesia bervariasi definisi sumber survei geospasial badan koordinasi survei pemetaan nasional bakorsurtanal badan koordinasi survei pemetaan nasional indonesia memiliki pulau
wisata alam,Pulau Onrust,-6.0335295,106.734901,"Pulau Onrust, Kepulauan Seribu, Daerah Khusus ibukota Jakarta, Jawa, Indonesia",Jawa Timur,Daerah Khusus ibukota Jakarta,"Pulau Onrust, Daerah Khusus ibukota Jakarta, nan",gambar_wisata/Pulau_Onrust,sejarah kalimantan selatan catatan historis kawasan dihuni manusia prasejarah kawasan provinsial berpemerintahan provinsi kalimantan selatan
wisata alam,Pulau Padar,-8.6626997,119.5557377,"Pulau Padar, Manggarai Barat, Nusa Tenggara Timur, Nusa Tenggara, Indonesia",Nusa Tenggara Timur,Manggarai Barat,"Pulau Padar, Manggarai Barat, Nusa Tenggara Timur",gambar_wisata/Pulau_Padar,nusa tenggara timur disingkat ntt provinsi indonesia meliputi timur kepulauan nusa tenggara kota nusa tenggara timur kota kupang
wisata alam,Pulau Pahawang,-5.6757839,105.2212726,"Pulau Puhawang, Pulau Pahawang, Pesawaran, Lampung, Sumatera, Indonesia",Lampung,Pesawaran,"Pulau Pahawang, Pesawaran, Lampung",gambar_wisata/Pulau_Pahawang,pulau pahawang desa kecamatan marga punduh kabupaten pesawaran lampung indonesia pulau terletak lepas teluk punduh
wisata alam,Pulau Panjang,2.3659907,118.2091481,"Pulau Panjang, Berau, Kalimantan Timur, Kalimantan, Indonesia",Kalimantan Timur,Berau,"Pulau Panjang, Berau, Kalimantan Timur",gambar_wisata/Pulau_Panjang,pulau terletak kepulauan derawan kecamatan derawan kabupaten berau kalimantan timur pulau memiliki luas hektar pulau terumbu karang
wisata alam,Pulau Pantar,-8.3624551,124.1805656,"Pulau Pantar, Alor, Nusa Tenggara Timur, Nusa Tenggara, Indonesia",Nusa Tenggara Timur,Alor,"Pulau Pantar, Alor, Nusa Tenggara Timur",gambar_wisata/Pulau_Pantar,nusa tenggara timur disingkat ntt provinsi indonesia meliputi timur kepulauan nusa tenggara kota nusa tenggara timur kota kupang
wisata alam,Pulau Pasaran,-5.4640446,105.2650567,"Pulau Pasaran, Kangkung, Bandar Lampung, Lampung, Sumatera, Indonesia",Lampung,Bandar Lampung,"Pulau Pasaran, Bandar Lampung, Lampung",gambar_wisata/Pulau_Pasaran,kota bandar lampung bernama tanjungkarang telukbetung kota kota provinsi provinsi lampung indonesia penduduk kota bandar lampung pertengahan jiwa
wisata alam,Pulau Pulau Maluku,-5.7493049,132.6852851,"Batas Desa Dian Pulau Kec Kei Kecil Barat Kabupaten Maluku Tenggara, Maluku Tenggara, Maluku, Indonesia",Maluku,Maluku Tenggara,"Pulau Pulau Maluku, Maluku Tenggara, Maluku",gambar_wisata/Pulau_Pulau_Maluku,maluku provinsi indonesia kota provinsi terletak kota ambon kota terbesar provinsi
wisata alam,Pulau Rinca,-8.7069643,119.6867114,"Pulau Rinca, Kampung Rinca, Manggarai Barat, Nusa Tenggara Timur, Nusa Tenggara, Indonesia",Nusa Tenggara Timur,Manggarai Barat,"Pulau Rinca, Manggarai Barat, Nusa Tenggara Timur",gambar_wisata/Pulau_Rinca,nusa tenggara timur disingkat ntt provinsi indonesia meliputi timur kepulauan nusa tenggara kota nusa tenggara timur kota kupang
wisata alam,Pulau Rote,-10.6870292,123.208435,"Pulau Rote, Rote Ndao, Nusa Tenggara Timur, Nusa Tenggara, 85371, Indonesia",Nusa Tenggara Timur,Rote Ndao,"Pulau Rote, Rote Ndao, Nusa Tenggara Timur",gambar_wisata/Pulau_Rote,rote ndao kabupaten ujung selatan provinsi nusa tenggara timur indonesia kota kabupaten terletak baa
wisata alam,Pulau Samalona,-5.1255055,119.3435008,"Pulau Samalona, Wajo, Makassar, Sulawesi Selatan, Sulawesi, Indonesia",Sulawesi Selatan,Makassar,"Pulau Samalona, Makassar, Sulawesi Selatan",gambar_wisata/Pulau_Samalona,samalona makassar translit liukang samalona har
wisata alam,Pulau Samama,2.1358203,118.3288038,"Pulau Samama, Berau, Kalimantan Timur, Kalimantan, Indonesia",Kalimantan Timur,Berau,"Pulau Samama, Berau, Kalimantan Timur",gambar_wisata/Pulau_Samama,pulau samama pulau terletak kabupaten berau provinsi kalimantan timur indonesia
wisata alam,Pulau Sangalaki,2.0862854,118.3994784,"Pulau Sangalaki, Berau, Kalimantan Timur, Kalimantan, Indonesia",Kalimantan Timur,Berau,"Pulau Sangalaki, Berau, Kalimantan Timur",gambar_wisata/Pulau_Sangalaki,kabupaten berau salah kabupaten provinsi kalimantan timur indonesia kota kabupaten terletak kecamatan tanjung redeb
wisata alam,Pulau Saparua,-3.566667,128.666667,"Pulau Saparua, Saparua, Maluku Tengah, Maluku, Indonesia",Maluku,Maluku Tengah,"Pulau Saparua, Maluku Tengah, Maluku",gambar_wisata/Pulau_Saparua,ullath kadang dieja oelat ulat ulath salah negeri wilayah kecamatan saparua timur maluku maluku indonesia negeri wilayah kecamatan saparua saparua timur dimekarkan kecamatan berdasarkan perda maluku nomor
wisata alam,Pulau Satonda,-8.1096652,117.7480875,"Pulau Satonda, Bima, Nusa Tenggara Barat, Nusa Tenggara, Indonesia",Nusa Tenggara Barat,Daerah Khusus ibukota Jakarta,"Pulau Satonda, nan, Nusa Tenggara Barat",gambar_wisata/Pulau_Satonda,persis pulau indonesia bervariasi definisi sumber survei geospasial badan koordinasi survei pemetaan nasional bakorsurtanal badan koordinasi survei pemetaan nasional indonesia memiliki pulau
wisata alam,Pulau Semau,-10.2268265,123.3710799,"Pulau Semau, Huilelot, Kupang, Nusa Tenggara Timur, Nusa Tenggara, Indonesia",Nusa Tenggara Timur,Kupang,"Pulau Semau, Kupang, Nusa Tenggara Timur",gambar_wisata/Pulau_Semau,nusa tenggara timur disingkat ntt provinsi indonesia meliputi timur kepulauan nusa tenggara kota nusa tenggara timur kota kupang
wisata alam,Pulau Seribu,-5.6350469,106.5803541,"Kepulauan Seribu, Daerah Khusus ibukota Jakarta, Jawa, 14520, Indonesia",Jawa Timur,Daerah Khusus ibukota Jakarta,"Pulau Seribu, Daerah Khusus ibukota Jakarta, nan",gambar_wisata/Pulau_Seribu,daftar klub sepak bola indonesia badan pengurus sepakbola indonesia persatuan sepak bola indonesia pssi membidangi tim nasional liga liganya tertinggi liga
wisata alam,Pulau Siau,2.7223131,125.3820802,"Pulau Siau, Pehe, Kepulauan Siau Tagulandang Biaro, Sulawesi Utara, Sulawesi, Indonesia",Sulawesi Utara,Kepulauan Siau Tagulandang Biaro,"Pulau Siau, Kepulauan Siau Tagulandang Biaro, Sulawesi Utara",gambar_wisata/Pulau_Siau,kabupaten kepulauan siau tagulandang biaro disingkat kabupaten sitaro kabupaten provinsi sulawesi utara indonesia kota ondong siau kabupaten berasal pemekaran wilayah kabupaten kepulauan sangihe talaud satal
wisata alam,Pulau Solor,-8.517276,122.9345454,"Pulau Solor, Watobuku, Flores Timur, Nusa Tenggara Timur, Nusa Tenggara, Indonesia",Nusa Tenggara Timur,Flores Timur,"Pulau Solor, Flores Timur, Nusa Tenggara Timur",gambar_wisata/Pulau_Solor,nusa tenggara timur disingkat ntt provinsi indonesia meliputi timur kepulauan nusa tenggara kota nusa tenggara timur kota kupang
wisata alam,Pulau Sumba,-10.3134659,120.1958373,"Pulau Salura, Desa Prai Salura, Kecamatan Karera, Sumba Timur, Nusa Tenggara Timur, Nusa Tenggara, Indonesia",Nusa Tenggara Timur,Sumba Timur,"Pulau Sumba, Sumba Timur, Nusa Tenggara Timur",gambar_wisata/Pulau_Sumba,nusa tenggara timur disingkat ntt provinsi indonesia meliputi timur kepulauan nusa tenggara kota nusa tenggara timur kota kupang
wisata alam,Pulau Sumbawa Besar,-8.4662963,117.4038685,"Boat to Pulau Moyo, Jalan Garuda, Brang Biji, Sumbawa, Nusa Tenggara Barat, Nusa Tenggara, Indonesia",Nusa Tenggara Barat,Daerah Khusus ibukota Jakarta,"Pulau Sumbawa Besar, nan, Nusa Tenggara Barat",gambar_wisata/Pulau_Sumbawa_Besar,persis pulau indonesia bervariasi definisi sumber survei geospasial badan koordinasi survei pemetaan nasional bakorsurtanal badan koordinasi survei pemetaan nasional indonesia memiliki pulau
wisata alam,Pulau Tempurung,0.716667,108.866667,"Pulau Tempurung, Sungai Raya, Kalimantan Barat, Kalimantan, Indonesia",Kalimantan Barat,Kalimantan,"Pulau Tempurung, Kalimantan, Kalimantan Barat",gambar_wisata/Pulau_Tempurung,halaman memuat daftar pulau kepulauan pulau kalimantan daftar daftar lengkap terbarui
wisata alam,Pulau Ternate,0.8104023,127.3409697,"Pulau Ternate, Ternate, Maluku Utara, Maluku, Indonesia",Maluku Utara,Ternate,"Pulau Ternate, Ternate, Maluku Utara",gambar_wisata/Pulau_Ternate,kesultanan ternate dikenal kerajaan gapi salah kerajaan islam kepulauan maluku salah kerajaan islam tertua nusantara didirikan baab mashur malamo
wisata alam,Pulau Tidore,0.6901198,127.411456,"Pulau Tidore, Tidore Kepulauan, Maluku Utara, Maluku, Indonesia",Maluku Utara,Tidore Kepulauan,"Pulau Tidore, Tidore Kepulauan, Maluku Utara",gambar_wisata/Pulau_Tidore,kota tidore kepulauan diakronimkan tikep salah kota provinsi maluku utara indonesia kota memiliki luas wilayah menjadikannya kota terluas ketiga indonesia kota palangka raya kota dumai
wisata alam,Pulau Tidung,3.616667,116.916667,"Pulau Sebidai, Tideng Pale, Tana Tidung, Kalimantan Utara, Kalimantan, Indonesia",Kalimantan Utara,Tana Tidung,"Pulau Tidung, Tana Tidung, Kalimantan Utara",gambar_wisata/Pulau_Tidung,kabupaten tana tidung disingkat ktt salah kabupaten provinsi kalimantan utara indonesia disetujui pembentukannya sidang paripurna dpr tanggal juli kota kabupaten tana tidung desa tideng pale kecamatan sesayap
wisata alam,Pulau Umang,-6.643015,105.581404,"Pulau Umang, Sumberjaya, Pandeglang, Banten, Jawa, Indonesia",Banten,Pandeglang,"Pulau Umang, Pandeglang, Banten",gambar_wisata/Pulau_Umang,banten provinsi terletak ujung barat pulau jawa indonesia provinsi beribu kota kota serang
wisata alam,Pulau Waigeo,-0.22409,131.0430825,"Pulau Waigeo, Raja Ampat, Papua Barat Daya, Western New Guinea, 98482, Indonesia",Papua Barat Daya,Raja Ampat,"Pulau Waigeo, Raja Ampat, Papua Barat Daya",gambar_wisata/Pulau_Waigeo,kepulauan raja ampat gugusan kepulauan berlokasi barat semenanjung kepala burung vogelkoop pulau papua administrasi gugusan kabupaten raja ampat kota sorong provinsi papua barat daya
wisata alam,Pulau Wayag,0.1777739,130.042052,"Pulau Wayag, Raja Ampat, Papua Barat Daya, Western New Guinea, Indonesia",Papua Barat Daya,Raja Ampat,"Pulau Wayag, Raja Ampat, Papua Barat Daya",gambar_wisata/Pulau_Wayag,kepulauan raja ampat gugusan kepulauan berlokasi barat semenanjung kepala burung vogelkoop pulau papua administrasi gugusan kabupaten raja ampat kota sorong provinsi papua barat daya
wisata alam,Puncak Becici,-7.9012592,110.4372592,"Hutan Pinus Becici, Jalan Gunung Cilik, Muntuk, Dlingo, Bantul, Daerah Istimewa Yogyakarta, Jawa, 55783, Indonesia",Daerah Istimewa Yogyakarta,Bantul,"Puncak Becici, Bantul, Daerah Istimewa Yogyakarta",gambar_wisata/Puncak_Becici,kabupaten bantul bahasa jawa pelafalan bahasa indonesia bant wilayah kabupaten terletak provinsi daerah istimewa yogyakarta indonesia kotanya kapanewon bantul
wisata alam,Puncak Suroloyo,-7.6475662,110.1813747,"Puncak Suroloyo, *, Samigaluh, Gerbosari, Samigaluh, Kulonprogo, Daerah Istimewa Yogyakarta, Jawa, 56553, Indonesia",Daerah Istimewa Yogyakarta,Kulonprogo,"Puncak Suroloyo, Kulonprogo, Daerah Istimewa Yogyakarta",gambar_wisata/Puncak_Suroloyo,daerah istimewa yogyakarta disingkat yogyakarta diy daerah istimewa setingkat provinsi indonesia peleburan negara kesultanan yogyakarta negara kadipaten paku alaman kota kota yogyakarta daerah istimewa yogyakarta terletak selatan pulau jawa berbatasan provinsi jawa samudra hindia
wisata alam,Raja Ampat,-0.7125553,130.3034473,"Raja Ampat, Papua Barat Daya, Western New Guinea, Indonesia",Papua Barat Daya,Raja Ampat,"Raja Ampat, Raja Ampat, Papua Barat Daya",gambar_wisata/Raja_Ampat,kepulauan raja ampat gugusan kepulauan berlokasi barat semenanjung kepala burung vogelkoop pulau papua administrasi gugusan kabupaten raja ampat kota sorong provinsi papua barat daya
wisata alam,Sungai Musi,-2.5506475,104.9202715,"Anak Sungai Musi, Upang Cemara, Muara Telang, Banyuasin, Sumatera Selatan, Sumatera, Indonesia",Sumatera Selatan,Banyuasin,"Sungai Musi, Banyuasin, Sumatera Selatan",gambar_wisata/Sungai_Musi,sungai lilin kecamatan kabupaten musi banyuasin sumatera selatan indonesia desa terjauh kota kecamatan desa bukit jaya jarak ditempuh darat
wisata alam,Sungai Way Seputih,-4.8585891,105.3350899,"Way Seputih, Lampung, Sumatera, Indonesia",Lampung,Sumatera,"Sungai Way Seputih, Sumatera, Lampung",gambar_wisata/Sungai_Way_Seputih,sumatra ejaan baku sumatera pulau keenam terbesar dunia terletak indonesia luas penduduk tinggal pulau jiwa sensus
wisata alam,Taman Nasional Danau Sentarum,0.8367767,112.1830307,"Taman Nasional Danau Sentarum, Kapuas Hulu, Kalimantan Barat, Kalimantan, 78775, Indonesia",Kalimantan Barat,Kapuas Hulu,"Taman Nasional Danau Sentarum, Kapuas Hulu, Kalimantan Barat",gambar_wisata/Taman_Nasional_Danau_Sentarum,taman nasional danau sentarum taman nasional terletak kabupaten kapuas hulu provinsi kalimantan barat lahan dijadikan wilayahnya seluas
wisata alam,Taman Nasional Gunung Ciremai,-6.8800193,108.4104831,"Taman Nasional Gunung Ciremai, Maniskidul, Kuningan, Jawa Barat, Jawa, Indonesia",Jawa Barat,Kuningan,"Taman Nasional Gunung Ciremai, Kuningan, Jawa Barat",gambar_wisata/Taman_Nasional_Gunung_Ciremai,taman nasional gunung ciremai disingkat tngc kawasan konservasi terletak provinsi jawa barat indonesia luas kawasan hektar tercantum penunjukan nomor menhut tanggal oktober gunung ciremai gunung soliter tertinggi jawa barat puncak tertinggi memiliki ketinggian mdpl membentuk kerucut sisi sebelah utara
wisata alam,Taman Nasional Gunung Gede Pangrango,-6.7752118,106.9311234,"Taman Nasional Gunung Gede Pangrango, Kadudampit, Megamendung, Kab Sukabumi, Jawa Barat, Jawa, Indonesia",Jawa Barat,Kab Sukabumi,"Taman Nasional Gunung Gede Pangrango, Kab Sukabumi, Jawa Barat",gambar_wisata/Taman_Nasional_Gunung_Gede_Pangrango,gunung salak aksara sunda baku kompleks gunung berapi tua terletak selatan jakarta pulau jawa kawasan rangkaian gunung wilayah kabupaten sukabumi kabupaten bogor jawa barat
wisata alam,Taman Nasional Gunung Halimun Salak,-6.7417746,106.4540374,"Taman Nasional Gunung Halimun-Salak, Lebak, Banten, Jawa, 16696, Indonesia",Banten,Lebak,"Taman Nasional Gunung Halimun Salak, Lebak, Banten",gambar_wisata/Taman_Nasional_Gunung_Halimun_Salak,taman nasional gunung halimun salak tnghs salah taman nasional terletak jawa barat kawasan konservasi luas hektare melindungi hutan hujan dataran rendah terluas daerah wilayah tangkapan air kabupaten kabupaten sekelilingnya
wisata alam,Taman Nasional Gunung Leuser,3.4925578,97.5593699,"Taman Nasional Gunung Leuser, Aceh, Sumatera, Indonesia",Aceh,Sumatera,"Taman Nasional Gunung Leuser, Sumatera, Aceh",gambar_wisata/Taman_Nasional_Gunung_Leuser,taman nasional gunung leuser disingkat tngl salah kawasan pelestarian alam indonesia seluas hektare administrasi pemerintahan terletak provinsi aceh sumatera utara taman nasional mengambil nama gunung leuser menjulang ketinggian meter permukaan laut aceh
wisata alam,Taman Nasional Gunung Merapi,-7.5599048,110.4302775,"Taman Nasional Gunung Merapi, Hargobinangun, Pakem, Sleman, Daerah Istimewa Yogyakarta, Jawa, Indonesia",Daerah Istimewa Yogyakarta,Hargobinangun,"Taman Nasional Gunung Merapi, Hargobinangun, Daerah Istimewa Yogyakarta",gambar_wisata/Taman_Nasional_Gunung_Merapi,sleman bahasa jawa translit man pelafalan bahasa indonesia leman wilayah kabupaten terletak provinsi daerah istimewa yogyakarta indonesia
wisata alam,Taman Nasional Gunung Merbabu,-7.4405123,110.4370164,"Taman Nasional Gunung Merbabu, Batur, Selo, Kabupaten Semarang, Jawa Tengah, Jawa, Indonesia",Jawa Tengah,Kabupaten Semarang,"Taman Nasional Gunung Merbabu, Kabupaten Semarang, Jawa Tengah",gambar_wisata/Taman_Nasional_Gunung_Merbabu,gunung merbabu hanacaraka gunung api bertipe stratovulcano terletak geografis administratif gunung wilayah kabupaten magelang lereng sebelah barat kabupaten boyolali lereng sebelah timur selatan kabupaten semarang lereng sebelah utara provinsi jawa gunung merbabu dikenal naskah naskah pra islam gunung damalung gunung pam rihan lerengnya pertapaan terkenal disinggahi bujangga manik abad etimologi merbabu berasal gabungan meru gunung abu abu
wisata alam,Taman Nasional Gunung Palung,-1.2137375,110.2375269,"Taman Nasional Gunung Palung, Kayong Utara, Kalimantan Barat, Kalimantan, Indonesia",Kalimantan Barat,Kayong Utara,"Taman Nasional Gunung Palung, Kayong Utara, Kalimantan Barat",gambar_wisata/Taman_Nasional_Gunung_Palung,taman nasional gunung palung tngp taman nasional terletak kabupaten kayong utara kabupaten ketapang kalimantan barat
wisata alam,Taman Nasional Gunung Rinjani,-8.4260537,116.4763578,"Taman Nasional Gunung Rinjani, Lombok Timur, Nusa Tenggara Barat, Nusa Tenggara, Indonesia",Nusa Tenggara Barat,Daerah Khusus ibukota Jakarta,"Taman Nasional Gunung Rinjani, nan, Nusa Tenggara Barat",gambar_wisata/Taman_Nasional_Gunung_Rinjani,silakan kunjungi pariwisata indonesia informasi lengkap
wisata alam,Taman Nasional Gunung Tambora,-8.2763787,117.996753,"Taman Nasional Gunung Tambora, Bima, Nusa Tenggara Barat, Nusa Tenggara, Indonesia",Nusa Tenggara Barat,Daerah Khusus ibukota Jakarta,"Taman Nasional Gunung Tambora, nan, Nusa Tenggara Barat",gambar_wisata/Taman_Nasional_Gunung_Tambora,silakan kunjungi pariwisata indonesia informasi lengkap
wisata alam,Tangkuban Perahu,-6.7534098,107.608264,"Tangkuban Parahu, Subang, Jawa Barat, Jawa, Indonesia",Jawa Barat,Subang,"Tangkuban Perahu, Subang, Jawa Barat",gambar_wisata/Tangkuban_Perahu,kabupaten subang bahasa sunda kabupaten provinsi jawa barat indonesia kabupaten beribu kota kecamatan subang kota
wisata edukasi,Bali Safari & Marine Park,-8.5808653,115.3440854,"Bali Safari & Marine Park, Profesor Ida Bagus Mantra Bypass, Keramas, Gianyar, Bali, Nusa Tenggara, 80716, Indonesia",Bali,Gianyar,"Bali Safari & Marine Park, Gianyar, Bali",gambar_wisata/Bali_Safari_&_Marine_Park,bali safari marine park bsmp wisata keluarga berwawasan lingkungan terletak desa serongga kec gianyar kabupaten gianyar bali
wisata edukasi,Eco Green Park,-7.8876615,112.5267665,"Eco Green Park, Oro-oro Ombo, Kota Batu, Klojen, Jawa Timur, Jawa, 65316, Indonesia",Jawa Timur,Kota Batu,"Eco Green Park, Kota Batu, Jawa Timur",gambar_wisata/Eco_Green_Park,jawa timur park rekreasi taman belajar kota batu jawa timur objek wisata barat kota malang salah icon wisata jawa timur
wisata edukasi,Floating Market Lembang,-6.8187298,107.618115,"Lembang Floating Market, 33E, Jalan Baruajak, DUSUN 1, Lembang, Bandung Barat, Jawa Barat, Jawa, 40391, Indonesia",Jawa Barat,Bandung Barat,"Floating Market Lembang, Bandung Barat, Jawa Barat",gambar_wisata/Floating_Market_Lembang,lembang bahasa sunda mbang aksara sunda baku kecamatan kabupaten bandung barat jawa barat indonesia kecamatan berjarak kilometer kota kabupaten bandung barat arah timur laut cisarua pusat pemerintahannya desa lembang
wisata edukasi,Kampung Adat Bena,-8.8771647,120.986082,"Kampung Adat Bena, Trekking, Watumeze, Watu, Ngada, Nusa Tenggara Timur, Nusa Tenggara, 86452, Indonesia",Nusa Tenggara Timur,Ngada,"Kampung Adat Bena, Ngada, Nusa Tenggara Timur",gambar_wisata/Kampung_Adat_Bena,nusa tenggara timur disingkat ntt provinsi indonesia meliputi timur kepulauan nusa tenggara kota nusa tenggara timur kota kupang
wisata edukasi,Kampung Arab Ampel,-7.2315883,112.7425599,"Kampung Arab Market, RW 02, Ampel, Semampir, Surabaya, Jawa Timur, Jawa, 60162, Indonesia",Jawa Timur,Surabaya,"Kampung Arab Ampel, Surabaya, Jawa Timur",gambar_wisata/Kampung_Arab_Ampel,orang arab indonesia bahasa arab penduduk indonesia memiliki darah arab pribumi indonesia kedatangan tinggal perkampungan arab tersebar kota indonesia
wisata edukasi,Kampung Batik Laweyan,-7.5694863,110.7960636,"Solia Zigna, 525, Jalan Dokter Rajiman Widiodiningrat, Laweyan, Surakarta, Jawa Tengah, Jawa, 57146, Indonesia",Jawa Tengah,Surakarta,"Kampung Batik Laweyan, Surakarta, Jawa Tengah",gambar_wisata/Kampung_Batik_Laweyan,laweyan bahasa jawa translit lawiyan kecamatan terletak barat kota surakarta
wisata edukasi,Kampung Berau,2.1997013,116.6992953,"Kantor Kampung Punan Mahkam (Long Pay), Berau, Kalimantan Timur, Kalimantan, 77361, Indonesia",Kalimantan Timur,Berau,"Kampung Berau, Berau, Kalimantan Timur",gambar_wisata/Kampung_Berau,kabupaten berau salah kabupaten provinsi kalimantan timur indonesia kota kabupaten terletak kecamatan tanjung redeb
wisata edukasi,Kampung Bontang,0.2007596,117.4495565,"(Kampung Salak) Rumah Kebun Arman Bontang, Jalan Poros Bontang-Sangatta, Martadinata, Kutai Timur, Kalimantan Timur, Kalimantan, 75321, Indonesia",Kalimantan Timur,Kutai Timur,"Kampung Bontang, Kutai Timur, Kalimantan Timur",gambar_wisata/Kampung_Bontang,kalimantan timur provinsi pulau kalimantan indonesia luas total kalimantan timur
wisata edukasi,Kampung Bugis,0.5121711,117.5972392,"Gang Kampung Bugis, Kutai Timur, Kalimantan Timur, Kalimantan, Indonesia",Kalimantan Timur,Kutai Timur,"Kampung Bugis, Kutai Timur, Kalimantan Timur",gambar_wisata/Kampung_Bugis,kalimantan timur provinsi pulau kalimantan indonesia luas total kalimantan timur
wisata edukasi,Kampung Ciburial,-6.8410502,107.6557382,"Kampung Sekejolang RW 09 Desa Ciburial, Kabupaten Bandung, Jawa Barat, Jawa, Indonesia",Jawa Barat,Kabupaten Bandung,"Kampung Ciburial, Kabupaten Bandung, Jawa Barat",gambar_wisata/Kampung_Ciburial,desa ciburial salah desa kecamatan cimenyan kabupaten bandung provinsi jawa barat indonesia desa desa utara kabupaten bandung
wisata edukasi,Kampung Cikadu,-6.5256832,105.6803975,"Jalan Kampung Wisata Cikadu, RT 002/RW 001 Kp. Cikadu Indah, RW 001, Dusun 1, Cipakis, Tanjungjaya, Pandeglang, Banten, Jawa, Indonesia",Banten,Pandeglang,"Kampung Cikadu, Pandeglang, Banten",gambar_wisata/Kampung_Cikadu,kabupaten pandeglang bahasa sunda translit pand glang kabupaten terletak provinsi banten indonesia
wisata edukasi,Kampung Melayu,-2.5820842,115.3864899,"Jalan Kampung Melayu, Barabai, Hulu Sungai Tengah, Kalimantan Selatan, Kalimantan, 71312, Indonesia",Kalimantan Selatan,Hulu Sungai Tengah,"Kampung Melayu, Hulu Sungai Tengah, Kalimantan Selatan",gambar_wisata/Kampung_Melayu,kalimantan diakronimkan kalteng salah provinsi pulau kalimantan indonesia kota provinsi kota palangka raya
wisata edukasi,Kampung Melayu Borneo,-3.3171899,114.6006391,"Melayu, Banjarmasin Tengah, Banjarmasin, Kalimantan Selatan, Kalimantan, 70234, Indonesia",Kalimantan Selatan,Banjarmasin,"Kampung Melayu Borneo, Banjarmasin, Kalimantan Selatan",gambar_wisata/Kampung_Melayu_Borneo,suku dayak ejaan dajak dyak suku bangsa kelompok multi etnik mendiami pedalaman pulau kalimantan wilayah indonesia istilah etnik wilayah malaysia brunei etnik spesifik iban bidayuh melanau kadazan dusun murut kadayan tutong bisaya belait daya serumpun raya nama toraya orang orang hulu
wisata edukasi,Kampung Samarinda,-0.5079768,117.164586,"Jalan Kampung Buton Gunung Sejuk, Sungai Dama, Samarinda Ilir, Samarinda, Kalimantan Timur, Kalimantan, 75115, Indonesia",Kalimantan Timur,Samarinda,"Kampung Samarinda, Samarinda, Kalimantan Timur",gambar_wisata/Kampung_Samarinda,samarinda kota kota provinsi provinsi kalimantan timur indonesia kota kota penduduk terbesar pulau kalimantan penduduk jiwa
wisata edukasi,Kampung Teluk,0.1978005,117.4482578,"Masjid Nur Jihad Kampung Salak, Jalan Poros Bontang-Sangatta, Martadinata, Kutai Timur, Kalimantan Timur, Kalimantan, 75321, Indonesia",Kalimantan Timur,Kutai Timur,"Kampung Teluk, Kutai Timur, Kalimantan Timur",gambar_wisata/Kampung_Teluk,kalimantan timur provinsi pulau kalimantan indonesia luas total kalimantan timur
wisata edukasi,Kampung Tridi Malang,-7.9817148,112.6379373,"Kampung Tridi (3D Village), Jalan Brantas, RW 12 KEL. KESATRIAN, KOTA MALANG, Sukoharjo, Kota Malang, Jawa Timur, Jawa, 65118, Indonesia",Jawa Timur,Kota Malang,"Kampung Tridi Malang, Kota Malang, Jawa Timur",gambar_wisata/Kampung_Tridi_Malang,kota malang bahasa jawa hanacaraka pegon pengucapan bahasa jawa mala kota terletak provinsi jawa timur indonesia kota kota terbesar jawa timur surabaya kota terbesar indonesia kota didirikan pemerintahan belanda april broeveldt wali kota
wisata edukasi,Kampung Wamena,-4.0913238,138.9365159,"Kantor Kampung Honelama Dua, Gang Pilamo, Honelama Dua, Wamena, Jayawijaya, Papua Pegunungan, Western New Guinea, 99511, Indonesia",Papua Pegunungan,Wamena,"Kampung Wamena, Wamena, Papua Pegunungan",gambar_wisata/Kampung_Wamena,wamena kota kabupaten jayawijaya wamena distrik kabupaten jayawijaya provinsi papua pegunungan
wisata edukasi,Kebun Raya Bogor,-6.5983032,106.7994187,"Kebun Raya Bogor, Bogor Tengah, Bogor, Jawa Barat, Jawa, Indonesia",Jawa Barat,Bogor,"Kebun Raya Bogor, Bogor, Jawa Barat",gambar_wisata/Kebun_Raya_Bogor,kebun raya bogor kebun botani bogor bahasa sunda translit kebon raya bogor kebun botani terletak kota bogor indonesia
wisata edukasi,Kebun Raya Cibodas,-6.7366316,107.0079063,"Kebun Raya Cibodas, Jalan Raya Kebun Cibodas, Cimacan, Cianjur, Jawa Barat, Jawa, 43253, Indonesia",Jawa Barat,Cianjur,"Kebun Raya Cibodas, Cianjur, Jawa Barat",gambar_wisata/Kebun_Raya_Cibodas,kebun raya cibodas aksara sunda bahasa inggris cibodas botanical garden terletak kompleks hutan gunung gede gunung pangrango desa cimacan cipanas cianjur jawa barat topografi lapangannya bergelombang berbukit bukit ketinggian
wisata edukasi,Kebun Raya Kalimantan Utara,4.0895795,117.6399182,"Kebun Raya Binusan, Binusan, Nunukan, Kalimantan Utara, Kalimantan, Indonesia",Kalimantan Utara,Nunukan,"Kebun Raya Kalimantan Utara, Nunukan, Kalimantan Utara",gambar_wisata/Kebun_Raya_Kalimantan_Utara,kabupaten kayong utara melayu jawi kabupaten provinsi kalimantan barat indonesia kotanya kecamatan sukadana
wisata edukasi,Kebun Raya Malang,-7.7998333,112.741642,"Kebun Raya Purwodadi, Jalan Raya Surabaya - Malang, Kertosari, Pasuruan, Jawa Timur, Jawa, Indonesia",Jawa Timur,Pasuruan,"Kebun Raya Malang, Pasuruan, Jawa Timur",gambar_wisata/Kebun_Raya_Malang,jawa timur diakronimkan jatim wilayah provinsi terletak timur pulau jawa indonesia kotanya kota surabaya
wisata edukasi,Kebun Raya Purwodadi,-7.7998333,112.741642,"Kebun Raya Purwodadi, Jalan Raya Surabaya - Malang, Kertosari, Pasuruan, Jawa Timur, Jawa, Indonesia",Jawa Timur,Pasuruan,"Kebun Raya Purwodadi, Pasuruan, Jawa Timur",gambar_wisata/Kebun_Raya_Purwodadi,purwodadi kecamatan kabupaten pasuruan provinsi jawa timur indonesia berbatasan kabupaten malang tepatnya sisi selatan berbatasan kecamatan lawang sisi barat gunung arjuno sisi utara kecamatan purwosari sisi timur berbatasan kecamatan kecamatan berlokasi kebun raya purwodadi pasuruan jawa timur
wisata edukasi,Kebun Raya Samarinda,-0.4493074,117.2109205,"Kebun Raya Unmul Samarinda, Tanah Merah, Samarinda Utara, Samarinda, Kalimantan Timur, Kalimantan, Indonesia",Kalimantan Timur,Samarinda,"Kebun Raya Samarinda, Samarinda, Kalimantan Timur",gambar_wisata/Kebun_Raya_Samarinda,samarinda kota kota provinsi provinsi kalimantan timur indonesia kota kota penduduk terbesar pulau kalimantan penduduk jiwa
wisata edukasi,Kebun Teh Wonosari,-7.812482,112.6402789,"Kebun Teh Wonosari, Ptpn Wonosari, Kabupaten Malang, Jawa Timur, Jawa, Indonesia",Jawa Timur,Kabupaten Malang,"Kebun Teh Wonosari, Kabupaten Malang, Jawa Timur",gambar_wisata/Kebun_Teh_Wonosari,kabupaten malang bahasa jawa hanacaraka pegon pengucapan bahasa jawa mala kabupaten provinsi jawa timur indonesia kota kabupaten terletak kecamatan kepanjen kota malang tepatnya daerah klojen
wisata edukasi,Museum Affandi,-7.7827543,110.3963324,"Museum Affandi, 167, Jalan Laksda Adisucipto, Catur Tunggal, Depok, Sleman, Daerah Istimewa Yogyakarta, Jawa, 55281, Indonesia",Daerah Istimewa Yogyakarta,Sleman,"Museum Affandi, Sleman, Daerah Istimewa Yogyakarta",gambar_wisata/Museum_Affandi,daerah istimewa yogyakarta disingkat yogyakarta diy daerah istimewa setingkat provinsi indonesia peleburan negara kesultanan yogyakarta negara kadipaten paku alaman kota kota yogyakarta daerah istimewa yogyakarta terletak selatan pulau jawa berbatasan provinsi jawa samudra hindia
wisata edukasi,Observatorium Bosscha,-6.8244765,107.61602,"Observatorium Bosscha, #KM15, Jalan Peneropong Bintang, Lembang, Bandung Barat, Jawa Barat, Jawa, 40391, Indonesia",Jawa Barat,Bandung Barat,"Observatorium Bosscha, Bandung Barat, Jawa Barat",gambar_wisata/Observatorium_Bosscha,observatorium bosscha observatorium astronomi tertua indonesia terletak lembang kabupaten bandung barat jawa barat observatorium bosscha mengoperasikan teleskop buah teleskop radio teleskop refraktor ganda zeiss meter teleskop terbesar dipasang kubah
wisata edukasi,Pusat Penelitian Kopi dan Kakao Jember,-8.1620212,113.7091569,"Pusat Penelitian Kopi dan Kakao Indonesia, Sumber Lor, Jember, Jawa Timur, Jawa, Indonesia",Jawa Timur,Jember,"Pusat Penelitian Kopi dan Kakao Jember, Jember, Jawa Timur",gambar_wisata/Pusat_Penelitian_Kopi_dan_Kakao_Jember,kabupaten bondowoso hanacaraka pegon pelafalan bahasa indonesia wilayah kabupaten provinsi jawa timur indonesia kotanya kecamatan bondowoso
wisata edukasi,Rumah Atsiri Indonesia,-7.6546345,111.1014613,"Rumah Atsiri Indonesia, Jalan Tawangmangu - Palaosan, Plumbon, Karanganyar, Jawa Tengah, Jawa, Indonesia",Jawa Tengah,Karanganyar,"Rumah Atsiri Indonesia, Karanganyar, Jawa Tengah",gambar_wisata/Rumah_Atsiri_Indonesia,museum rumah atsiri indonesia museum terletak jalan raya solo tawangmangu desa plumban watusambang tawamangu karanganyar jawa fungsi khusus museum menyimpan memamerkan koleksi peralatan pengolahan minyak atsiri
wisata edukasi,Selecta,-7.8191784,112.5251767,"Musholla Selecta, Jalan Masjid, Tulungrejo, Kota Batu, Jawa Timur, Jawa, 65336, Indonesia",Jawa Timur,Kota Batu,"Selecta, Kota Batu, Jawa Timur",gambar_wisata/Selecta,kota batu bahasa jawa hanacaraka pegon pengucapan bahasa jawa bat kota wisata provinsi jawa timur indonesia kota terletak sebelah barat daya surabaya sebelah barat laut malang
wisata edukasi,Seminyak Village,-8.683248,115.1568656,"Seminyak Village, No.8, Jalan Kayu Jati, Seminyak, Kuta, Kuta Utara, Badung, Bali, Nusa Tenggara, 80361, Indonesia",Bali,Badung,"Seminyak Village, Badung, Bali",gambar_wisata/Seminyak_Village,bali provinsi indonesia terletak barat kepulauan nusa tenggara beribu kota kota denpasar pulau bali pulau terbesar provinsi bali memiliki julukan pulau dewata pulau seribu pura
wisata edukasi,Taman Pintar Yogyakarta,-7.8010466,110.3677697,"Taman Pintar Yogyakarta, Kampung Ketandan, Prawirodirjan, Gondomanan, Kota Yogyakarta, Daerah Istimewa Yogyakarta, Jawa, Indonesia",Daerah Istimewa Yogyakarta,Kota Yogyakarta,"Taman Pintar Yogyakarta, Kota Yogyakarta, Daerah Istimewa Yogyakarta",gambar_wisata/Taman_Pintar_Yogyakarta,kota yogyakarta bahasa jawa translit ngayogyakarta pengucapan bahasa jawa ajogj kart dikenal masyarakat sebutan nama yogya jogja kota pusat pemerintahan perekonomian provinsi daerah istimewa yogyakarta indonesia
wisata edukasi,Trans Studio Bandung,-6.9247021,107.6360969,"Trans Studio Bandung, Jalan Cibangkong Lor, Maleer, Batununggal, Kota Bandung, Jawa Barat, Jawa, 40274, Indonesia",Jawa Barat,Kota Bandung,"Trans Studio Bandung, Kota Bandung, Jawa Barat",gambar_wisata/Trans_Studio_Bandung,kota bandung bahasa sunda pegon hanzi translit bandung pelafalan bahasa indonesia ban kota kota provinsi provinsi jawa barat indonesia
wisata kerajaan,Benteng Buton Baubau,-5.4733218,122.6102454,"Jalan Lingkungan Benteng Wolio Buton, Kanakea Dalam, Baubau, Sulawesi Tenggara, Sulawesi, 97326, Indonesia",Sulawesi Tenggara,Baubau,"Benteng Buton Baubau, Baubau, Sulawesi Tenggara",gambar_wisata/Benteng_Buton_Baubau,kota baubau kota provinsi sulawesi tenggara indonesia kota terletak pulau buton pulau terbesar provinsi
wisata kerajaan,Benteng Kuto Besak,-2.992422,104.7597918,"Plaza Benteng Kuto Besak, RW 06 Kel. 19 Ilir Kec. Bukit Kecil, Bukit Kecil, Palembang, Sumatera Selatan, Sumatera, 30251, Indonesia",Sumatera Selatan,Palembang,"Benteng Kuto Besak, Palembang, Sumatera Selatan",gambar_wisata/Benteng_Kuto_Besak,benteng kuto besak salah peninggalan bersejarah kota palembang sumatera selatan benteng terletak tepian sungai musi jalan sultan mahmud badarudin ilir bukit kota palembang
wisata kerajaan,Benteng Kuto Besak Palembang,-2.992422,104.7597918,"Plaza Benteng Kuto Besak, RW 06 Kel. 19 Ilir Kec. Bukit Kecil, Bukit Kecil, Palembang, Sumatera Selatan, Sumatera, 30251, Indonesia",Sumatera Selatan,Palembang,"Benteng Kuto Besak Palembang, Palembang, Sumatera Selatan",gambar_wisata/Benteng_Kuto_Besak_Palembang,kota palembang jawi kota provinsi sumatera selatan indonesia luas kota palembang kota dihuni jiwa
wisata kerajaan,Benteng Vastenburg,-7.572122,110.8312357,"Benteng Vastenburg, Jalan Panglima Besar Sudirman, Kauman, Surakarta, Kecamatan Pasar Kliwon, Jawa Tengah, Jawa, 57133, Indonesia",Jawa Tengah,Surakarta,"Benteng Vastenburg, Surakarta, Jawa Tengah",gambar_wisata/Benteng_Vastenburg,benteng vastenburg bahasa jawa translit vastenburg benteng peninggalan belanda terletak kedung lumbu pasar kliwon kota surakarta jawa
wisata kerajaan,Benteng Wolio,-5.4733218,122.6102454,"Jalan Lingkungan Benteng Wolio Buton, Kanakea Dalam, Baubau, Sulawesi Tenggara, Sulawesi, 97326, Indonesia",Sulawesi Tenggara,Baubau,"Benteng Wolio, Baubau, Sulawesi Tenggara",gambar_wisata/Benteng_Wolio,kota baubau kota provinsi sulawesi tenggara indonesia kota terletak pulau buton pulau terbesar provinsi
wisata kerajaan,Istana Bogor,-6.5979795,106.7975641,"Istana Bogor, Jalan Insinyur Haji Djuanda, Kelurahan Pabaton, Bogor Tengah, Bogor, Jawa Barat, Jawa, 16121, Indonesia",Jawa Barat,Bogor,"Istana Bogor, Bogor, Jawa Barat",gambar_wisata/Istana_Bogor,kota bogor bahasa sunda bahasa belanda buitenzorg kota terletak provinsi jawa barat indonesia kota bogor terletak arah selatan provinsi dki jakarta arah tenggara kota bandung enklave kabupaten bogor
wisata kerajaan,Istana Maimun Medan,3.575232,98.6838169,"Istana Maimun, Jalan Brigjen Katamso, Suka Raja, Aur, Medan Maimun, Kota Medan á¯á¯©á¯á¯á¯², Sumatera Utara, Sumatera, 20156, Indonesia",Sumatera Utara,Kota Medan ,"Istana Maimun Medan, Kota Medan á¯á¯©á¯á¯á¯², Sumatera Utara",gambar_wisata/Istana_Maimun_Medan,kota medan abjad jawi surat batak aksara han aksara tamil kota provinsi sumatera utara indonesia kota kota terbesar keempat indonesia dki jakarta surabaya bandung kota terbesar pulau jawa kota terbesar pulau sumatra
wisata kerajaan,Istana Siak Sri Indrapura Riau,0.7948074,102.0490273,"Istana Siak Sri Indrapura, Jalan Kartini, Siak Sri Indrapura, Siak, Riau, Sumatera, 28773, Indonesia",Riau,Siak,"Istana Siak Sri Indrapura Riau, Siak, Riau",gambar_wisata/Istana_Siak_Sri_Indrapura_Riau,riau jawi provinsi indonesia terletak pantai timur pulau sumatera wilayah pesisirnya berbatasan selat malaka
wisata kerajaan,Istana Tampaksiring,-8.4143074,115.313147,"Istana Kepresidenan Tampaksiring, Mancingan, Manukaya, Gianyar, Bali, Nusa Tenggara, Indonesia",Bali,Gianyar,"Istana Tampaksiring, Gianyar, Bali",gambar_wisata/Istana_Tampaksiring,tampaksiring kecamatan kabupaten gianyar bali indonesia kecamatan candi gunung kawi yayasan senang hati
wisata kerajaan,Kerajaan Gowa,-5.2070607,119.4524687,"Kompleks Istana Kerajaan Gowa, Sungguminasa, Somba Opu, Gowa, Sulawesi Selatan, Sulawesi, Indonesia",Sulawesi Selatan,Sulawesi,"Kerajaan Gowa, Sulawesi, Sulawesi Selatan",gambar_wisata/Kerajaan_Gowa,sulawesi selatan diakronimkan sulsel lontara provinsi semenanjung selatan pulau sulawesi indonesia kepulauan selayar selatan pulau sulawesi provinsi
wisata kerajaan,Keraton Kanoman Cirebon,-6.7224492,108.5680568,"Keraton Kanoman, Lemahwungkuk, Kota Cirebon, Jawa Barat, Jawa, 45118, Indonesia",Jawa Barat,Kota Cirebon,"Keraton Kanoman Cirebon, Kota Cirebon, Jawa Barat",gambar_wisata/Keraton_Kanoman_Cirebon,kota cirebon salah kota provinsi jawa barat indonesia kota pesisir utara pulau jawa menghubungkan jakarta surabaya lintas utara jawa
wisata kerajaan,Keraton Kasepuhan Cirebon,-6.7272941,108.5717151,"Keraton Kasepuhan, Jalan Mayor Sastraatmaja, Kesepuhan, Lemahwungkuk, Kota Cirebon, Jawa Barat, Jawa, 45133, Indonesia",Jawa Barat,Kota Cirebon,"Keraton Kasepuhan Cirebon, Kota Cirebon, Jawa Barat",gambar_wisata/Keraton_Kasepuhan_Cirebon,kota cirebon salah kota provinsi jawa barat indonesia kota pesisir utara pulau jawa menghubungkan jakarta surabaya lintas utara jawa
wisata kerajaan,Keraton Surakarta,-7.5784379,110.8283543,"Museum Keraton Surakarta, Jalan Mloyokusuman, Baluwarti, Surakarta, Kecamatan Pasar Kliwon, Jawa Tengah, Jawa, 57118, Indonesia",Jawa Tengah,Surakarta,"Keraton Surakarta, Surakarta, Jawa Tengah",gambar_wisata/Keraton_Surakarta,keraton surakarta hadiningrat keraton surakarta istana resmi kesunanan surakarta hadiningrat terletak kota surakarta keraton didirikan sri susuhunan pakubuwana pengganti keraton kartasura porak poranda akibat geger pecinan
wisata kerajaan,Keraton Yogyakarta,-7.8029256,110.3651894,"Keraton Yogyakarta, Jalan Alun Alun Utara, Kampung Ketandan, Prawirodirjan, Gondomanan, Kota Yogyakarta, Daerah Istimewa Yogyakarta, Jawa, 55000, Indonesia",Daerah Istimewa Yogyakarta,Kota Yogyakarta,"Keraton Yogyakarta, Kota Yogyakarta, Daerah Istimewa Yogyakarta",gambar_wisata/Keraton_Yogyakarta,kota yogyakarta bahasa jawa translit ngayogyakarta pengucapan bahasa jawa ajogj kart dikenal masyarakat sebutan nama yogya jogja kota pusat pemerintahan perekonomian provinsi daerah istimewa yogyakarta indonesia
wisata kerajaan,Puri Agung Gianyar,-8.5067232,115.262707,"Puri Saren Agung, Jalan Raya Ubud, Ubud, Kecamatan Ubud, Gianyar, Bali, Nusa Tenggara, 80571, Indonesia",Bali,Gianyar,"Puri Agung Gianyar, Gianyar, Bali",gambar_wisata/Puri_Agung_Gianyar,kabupaten gianyar bahasa bali aksara bali translit gya wilayah kabupaten terletak provinsi bali indonesia
wisata kerajaan,Puri Agung Karangasem,-8.4433442,115.6163545,"Puri Agung Karangasem, Jalan Gajah Mada, Kecamatan Karangasem, Amlapura, Kecamatan Karangasem, Karangasem, Bali, Nusa Tenggara, 80811, Indonesia",Bali,Karangasem,"Puri Agung Karangasem, Karangasem, Bali",gambar_wisata/Puri_Agung_Karangasem,kabupaten karangasem bahasa bali aksara bali kabupat kara salah kabupaten provinsi bali terletak timur pulau bali kotanya kota amlapura
wisata kuliner,Coto Nusantara Makassar,-5.1305904,119.4062286,"Coto Nusantara, Jalan Serui, Pattunuang, Wajo, Makassar, Sulawesi Selatan, Sulawesi, 90171, Indonesia",Sulawesi Selatan,Makassar,"Coto Nusantara Makassar, Makassar, Sulawesi Selatan",gambar_wisata/Coto_Nusantara_Makassar,kota makassar lontara makassar transliterasi kota mangkasara bernama ujung pandang nama benteng suku makassar kota provinsi sulawesi selatan indonesia kota dikenal resmi ujung pandang kota terbesar wilayah indonesia timur pusat kota terbesar ketujuh indonesia penduduk jakarta surabaya medan bandung semarang palembang
wisata kuliner,Gudeg Yu Djum Yogyakarta,-7.8045373,110.3668938,"Gudeg Yu Djum, Jalan Wijilan, Musikanan, Panembahan, Kraton, Kota Yogyakarta, Daerah Istimewa Yogyakarta, Jawa, 55000, Indonesia",Daerah Istimewa Yogyakarta,Kota Yogyakarta,"Gudeg Yu Djum Yogyakarta, Kota Yogyakarta, Daerah Istimewa Yogyakarta",gambar_wisata/Gudeg_Yu_Djum_Yogyakarta,perserikatan sepak bola sleman pss pss sleman klub sepak bola profesional indonesia berbasis kabupaten sleman yogyakarta pss didirikan tanggal mei
wisata kuliner,Jalan Ahmad Yani Makassar,-5.1328565,119.4078668,"Jalan Jenderal Ahmad Yani, Pattunuang, Wajo, Makassar, Sulawesi Selatan, Sulawesi, 90171, Indonesia",Sulawesi Selatan,Makassar,"Jalan Ahmad Yani Makassar, Makassar, Sulawesi Selatan",gambar_wisata/Jalan_Ahmad_Yani_Makassar,benteng rotterdam benteng ujung pandang benteng peninggalan kerajaan gowa tallo letak benteng pinggir pantai sebelah barat kota makassar sulawesi selatan
wisata kuliner,Jalan Braga Bandung,-6.9168925,107.6091723,"Jalan Braga, Braga, Sumur Bandung, Kota Bandung, Jawa Barat, Jawa, 40111, Indonesia",Jawa Barat,Kota Bandung,"Jalan Braga Bandung, Kota Bandung, Jawa Barat",gambar_wisata/Jalan_Braga_Bandung,kota bandung bahasa sunda pegon hanzi translit bandung pelafalan bahasa indonesia ban kota kota provinsi provinsi jawa barat indonesia
wisata kuliner,Jalan Dago Bandung,-6.8863522,107.6136814,"Jalan Ir. H. Djuanda, Lebak Gede, Coblong, Kota Bandung, Jawa Barat, Jawa, 40132, Indonesia",Jawa Barat,Kota Bandung,"Jalan Dago Bandung, Kota Bandung, Jawa Barat",gambar_wisata/Jalan_Dago_Bandung,kota bandung bahasa sunda pegon hanzi translit bandung pelafalan bahasa indonesia ban kota kota provinsi provinsi jawa barat indonesia
wisata kuliner,Jalan Malioboro Yogyakarta,-7.7932411,110.365806,"Jalan Malioboro, Suryatmajan, Danurejan, Kota Yogyakarta, Daerah Istimewa Yogyakarta, Jawa, 55213, Indonesia",Daerah Istimewa Yogyakarta,Kota Yogyakarta,"Jalan Malioboro Yogyakarta, Kota Yogyakarta, Daerah Istimewa Yogyakarta",gambar_wisata/Jalan_Malioboro_Yogyakarta,kota yogyakarta bahasa jawa translit ngayogyakarta pengucapan bahasa jawa ajogj kart dikenal masyarakat sebutan nama yogya jogja kota pusat pemerintahan perekonomian provinsi daerah istimewa yogyakarta indonesia
wisata kuliner,Jalan Sumatera Surabaya,-7.2749513,112.7451892,"Jalan Sumatera, RW 04, Gubeng, Surabaya, Jawa Timur, Jawa, 60271, Indonesia",Jawa Timur,Surabaya,"Jalan Sumatera Surabaya, Surabaya, Jawa Timur",gambar_wisata/Jalan_Sumatera_Surabaya,kota surabaya bahasa jawa hanacaraka pegon translit kuth sur pengucapan bahasa jawa sur pelafalan bahasa indonesia sura baja kota provinsi jawa timur pusat pemerintahan perekonomian kota terbesar provinsi
wisata kuliner,Jalan Suroto Yogyakarta,-7.785899,110.3744277,"Jalan Suroto, Kotabaru, Gondokusuman, Kota Yogyakarta, Daerah Istimewa Yogyakarta, Jawa, 55224, Indonesia",Daerah Istimewa Yogyakarta,Kota Yogyakarta,"Jalan Suroto Yogyakarta, Kota Yogyakarta, Daerah Istimewa Yogyakarta",gambar_wisata/Jalan_Suroto_Yogyakarta,kotabaru bahasa jawa translit kotabaru kelurahan terletak kemantren gondokusuman yogyakarta daerah istimewa yogyakarta indonesia
wisata kuliner,Kampung Tugu Jakarta,-6.127958,106.9185365,"Jalan Kampung Tugu, RW 14, Tugu Utara, Koja, Jakarta Utara, Daerah Khusus ibukota Jakarta, Jawa, 14260, Indonesia",Jawa Timur,Daerah Khusus ibukota Jakarta,"Kampung Tugu Jakarta, Daerah Khusus ibukota Jakarta, nan",gambar_wisata/Kampung_Tugu_Jakarta,kota malang bahasa jawa hanacaraka pegon pengucapan bahasa jawa mala kota terletak provinsi jawa timur indonesia kota kota terbesar jawa timur surabaya kota terbesar indonesia kota didirikan pemerintahan belanda april broeveldt wali kota
wisata kuliner,Martabak San Francisco Bandung,-6.9590474,107.6894384,"Martabak San Francisco, Bulevar Magna, Magna Commercial, Cisaranten Kidul, Gedebage, Kota Bandung, Jawa Barat, Jawa, 40295, Indonesia",Jawa Barat,Kota Bandung,"Martabak San Francisco Bandung, Kota Bandung, Jawa Barat",gambar_wisata/Martabak_San_Francisco_Bandung,rumah makan padang bisnis warung makan rumah makan restoran menjual menghidangkan ragam kuliner masakan minangkabau berasal sumatera barat rumah makan terkenal indonesia negara tetangga malaysia singapura australia disukai kalangan etnis bangsa
wisata kuliner,Nasi Kapau Bukittinggi,-6.1756359,106.7817377,"Nasi Kapau Bukittinggi, Jalan Salak Raya, RW 05, Tanjung Duren Utara, Grogol Petamburan, Jakarta Barat, Daerah Khusus ibukota Jakarta, Jawa, 11430, Indonesia",Jawa Timur,Daerah Khusus ibukota Jakarta,"Nasi Kapau Bukittinggi, Daerah Khusus ibukota Jakarta, nan",gambar_wisata/Nasi_Kapau_Bukittinggi,kota padang kota terbesar pantai barat pulau sumatra kota provinsi sumatera barat indonesia kota pintu gerbang barat indonesia samudra hindia
wisata kuliner,Pasar Ambon,-3.6937552,128.179026,"Pasar Gotong Royong, Jalan Yos Sudarso, Honipopu, Ambon, Maluku, 97123, Indonesia",Maluku,Ambon,"Pasar Ambon, Ambon, Maluku",gambar_wisata/Pasar_Ambon,ambon plaza disingkat amplaz pusat perbelanjaan ambon terletak jalan sam ratulangi pelabuhan yos soedarso mal dibuka menjadikannya mal tertua ambon
wisata kuliner,Pasar Atom Surabaya,-7.2414035,112.7441077,"Pasar Atom, Jalan Waspada, RW 04, Bongkaran, Pabean Cantian, Surabaya, Jawa Timur, Jawa, 60145, Indonesia",Jawa Timur,Surabaya,"Pasar Atom Surabaya, Surabaya, Jawa Timur",gambar_wisata/Pasar_Atom_Surabaya,pusat perbelanjaan surabaya singkatan lihat golden city surabaya grand city surabaya disingkat gcs komplek pusat kota surabaya jawa timur indonesia pusat perbelanjaan balai pamer balai pertemuan bangunan didirikan menjadikannya mall ketiga berdiri pinggir sungai mas plaza surabaya world trade center surabaya
wisata kuliner,Pasar Baru,-6.164901,106.8334669,"Pasar Baru, Daerah Khusus ibukota Jakarta, Jawa, 10120, Indonesia",Jawa Timur,Daerah Khusus ibukota Jakarta,"Pasar Baru, Daerah Khusus ibukota Jakarta, nan",gambar_wisata/Pasar_Baru,kabupaten bungo kabupaten provinsi jambi indonesia kabupaten hasil pemekaran kabupaten bungo tebo tanggal oktober
wisata kuliner,Pasar Bersehati,1.4980107,124.8413311,"Pasar Bersehati, Boulevard 2, Calaca, Manado, Sulawesi Utara, Sulawesi, 95122, Indonesia",Sulawesi Utara,Manado,"Pasar Bersehati, Manado, Sulawesi Utara",gambar_wisata/Pasar_Bersehati,jembatan soekarno jembatan kabel pancang kota manado sulawesi utara melintasi perairan teluk manado muara sungai tondano menghubungkan pinaesaan wenang manado sindulang tuminting manado
wisata kuliner,Pasar Cibadak Bandung,-6.9232848,107.5955639,"Pasar ulekan pagarsih, Jalan Natawijaya, Cibadak, Astanaanyar, Kota Bandung, Jawa Barat, Jawa, 40232, Indonesia",Jawa Barat,Kota Bandung,"Pasar Cibadak Bandung, Kota Bandung, Jawa Barat",gambar_wisata/Pasar_Cibadak_Bandung,kota bandung bahasa sunda pegon hanzi translit bandung pelafalan bahasa indonesia ban kota kota provinsi provinsi jawa barat indonesia
wisata kuliner,Pasar Cihapit Bandung,-6.9085551,107.6224564,"Pasar Cihapit, Jalan Sabang, Cihapit, Bandung Wetan, Kota Bandung, Jawa Barat, Jawa, 40113, Indonesia",Jawa Barat,Kota Bandung,"Pasar Cihapit Bandung, Kota Bandung, Jawa Barat",gambar_wisata/Pasar_Cihapit_Bandung,kota bandung bahasa sunda pegon hanzi translit bandung pelafalan bahasa indonesia ban kota kota provinsi provinsi jawa barat indonesia
wisata kuliner,Pasar Flamboyan,-0.0402083,109.3453369,"Pasar flamboyan, Jalan Gajah Mada, Benua Melayu Darat, Pontianak, Kalimantan Barat, Kalimantan, 71127, Indonesia",Kalimantan Barat,Pontianak,"Pasar Flamboyan, Pontianak, Kalimantan Barat",gambar_wisata/Pasar_Flamboyan,dikelompokkan berdasarkan wilayah keuskupan
wisata kuliner,Pasar Gede Solo,-7.5693721,110.8314627,"Pasar Gede Solo, Jalan R.E. Martadinata, Sudiroprajan, Surakarta, Jawa Tengah, Jawa, 57113, Indonesia",Jawa Tengah,Surakarta,"Pasar Gede Solo, Surakarta, Jawa Tengah",gambar_wisata/Pasar_Gede_Solo,kota surakarta bahasa jawa hanacaraka pegon hanzi pengucapan bahasa jawa sur kart solo bahasa jawa translit sala pengucapan bahasa jawa salah kota provinsi jawa indonesia luas
wisata kuliner,Pasar Gianyar,-8.5425256,115.3270651,"Pasar Umum Gianyar, Jalan Berata, Gianyar, Bali, Nusa Tenggara, 85011, Indonesia",Bali,Gianyar,"Pasar Gianyar, Gianyar, Bali",gambar_wisata/Pasar_Gianyar,kabupaten gianyar bahasa bali aksara bali translit gya wilayah kabupaten terletak provinsi bali indonesia
wisata kuliner,Pasar Ikan Ambon,-3.6875401,128.1833998,"Pasar Ikan Arumbae, Pandan Kasturi, Rijali, Ambon, Maluku, 97127, Indonesia",Maluku,Ambon,"Pasar Ikan Ambon, Ambon, Maluku",gambar_wisata/Pasar_Ikan_Ambon,bahasa melayu ambon bahasa kreol berbasis melayu tradisional wilayah provinsi maluku pulau ambon kepulauan lease pulau buano pulau manipa pulau kelang pulau seram dipakai bahasa perdagangan kepulauan kei kepulauan banda kepulauan watubela pulau buru kepulauan aru
wisata kuliner,Pasar Johar,-6.9721147,110.424762,"Pasar Johar, Jalan K.H. Agus Salim, RW 01, Kauman, Semarang Tengah, Kota Semarang, Jawa Tengah, Jawa, 50000, Indonesia",Jawa Tengah,Kota Semarang,"Pasar Johar, Kota Semarang, Jawa Tengah",gambar_wisata/Pasar_Johar,kota semarang bahasa jawa hanacaraka pegon hanzi translit semarang kota provinsi jawa indonesia
wisata kuliner,Pasar Kapuas Hulu,0.6643468,112.2773659,"Jongkong Pasar, Jongkong, Kapuas Hulu, Kalimantan Barat, Kalimantan, Indonesia",Kalimantan Barat,Kapuas Hulu,"Pasar Kapuas Hulu, Kapuas Hulu, Kalimantan Barat",gambar_wisata/Pasar_Kapuas_Hulu,kabupaten kapuas hulu kabupaten provinsi kalimantan barat indonesia kota kabupaten terletak putussibau
wisata kuliner,Pasar Klewer,-7.5755013,110.8268372,"Pasar Klewer, Jalan Dokter Rajiman Widiodiningrat, Kauman, Surakarta, Kecamatan Pasar Kliwon, Jawa Tengah, Jawa, 57118, Indonesia",Jawa Tengah,Surakarta,"Pasar Klewer, Surakarta, Jawa Tengah",gambar_wisata/Pasar_Klewer,pasar klewer bahasa jawa translit pasar pasar tekstil terbesar kota surakarta
wisata kuliner,Pasar Kota Barito,-3.1310335,114.4848887,"Kantor Desa Anjir Pasar Lama, Kuala Kapuas - Anjir Pasar Kota, Anjir Serapat Tengah, Barito Kuala, Kalimantan Selatan, Kalimantan, Indonesia",Kalimantan Selatan,Barito Kuala,"Pasar Kota Barito, Barito Kuala, Kalimantan Selatan",gambar_wisata/Pasar_Kota_Barito,kabupaten barito kuala wilayah kabupaten terletak provinsi kalimantan selatan indonesia kotanya marabahan
wisata kuliner,Pasar Kranggan,-7.7825017,110.3656896,"Pasar Kranggan, Jalan Poncowinatan, Cokrodiningratan, Jetis, Kota Yogyakarta, Daerah Istimewa Yogyakarta, Jawa, 55233, Indonesia",Daerah Istimewa Yogyakarta,Kota Yogyakarta,"Pasar Kranggan, Kota Yogyakarta, Daerah Istimewa Yogyakarta",gambar_wisata/Pasar_Kranggan,kota yogyakarta bahasa jawa translit ngayogyakarta pengucapan bahasa jawa ajogj kart dikenal masyarakat sebutan nama yogya jogja kota pusat pemerintahan perekonomian provinsi daerah istimewa yogyakarta indonesia
wisata kuliner,Pasar Kuala Pembuang,-3.3865215,112.5528643,"Pasar SAIK, Jalan AIS Nasution, Wilayah RT.006 KP2, Kuala Pembuang Dua, Seruyan, Kalimantan Tengah, Kalimantan, Indonesia",Kalimantan Tengah,Seruyan,"Pasar Kuala Pembuang, Seruyan, Kalimantan Tengah",gambar_wisata/Pasar_Kuala_Pembuang,kalimantan diakronimkan kalteng salah provinsi pulau kalimantan indonesia kota provinsi kota palangka raya
wisata kuliner,Pasar Kumbasari,-8.6560993,115.2118033,"Pasar Kumbasari, Jalan Gajah Mada, Pemecutan, Denpasar Barat, Denpasar á¬¤á¬¾á¬¦á­á¬§á¬²á¬, Bali, Nusa Tenggara, 80231, Indonesia",Bali,Denpasar ,"Pasar Kumbasari, Denpasar á¬¤á¬¾á¬¦á­á¬§á¬²á¬, Bali",gambar_wisata/Pasar_Kumbasari,kota denpasar bahasa bali npasar kota pusat pemerintahan perekonomian provinsi bali indonesia denpasar kota terbesar kepulauan nusa tenggara kota terbesar wilayah indonesia timur kota makassar
wisata kuliner,Pasar Lama Tangerang,-6.1779396,106.6300758,"Kawasan Kuliner Pasar Lama, Jalan Kisamaun, Sukasari, Tangerang, Banten, Jawa, 15520, Indonesia",Banten,Tangerang,"Pasar Lama Tangerang, Tangerang, Banten",gambar_wisata/Pasar_Lama_Tangerang,kota tangerang kota terletak provinsi banten indonesia kota terletak sebelah barat dki jakarta
wisata kuliner,Pasar Luwuk,-0.9562272,122.7896944,"Pasar Tani Tradisional, Jalan Ki Hajar Dewantara, Luwuk, Banggai, Sulawesi Tengah, Sulawesi, 94711, Indonesia",Sulawesi Tengah,Banggai,"Pasar Luwuk, Banggai, Sulawesi Tengah",gambar_wisata/Pasar_Luwuk,sulawesi disingkat sulteng provinsi pulau sulawesi indonesia kota provinsi kota palu luas wilayahnya
wisata kuliner,Pasar Malam Makassar,-5.1377954,119.4325202,"Jalan Pasar Malam 1, Maccini, Makassar, Sulawesi Selatan, Sulawesi, 90152, Indonesia",Sulawesi Selatan,Makassar,"Pasar Malam Makassar, Makassar, Sulawesi Selatan",gambar_wisata/Pasar_Malam_Makassar,sulawesi selatan diakronimkan sulsel lontara provinsi semenanjung selatan pulau sulawesi indonesia kepulauan selayar selatan pulau sulawesi provinsi
wisata kuliner,Pasar Mamuju,-2.672303,118.8919325,"Pusat Pertokoan Modern Mamuju, Jalan Sultan Hasanuddin, Mamuju, Sulawesi Barat, Sulawesi, 91515, Indonesia",Sulawesi Barat,Mamuju,"Pasar Mamuju, Mamuju, Sulawesi Barat",gambar_wisata/Pasar_Mamuju,kabupaten pasangkayu bernama kabupaten mamuju utara salah kabupaten provinsi sulawesi barat indonesia kota kabupaten terletak kecamatan pasangkayu
wisata kuliner,Pasar Modern Mamuju,-2.672303,118.8919325,"Pusat Pertokoan Modern Mamuju, Jalan Sultan Hasanuddin, Mamuju, Sulawesi Barat, Sulawesi, 91515, Indonesia",Sulawesi Barat,Mamuju,"Pasar Modern Mamuju, Mamuju, Sulawesi Barat",gambar_wisata/Pasar_Modern_Mamuju,daftar proyek infrastruktur diresmikan presiden republik indonesia joko widodo menjabat oktober oktober
wisata kuliner,Pasar Palangkaraya,-2.2081836,113.9370335,"Pasar Malam, Jalan Halmahera, Pahandut, Palangka Raya, Kalimantan Tengah, Kalimantan, 74874, Indonesia",Kalimantan Tengah,Palangka Raya,"Pasar Palangkaraya, Palangka Raya, Kalimantan Tengah",gambar_wisata/Pasar_Palangkaraya,kalimantan diakronimkan kalteng salah provinsi pulau kalimantan indonesia kota provinsi kota palangka raya
wisata kuliner,Pasar Rakyat Kendari,-3.9816193,122.5849864,"Pasar Rakyat Lapulu, Jalan Setia Budi, Poasia, Kendari, Sulawesi Tenggara, Sulawesi, 93234, Indonesia",Sulawesi Tenggara,Kendari,"Pasar Rakyat Kendari, Kendari, Sulawesi Tenggara",gambar_wisata/Pasar_Rakyat_Kendari,kota kendari kota kota pusat pemerintahan provinsi sulawesi tenggara indonesia kendari diresmikan kotamadya kota
wisata kuliner,Pasar Sanggau,-0.0329966,110.1113959,"PASAR TAYAN, Jembatan Tayan, Pulau Tayan Utara, Tayan Hilir, Sanggau, Kalimantan Barat, Kalimantan, Indonesia",Kalimantan Barat,Sanggau,"Pasar Sanggau, Sanggau, Kalimantan Barat",gambar_wisata/Pasar_Sanggau,kerajaan sanggau bahasa sanggau aksara arab melayu jawi kerajaan berkelanjutan kerajaan labai lawai kepemimpinan dara nante era sriwijaya mengkiang kota abad nama sanggau diambil sangga nama diambil kerajaan institusi penyangga segi ekonomi pertahanan
wisata kuliner,Pasar Santa,-6.2391928,106.8077643,"Pasar Santa, Jalan Robert Wolter Monginsidi, RW 06, Petogogan, Kebayoran Baru, Jakarta Selatan, Daerah Khusus ibukota Jakarta, Jawa, 12180, Indonesia",Jawa Timur,Daerah Khusus ibukota Jakarta,"Pasar Santa, Daerah Khusus ibukota Jakarta, nan",gambar_wisata/Pasar_Santa,kota tegal bahasa jawa hanacaraka pegon hanzi belanda tagal kota provinsi jawa indonesia kota cikal berdirinya korps marinir tercatat pangkalan alri tegal nama corps mariniers november
wisata kuliner,Pasar Santa Jakarta,-6.2391928,106.8077643,"Pasar Santa, Jalan Robert Wolter Monginsidi, RW 06, Petogogan, Kebayoran Baru, Jakarta Selatan, Daerah Khusus ibukota Jakarta, Jawa, 12180, Indonesia",Jawa Timur,Daerah Khusus ibukota Jakarta,"Pasar Santa Jakarta, Daerah Khusus ibukota Jakarta, nan",gambar_wisata/Pasar_Santa_Jakarta,kota tegal bahasa jawa hanacaraka pegon hanzi belanda tagal kota provinsi jawa indonesia kota cikal berdirinya korps marinir tercatat pangkalan alri tegal nama corps mariniers november
wisata kuliner,Pasar Seni Ampenan,-8.5659896,116.1270748,"Pasar Seni Sayang-Sayang, Jalan Jendral Sudirman, Lingk. Gegutu Timur, Kel. Karang Baru, Gegutu, Mataram, Kec. Selaparang, Nusa Tenggara Barat, Nusa Tenggara, 83124, Indonesia",Nusa Tenggara Barat,Mataram,"Pasar Seni Ampenan, Mataram, Nusa Tenggara Barat",gambar_wisata/Pasar_Seni_Ampenan,daftar berdasarkan daftar anggota asosiasi museum indonesia data master warisan budaya benda kementerian pendidikan kebudayaan kemendikbud daftar membedakan museum cagar budaya berdasarkan standar kode unik museum cagar budaya kemendikbud
wisata kuliner,Pasar Seni Cakranegara,-8.5659896,116.1270748,"Pasar Seni Sayang-Sayang, Jalan Jendral Sudirman, Lingk. Gegutu Timur, Kel. Karang Baru, Gegutu, Mataram, Kec. Selaparang, Nusa Tenggara Barat, Nusa Tenggara, 83124, Indonesia",Nusa Tenggara Barat,Mataram,"Pasar Seni Cakranegara, Mataram, Nusa Tenggara Barat",gambar_wisata/Pasar_Seni_Cakranegara,kerajaan medang jawa kuno translit atwan medang kuno kerajaan agraris talasokrasi berdiri jawa abad masehi didirikan sanjaya berpindah jawa timur abad masehi dyah balitung dyah sindok
wisata kuliner,Pasar Seni Mataram,-8.5659896,116.1270748,"Pasar Seni Sayang-Sayang, Jalan Jendral Sudirman, Lingk. Gegutu Timur, Kel. Karang Baru, Gegutu, Mataram, Kec. Selaparang, Nusa Tenggara Barat, Nusa Tenggara, 83124, Indonesia",Nusa Tenggara Barat,Mataram,"Pasar Seni Mataram, Mataram, Nusa Tenggara Barat",gambar_wisata/Pasar_Seni_Mataram,kerajaan medang jawa kuno translit atwan medang kuno kerajaan agraris talasokrasi berdiri jawa abad masehi didirikan sanjaya berpindah jawa timur abad masehi dyah balitung dyah sindok
wisata kuliner,Pasar Seni Sukawati,-8.5964842,115.2824354,"Pasar Seni Sukawati, Jalan Raya Sukawati, Sukawati, Gianyar, Bali, Nusa Tenggara, 80582, Indonesia",Bali,Gianyar,"Pasar Seni Sukawati, Gianyar, Bali",gambar_wisata/Pasar_Seni_Sukawati,pasar sukawati pasar seni terletak kabupaten gianyar bali pasar menjual kerajinan seni khas bali sandal manik manik pakaian tas lukisan patung kayu pasar berdiri dibuka wita
wisata kuliner,Pasar Sentral Kendari,-3.9937375,122.5145946,"Pasar Sentral Wua-Wua, Jalan M.T. Haryono, Bende, Kendari, Sulawesi Tenggara, Sulawesi, 93117, Indonesia",Sulawesi Tenggara,Kendari,"Pasar Sentral Kendari, Kendari, Sulawesi Tenggara",gambar_wisata/Pasar_Sentral_Kendari,kota raha ibukota kabupaten muna kota salah kota provinsi sulawesi tenggara indonesia
wisata kuliner,Pasar Sentral Makassar,-5.1289467,119.4151115,"Pasar Sentral Makassar, Jalan Agus Salim, Makassar Mall, Ende, Wajo, Makassar, Sulawesi Selatan, Sulawesi, 90156, Indonesia",Sulawesi Selatan,Makassar,"Pasar Sentral Makassar, Makassar, Sulawesi Selatan",gambar_wisata/Pasar_Sentral_Makassar,selat makassar selat terletak pulau kalimantan sulawesi indonesia masuk wilayah tektonik kompleks tepi lempeng eurasia utara selat makassar berhubungan langsung laut sulawesi terdalam mencapai
wisata kuliner,Pasar Tengah,0.3847201,109.9597377,"Pasar Tengah, Hilir Kantor, Ngabang, Landak, Kalimantan Barat, Kalimantan, 79357, Indonesia",Kalimantan Barat,Landak,"Pasar Tengah, Landak, Kalimantan Barat",gambar_wisata/Pasar_Tengah,kalimantan diakronimkan kalteng salah provinsi pulau kalimantan indonesia kota provinsi kota palangka raya
wisata kuliner,Pasar Tenggarong,-0.4142333,116.9908324,"Pasar Seni, Jalan Pangeran Diponegoro, Panji, Kutai Kartanegara, Kalimantan Timur, Kalimantan, 75514, Indonesia",Kalimantan Timur,Kutai Kartanegara,"Pasar Tenggarong, Kutai Kartanegara, Kalimantan Timur",gambar_wisata/Pasar_Tenggarong,tenggarong seberang kecamatan terletak wilayah kabupaten kutai kartanegara kalimantan timur indonesia posisi kecamatan terletak kota kabupaten kutai kartanegara tenggarong kota provinsi kalimantan timur samarinda
wisata kuliner,Pasar Triwindu,-7.5691924,110.8225741,"Pasar Triwindu, Jalan Diponegoro, Kemlayan, Surakarta, Kecamatan Serengan, Jawa Tengah, Jawa, 57131, Indonesia",Jawa Tengah,Surakarta,"Pasar Triwindu, Surakarta, Jawa Tengah",gambar_wisata/Pasar_Triwindu,pasar triwindu ngarsopuro bahasa jawa translit pasar triwindhu ngarsapura pasar barang barang antik tiruannya onderdil khusus klithikan kota surakarta
wisata kuliner,Pasar Wakatobi,-5.7265845,123.8993053,"Pasar Waha, Jalan Raya, Waha, Wakatobi, Sulawesi Tenggara, Sulawesi, Indonesia",Sulawesi Tenggara,Wakatobi,"Pasar Wakatobi, Wakatobi, Sulawesi Tenggara",gambar_wisata/Pasar_Wakatobi,tomia kecamatan kabupaten wakatobi sulawesi tenggara indonesia daerah otonom berpisah kabupaten buton wakatobi berbenah mempercantik pembangunan berbasis kemasyarakatan
wisata kuliner,Rujak Cingur Genteng Surabaya,-7.2554948,112.740236,"Rujak Cingur Ahmad Jais, No.40, Jalan Achmad Jais, RW 02, Peneleh, Genteng, Surabaya, Jawa Timur, Jawa, 60274, Indonesia",Jawa Timur,Surabaya,"Rujak Cingur Genteng Surabaya, Surabaya, Jawa Timur",gambar_wisata/Rujak_Cingur_Genteng_Surabaya,kota surabaya bahasa jawa hanacaraka pegon translit kuth sur pengucapan bahasa jawa sur pelafalan bahasa indonesia sura baja kota provinsi jawa timur pusat pemerintahan perekonomian kota terbesar provinsi
wisata kuliner,Sate Maranggi Cibungur,-6.4717694,107.4804409,"Sate Maranggi Cibungur, Jalan Raya Ciwangi, Cibungur, Purwakarta, Jawa Barat, Jawa, 41181, Indonesia",Jawa Barat,Purwakarta,"Sate Maranggi Cibungur, Purwakarta, Jawa Barat",gambar_wisata/Sate_Maranggi_Cibungur,kabupaten purwakarta bahasa sunda wilayah kabupaten terletak provinsi jawa barat indonesia kota kabupaten kecamatan purwakarta kota
wisata kuliner,Saung Angklung Udjo,-6.8982695,107.6552971,"Saung Angklung Udjo, Jalan Padasuka, Pasirlayung, Cibeunying Kidul, Kota Bandung, Jawa Barat, Jawa, 40282, Indonesia",Jawa Barat,Kota Bandung,"Saung Angklung Udjo, Kota Bandung, Jawa Barat",gambar_wisata/Saung_Angklung_Udjo,kota bandung bahasa sunda pegon hanzi translit bandung pelafalan bahasa indonesia ban kota kota provinsi provinsi jawa barat indonesia
wisata kuliner,Soto Lamongan Cak Har Surabaya,-7.295653,112.7812929,"Soto Ayam Lamongan Cak Har, No.220, Jalan Klampis Harapan X, RW 08, Klampis Ngasem, Sukolilo, Surabaya, Jawa Timur, Jawa, 60119, Indonesia",Jawa Timur,Surabaya,"Soto Lamongan Cak Har Surabaya, Surabaya, Jawa Timur",gambar_wisata/Soto_Lamongan_Cak_Har_Surabaya,sukolilo bahasa jawa translit suka lila suk lil kecamatan timur kota surabaya jawa timur
wisata kuliner,Sudirman Street Bandung,-6.9210257,107.6005987,"Jalan Sudirman, Karanganyar, Astanaanyar, Kota Bandung, Jawa Barat, Jawa, 40181, Indonesia",Jawa Barat,Kota Bandung,"Sudirman Street Bandung, Kota Bandung, Jawa Barat",gambar_wisata/Sudirman_Street_Bandung,cijerah salah kelurahan kecamatan bandung kulon kota bandung jawa barat indonesia terletak ujung barat kota bandung berbatasan kota cimahi
wisata lampion,Taman Pelangi Yogyakarta,-7.7502983,110.3694758,"Taman Pelangi Jogja - Taman Lampion, Jalan Ring Road Utara, Sinduadi, Mlati, Sleman, Daerah Istimewa Yogyakarta, Jawa, 55284, Indonesia",Daerah Istimewa Yogyakarta,Sleman,"Taman Pelangi Yogyakarta, Sleman, Daerah Istimewa Yogyakarta",gambar_wisata/Taman_Pelangi_Yogyakarta,indonesia nama resmi republik indonesia negara kepulauan asia tenggara dilintasi garis khatulistiwa daratan benua asia oseania dikenal negara lintas benua samudra pasifik samudra hindia indonesia negara terluas negara kepulauan terbesar dunia luas wilayah negara pulau dunia pulau
wisata religi,Candi Borobudur,-7.6079583,110.2038245,"Borobudur, jalur, Borobudur, Magelang, Jawa Tengah, Jawa, 56553, Indonesia",Jawa Tengah,Magelang,"Candi Borobudur, Magelang, Jawa Tengah",gambar_wisata/Candi_Borobudur,borobudur bahasa jawa translit barabudhur kecamatan kabupaten magelang jawa indonesia
wisata religi,Gereja HKBP Medan,3.5393577,98.6980359,"Gereja HKBP, Jalan Gereja, Harjosari, Medan Amplas, Kota Medan á¯á¯©á¯á¯á¯², Sumatera Utara, Sumatera, 20147, Indonesia",Sumatera Utara,Kota Medan ,"Gereja HKBP Medan, Kota Medan á¯á¯©á¯á¯á¯², Sumatera Utara",gambar_wisata/Gereja_HKBP_Medan,kota medan abjad jawi surat batak aksara han aksara tamil kota provinsi sumatera utara indonesia kota kota terbesar keempat indonesia dki jakarta surabaya bandung kota terbesar pulau jawa kota terbesar pulau sumatra
wisata religi,Gereja Katedral Bogor,-6.5968873,106.7931829,"Gereja Beatae Mariae Virginis (BMV) Katedral Bogor, 22, Jalan Kapten Muslihat, Bogor Tengah, Bogor, Jawa Barat, Jawa, 16122, Indonesia",Jawa Barat,Bogor,"Gereja Katedral Bogor, Bogor, Jawa Barat",gambar_wisata/Gereja_Katedral_Bogor,kota bogor bahasa sunda bahasa belanda buitenzorg kota terletak provinsi jawa barat indonesia kota bogor terletak arah selatan provinsi dki jakarta arah tenggara kota bandung enklave kabupaten bogor
wisata religi,Gereja Katedral Jakarta,-6.1692046,106.8332373,"Katedral Jakarta, Jalan Lapangan Banteng Utara, RW 08, Pasar Baru, Sawah Besar, Jakarta Pusat, Daerah Khusus ibukota Jakarta, Jawa, 10120, Indonesia",Jawa Timur,Daerah Khusus ibukota Jakarta,"Gereja Katedral Jakarta, Daerah Khusus ibukota Jakarta, nan",gambar_wisata/Gereja_Katedral_Jakarta,australia nama resmi persemakmuran australia bahasa inggris commonwealth australia negara belahan bumi selatan daratan utama benua australia pulau tasmania pulau samudra hindia samudra pasifik negara negara bertetangga australia indonesia timor leste papua nugini utara kepulauan solomon vanuatu kaledonia timur laut selandia tenggara
wisata religi,Gereja Santa Perawan Maria Surabaya,-7.2420553,112.7369704,"Gereja Santa Perawan Maria, Jalan Kepanjen, RW 08, Krembangan Selatan, Krembangan, Surabaya, Jawa Timur, Jawa, 60161, Indonesia",Jawa Timur,Surabaya,"Gereja Santa Perawan Maria Surabaya, Surabaya, Jawa Timur",gambar_wisata/Gereja_Santa_Perawan_Maria_Surabaya,gereja kelahiran santa perawan maria gereja paroki katolik salah gereja tertua terletak kota surabaya jawa timur indonesia berlokasi jalan kepanjen surabaya bangunan religius berdampingan gedung sma katolik frateran surabaya
wisata religi,Makam Sunan Ampel Surabaya,-7.2299754,112.7422732,"Makam Sunan Ampel, Jalan Ampel Masjid, Masjid Agung Ampel, Ampel, Semampir, Surabaya, Jawa Timur, Jawa, 60151, Indonesia",Jawa Timur,Surabaya,"Makam Sunan Ampel Surabaya, Surabaya, Jawa Timur",gambar_wisata/Makam_Sunan_Ampel_Surabaya,ali rahmatullah dikenal sunan ampel wali menyebarkan ajaran islam tanah jawa lahir daerah champa
wisata religi,Makam Sunan Bonang Tuban,-6.8945426,112.0633171,"Makam Sunan Bonang, Kutorejo Gang VIII, RT.03, RW.01, Kutorejo, Tuban, Jawa Timur, Jawa, 62313, Indonesia",Jawa Timur,Tuban,"Makam Sunan Bonang Tuban, Tuban, Jawa Timur",gambar_wisata/Makam_Sunan_Bonang_Tuban,kabupaten tuban bahasa jawa hanacaraka pegon pengucapan bahasa jawa uban wilayah kabupaten terletak provinsi jawa timur indonesia kotanya kecamatan tuban
wisata religi,Makam Sunan Giri Gresik,-7.1688945,112.6310331,"Makam Sunan Giri, Kebomas, Gresik, Jawa Timur, Jawa, Indonesia",Jawa Timur,Gresik,"Makam Sunan Giri Gresik, Gresik, Jawa Timur",gambar_wisata/Makam_Sunan_Giri_Gresik,sunan gresik maulana malik ibrahim rakyat menyebutnya kakek bantal pemimpin walisongo generasi menyebarkan agama islam tanah jawa
wisata religi,Makam Sunan Gunung Jati Cirebon,-6.6711938,108.5400589,"Makam Sunan Gunung Jati, Kalisapu, Kabupaten Cirebon, Jawa Barat, Jawa, Indonesia",Jawa Barat,Kabupaten Cirebon,"Makam Sunan Gunung Jati Cirebon, Kabupaten Cirebon, Jawa Barat",gambar_wisata/Makam_Sunan_Gunung_Jati_Cirebon,kabupaten cirebon kabupaten timur laut provinsi jawa barat indonesia kota kabupaten terletak kecamatan sumber
wisata religi,Masjid 99 Kubah Makassar,-5.1437762,119.4040219,"Masjid 99 Kubah Asmaul-Husna, Jalan Penghibur, Maloku, Ujung Pandang, Makassar, Sulawesi Selatan, Sulawesi, 90171, Indonesia",Sulawesi Selatan,Makassar,"Masjid 99 Kubah Makassar, Makassar, Sulawesi Selatan",gambar_wisata/Masjid_99_Kubah_Makassar,masjid kubah bahasa arab dikenal masjid asmaulhusna bahasa arab masjid bersejarah kota makassar provinsi sulawesi selatan indonesia masjid dibangun diresmikan
wisata religi,Masjid Agung Demak,-6.8947303,110.6374327,"Masjid Agung Demak, Jalan Sultan Fattah, Kauman, Demak, Jawa Tengah, Jawa, 59517, Indonesia",Jawa Tengah,Demak,"Masjid Agung Demak, Demak, Jawa Tengah",gambar_wisata/Masjid_Agung_Demak,masjid agung demak abjad pegon salah kompleks masjid tertua kabupaten demak provinsi jawa indonesia masjid diyakini dibangun wali sanga penyebar agama islam pulau jawa sosok menonjol sunan kalijaga penguasa kesultanan demak raden patah abad
wisata religi,Masjid Agung Gorontalo,0.5379076,123.0603093,"Masjid Agung Baiturrahim, Jalan Nani Wartabone, Gorontalo, Sulawesi, 96114, Indonesia",Gorontalo,Gorontalo,"Masjid Agung Gorontalo, Gorontalo, Gorontalo",gambar_wisata/Masjid_Agung_Gorontalo,kota gorontalo jawi melayu silita hulontalo kota hulontalo kota provinsi gorontalo indonesia kota kawasan teluk tomini semenanjung utara pulau sulawesi kota gorontalo kota terbesar terpadat penduduknya wilayah teluk tomini teluk gorontalo menjadikan kota gorontalo pusat ekonomi jasa perdagangan pendidikan pusat penyebaran agama islam kawasan indonesia timur
wisata religi,Masjid Agung Jawa Tengah Semarang,-6.9836458,110.4455923,"Masjid Agung Jawa Tengah, Jalan Jolotundo Gang V, RW 02, Sambirejo, Gayamsari, Kota Semarang, Jawa Tengah, Jawa, 50162, Indonesia",Jawa Tengah,Kota Semarang,"Masjid Agung Jawa Tengah Semarang, Kota Semarang, Jawa Tengah",gambar_wisata/Masjid_Agung_Jawa_Tengah_Semarang,kota semarang bahasa jawa hanacaraka pegon hanzi translit semarang kota provinsi jawa indonesia
wisata religi,Masjid Agung Surabaya,-7.229971,112.7428733,"Masjid Agung Sunan Ampel, 53, Jalan Ampel Masjid, Masjid Agung Ampel, Ampel, Semampir, Surabaya, Jawa Timur, Jawa, 60151, Indonesia",Jawa Timur,Surabaya,"Masjid Agung Surabaya, Surabaya, Jawa Timur",gambar_wisata/Masjid_Agung_Surabaya,kota surabaya bahasa jawa hanacaraka pegon translit kuth sur pengucapan bahasa jawa sur pelafalan bahasa indonesia sura baja kota provinsi jawa timur pusat pemerintahan perekonomian kota terbesar provinsi
wisata religi,Masjid Al-Akbar Surabaya,-7.2580747,112.6782978,"Masjid Al-Akbar, Jalan Balongsari Krajan I, RW 07, Balongsari, Tandes, Surabaya, Jawa Timur, Jawa, 60184, Indonesia",Jawa Timur,Surabaya,"Masjid Al-Akbar Surabaya, Surabaya, Jawa Timur",gambar_wisata/Masjid_Al-Akbar_Surabaya,masjid nasional akbar surabaya dikenal masjid akbar bahasa arab bahasa jawa masjid agung akbar surabaya bahasa arab masjid nasional kota surabaya provinsi jawa timur indonesia masjid terbesar indonesia masjid istiqlal jakarta kapasitas maksimum
wisata religi,Masjid Cheng Hoo Surabaya,-7.2519525,112.7467958,"Masjid Muhammad Cheng Hoo Surabaya, Jalan Gading, RW 11, Ketabang, Genteng, Surabaya, Jawa Timur, Jawa, 60161, Indonesia",Jawa Timur,Surabaya,"Masjid Cheng Hoo Surabaya, Surabaya, Jawa Timur",gambar_wisata/Masjid_Cheng_Hoo_Surabaya,masjid raya cheng surabaya masjid bernuansa muslim tionghoa berlokasi jalan gading ketabang kec genteng surabaya utara gedung balai kota surabaya
wisata religi,Masjid Istiqlal,-6.1702779,106.8310435,"Masjid Istiqlal, Jalan KH Hasyim Asyari, RW 08, Pasar Baru, Sawah Besar, Jakarta Pusat, Daerah Khusus ibukota Jakarta, Jawa, 10110, Indonesia",Jawa Timur,Daerah Khusus ibukota Jakarta,"Masjid Istiqlal, Daerah Khusus ibukota Jakarta, nan",gambar_wisata/Masjid_Istiqlal,pembangunan masjid indonesia didokumentasikan berdirinya kesultanan islam kesultanan samudera pasai islam agama terbesar indonesia penduduk indonesia mengidentifikasi muslim survei
wisata religi,Masjid Istiqlal Jakarta,-6.1702779,106.8310435,"Masjid Istiqlal, Jalan KH Hasyim Asyari, RW 08, Pasar Baru, Sawah Besar, Jakarta Pusat, Daerah Khusus ibukota Jakarta, Jawa, 10110, Indonesia",Jawa Timur,Daerah Khusus ibukota Jakarta,"Masjid Istiqlal Jakarta, Daerah Khusus ibukota Jakarta, nan",gambar_wisata/Masjid_Istiqlal_Jakarta,pembangunan masjid indonesia didokumentasikan berdirinya kesultanan islam kesultanan samudera pasai islam agama terbesar indonesia penduduk indonesia mengidentifikasi muslim survei
wisata religi,Masjid Raya Baiturrahman Aceh,5.553631,95.3171926,"Masjid Raya Baiturrahman, Jalan Mohammad Jam, Kampung Baru, Baiturrahman, Banda Aceh, Aceh, Sumatera, 23241, Indonesia",Aceh,Banda Aceh,"Masjid Raya Baiturrahman Aceh, Banda Aceh, Aceh",gambar_wisata/Masjid_Raya_Baiturrahman_Aceh,aceh provinsi pulau sumatra indonesia kota provinsi kota banda aceh
wisata religi,Masjid Raya Bandung,-6.9218735,107.6062926,"Masjid Raya Bandung, 1, Jalan Dalem Kaum, Balonggede, Regol, Kota Bandung, Jawa Barat, Jawa, 40251, Indonesia",Jawa Barat,Kota Bandung,"Masjid Raya Bandung, Kota Bandung, Jawa Barat",gambar_wisata/Masjid_Raya_Bandung,kota bandung bahasa sunda pegon hanzi translit bandung pelafalan bahasa indonesia ban kota kota provinsi provinsi jawa barat indonesia
wisata religi,Masjid Raya Makassar,-5.1305647,119.4197043,"Masjid Raya Makassar, Jalan Gunung Bulusaraung, Bontoala, Makassar, Sulawesi Selatan, Sulawesi, 90153, Indonesia",Sulawesi Selatan,Makassar,"Masjid Raya Makassar, Makassar, Sulawesi Selatan",gambar_wisata/Masjid_Raya_Makassar,kota makassar lontara makassar transliterasi kota mangkasara bernama ujung pandang nama benteng suku makassar kota provinsi sulawesi selatan indonesia kota dikenal resmi ujung pandang kota terbesar wilayah indonesia timur pusat kota terbesar ketujuh indonesia penduduk jakarta surabaya medan bandung semarang palembang
wisata religi,Pura Agung Blambangan,-8.4316781,114.3200224,"Pura Agung Blambangan, Jalan Ngurah Rai, Tembokrejo, Banyuwangi, Jawa Timur, Jawa, 68471, Indonesia",Jawa Timur,Banyuwangi,"Pura Agung Blambangan, Banyuwangi, Jawa Timur",gambar_wisata/Pura_Agung_Blambangan,banyuwangi dikenal banyuwangi kota kecamatan kota kabupaten kabupaten banyuwangi provinsi jawa timur indonesia posisinya kota kabupaten menjadikan banyaknya gedung gedung pemerintahan kabupaten cabang cabang perusahaan pusat keramaian berdiri wilayah kecamatan
wisata religi,Pura Batu Bolong,-8.5103707,116.0564929,"Pura Batu Bolong, Jalan Raya Meninting, Dusun Duduk, Dusun Batu Layar, Desa Batu Layar Barat, Lombok Barat, Nusa Tenggara Barat, Nusa Tenggara, 83355, Indonesia",Nusa Tenggara Barat,Lombok Barat,"Pura Batu Bolong, Lombok Barat, Nusa Tenggara Barat",gambar_wisata/Pura_Batu_Bolong,nusa tenggara barat disingkat ntb provinsi indonesia kepulauan nusa tenggara provinsi bali sebelah barat provinsi nusa tenggara timur sebelah timur pusat pemerintahan kota provinsi kota mataram
wisata religi,Pura Besakih,-8.3753612,115.4507063,"Pura Besakih, Trail Besakih - Gunung Agung, Kecamatan Rendang, Besakih, Kecamatan Rendang, Karangasem, Bali, Nusa Tenggara, Indonesia",Bali,Karangasem,"Pura Besakih, Karangasem, Bali",gambar_wisata/Pura_Besakih,pura agung besakih aksara bali pura terletak kabupaten karangasem bali besakih pura terbesar bali pura terpenting suci umat hindu bali
wisata religi,Pura Besakih Bali,-8.3753612,115.4507063,"Pura Besakih, Trail Besakih - Gunung Agung, Kecamatan Rendang, Besakih, Kecamatan Rendang, Karangasem, Bali, Nusa Tenggara, Indonesia",Bali,Karangasem,"Pura Besakih Bali, Karangasem, Bali",gambar_wisata/Pura_Besakih_Bali,bali provinsi indonesia terletak barat kepulauan nusa tenggara beribu kota kota denpasar pulau bali pulau terbesar provinsi bali memiliki julukan pulau dewata pulau seribu pura
wisata religi,Pura Goa Lawah Bali,-8.5515251,115.4689715,"Pura Goa Lawah, Jalan Wibisana, Pesinggahan, Klungkung, Bali, Nusa Tenggara, 80711, Indonesia",Bali,Klungkung,"Pura Goa Lawah Bali, Klungkung, Bali",gambar_wisata/Pura_Goa_Lawah_Bali,pura goa lawah pura terletak desa pasinggahan kecamatan dawan kabupaten klungkung bali berjarak kota bali denpasar pura goa lawah dikenal masyarakat gua utama pura didalamnya sekumpulan kelelawar
wisata religi,Pura Lingsar,-8.5758092,116.1801374,"Pura Lingsar, Jalan Gora 2, Peteluan Indah, Lombok Barat, Nusa Tenggara Barat, Nusa Tenggara, 83371, Indonesia",Nusa Tenggara Barat,Lombok Barat,"Pura Lingsar, Lombok Barat, Nusa Tenggara Barat",gambar_wisata/Pura_Lingsar,lingsar kecamatan kabupaten lombok barat nusa tenggara barat indonesia
wisata religi,Pura Luhur Uluwatu Bali,-8.8293694,115.0843428,"Pura Luhur Uluwatu, Jalan Labuan Sait- Pecatu, Uluwatu, Pecatu, Kuta Selatan, Badung, Bali, Nusa Tenggara, 80361, Indonesia",Bali,Badung,"Pura Luhur Uluwatu Bali, Badung, Bali",gambar_wisata/Pura_Luhur_Uluwatu_Bali,pura luhur uluwatu pura uluwatu pura wilayah desa adat pecatu kecamatan kuta selatan kabupaten badung pura terletak ujung barat daya pulau bali anjungan batu karang terjal menjorok laut pura sad kayangan dipercaya orang hindu penyangga mata angin
wisata religi,Pura Mangkunegaran,-7.566167,110.8230626,"Pura Mangkunegaran, Jalan R.M. Said, Ketelan, Surakarta, Jawa Tengah, Jawa, 57131, Indonesia",Jawa Tengah,Surakarta,"Pura Mangkunegaran, Surakarta, Jawa Tengah",gambar_wisata/Pura_Mangkunegaran,kota surakarta bahasa jawa hanacaraka pegon hanzi pengucapan bahasa jawa sur kart solo bahasa jawa translit sala pengucapan bahasa jawa salah kota provinsi jawa indonesia luas
wisata religi,Pura Taman Ayun,-8.5418493,115.1724926,"Pura Taman Ayun, 10, Gang Nuri VI, Gulingan, Badung, Bali, Nusa Tenggara, 80351, Indonesia",Bali,Badung,"Pura Taman Ayun, Badung, Bali",gambar_wisata/Pura_Taman_Ayun,pura taman ayun pura paibon pedarman raja mengwi memuja roh leluhur raja raja diwujudkan dibangunnya gedong paibon dibangun meru meru pemujaan persembahyangan dewa masyarakat kerajaan mengwi memohon kesejahteraan pura taman ayun berlokasi kecamatan mengwi badung bali indonesia
wisata religi,Pura Taman Ayun Bali,-8.5418493,115.1724926,"Pura Taman Ayun, 10, Gang Nuri VI, Gulingan, Badung, Bali, Nusa Tenggara, 80351, Indonesia",Bali,Badung,"Pura Taman Ayun Bali, Badung, Bali",gambar_wisata/Pura_Taman_Ayun_Bali,pura taman ayun pura paibon pedarman raja mengwi memuja roh leluhur raja raja diwujudkan dibangunnya gedong paibon dibangun meru meru pemujaan persembahyangan dewa masyarakat kerajaan mengwi memohon kesejahteraan pura taman ayun berlokasi kecamatan mengwi badung bali indonesia
wisata religi,Pura Tanah Lot,-8.6212249,115.0868804,"Tanah Lot, Jalan Enjung Pura, Beraban, Tabanan, Bali, Nusa Tenggara, 82121, Indonesia",Bali,Tabanan,"Pura Tanah Lot, Tabanan, Bali",gambar_wisata/Pura_Tanah_Lot,pura tanah lot aksara bali salah pura ibadah umat hindu disucikan bali indonesia nama tanah lot berasal tanah tanah pulau lot lod laut
wisata religi,Pura Tanah Lot Bali,-8.6212249,115.0868804,"Tanah Lot, Jalan Enjung Pura, Beraban, Tabanan, Bali, Nusa Tenggara, 82121, Indonesia",Bali,Tabanan,"Pura Tanah Lot Bali, Tabanan, Bali",gambar_wisata/Pura_Tanah_Lot_Bali,bali provinsi indonesia terletak barat kepulauan nusa tenggara beribu kota kota denpasar pulau bali pulau terbesar provinsi bali memiliki julukan pulau dewata pulau seribu pura
wisata religi,Pura Tirta Empul Bali,-8.4143644,115.3162086,"Pura Tirta Empul, Jalan Mawar, Manukaya, Gianyar, Bali, Nusa Tenggara, 80661, Indonesia",Bali,Gianyar,"Pura Tirta Empul Bali, Gianyar, Bali",gambar_wisata/Pura_Tirta_Empul_Bali,pura tirta empul aksara bali pura hindu pulau bali indonesia tepatnya desa manukaya kecamatan tampaksiring kabupaten gianyar terkenal air sucinya orang hindu bali mencari penyucian
wisata religi,Pura Ulun Danu Beratan,-8.2755069,115.16626,"Pura Ulun Danu Beratan, Jalan Perean Tengah, Luwus, Bedugul, Tabanan, Bali, Nusa Tenggara, 81162, Indonesia",Bali,Tabanan,"Pura Ulun Danu Beratan, Tabanan, Bali",gambar_wisata/Pura_Ulun_Danu_Beratan,pura ulun danu bratan ejaan baku pura ulun danu beratan bahasa bali translit pura ulun danu ratan bratan pura pura candi air bali candi utama air pura ulun danu batur
wisata religi,Pura Ulun Danu Beratan Bali,-8.2755069,115.16626,"Pura Ulun Danu Beratan, Jalan Perean Tengah, Luwus, Bedugul, Tabanan, Bali, Nusa Tenggara, 81162, Indonesia",Bali,Tabanan,"Pura Ulun Danu Beratan Bali, Tabanan, Bali",gambar_wisata/Pura_Ulun_Danu_Beratan_Bali,pura ulun danu bratan ejaan baku pura ulun danu beratan bahasa bali translit pura ulun danu ratan bratan pura pura candi air bali candi utama air pura ulun danu batur
wisata religi,Vihara Buddhagaya Watugong Semarang,-7.0864388,110.4095947,"Vihara Buddhagaya Watugong Semarang, Jalan Perintis Kemerdekaan, RW 09, Pudakpayung, Banyumanik, Kota Semarang, Jawa Tengah, Jawa, 50265, Indonesia",Jawa Tengah,Kota Semarang,"Vihara Buddhagaya Watugong Semarang, Kota Semarang, Jawa Tengah",gambar_wisata/Vihara_Buddhagaya_Watugong_Semarang,kota semarang bahasa jawa hanacaraka pegon hanzi translit semarang kota provinsi jawa indonesia
wisata religi,Vihara Dhanagun Bogor,-6.6031623,106.7992338,"Vihara Dhanagun, Jalan Surya Kencana, Bogor Tengah, Bogor, Jawa Barat, Jawa, 16122, Indonesia",Jawa Barat,Bogor,"Vihara Dhanagun Bogor, Bogor, Jawa Barat",gambar_wisata/Vihara_Dhanagun_Bogor,vihara mahacetya dhanagun wihara peribadatan etnis tionghoa aliran kepercayaan tao buddha konghucu vihara hok tek bio cagar budaya kota bogor
wisata religi,Vihara Dharma Bhakti Jakarta,-6.144868,106.7805565,"Vihara Dharma Bhakti, Jalan Kusuma, RW 09, Wijaya Kusuma, Grogol Petamburan, Jakarta Barat, Daerah Khusus ibukota Jakarta, Jawa, 11330, Indonesia",Jawa Timur,Daerah Khusus ibukota Jakarta,"Vihara Dharma Bhakti Jakarta, Daerah Khusus ibukota Jakarta, nan",gambar_wisata/Vihara_Dharma_Bhakti_Jakarta,aceh provinsi pulau sumatra indonesia kota provinsi kota banda aceh
wisata tematik,Batu Love Garden,-7.8638662,112.5428658,"Batu Love Garden, Pandanrejo, Kota Batu, Lowokwaru, Jawa Timur, Jawa, 65332, Indonesia",Jawa Timur,Kota Batu,"Batu Love Garden, Kota Batu, Jawa Timur",gambar_wisata/Batu_Love_Garden,artikel pulau batam lihat kota batam
wisata tematik,Dago Dreampark Bandung,-6.8476037,107.6254233,"Dago Dreampark, Jalan Dago Giri, Mekarwangi, Bandung Barat, Jawa Barat, Jawa, 40139, Indonesia",Jawa Barat,Bandung Barat,"Dago Dreampark Bandung, Bandung Barat, Jawa Barat",gambar_wisata/Dago_Dreampark_Bandung,koridor metro jabar trans salah koridor metro jabar trans melayani rute leuwipanjang dago rute perjalanan terminal dago halte unpad dipatiukur
wisata tematik,De Tjolomadoe Karanganyar,-7.5341451,110.7492451,"De Tjolomadoe, Jalan Adi Sucipto, Colomadu, Karanganyar, Jawa Tengah, Jawa, 57178, Indonesia",Jawa Tengah,Karanganyar,"De Tjolomadoe Karanganyar, Karanganyar, Jawa Tengah",gambar_wisata/De_Tjolomadoe_Karanganyar,tjolomadoe bekas pabrik gula terletak jalan adi sucipto malangjiwan colomadu karanganyar jawa indonesia
wisata tematik,Dusun Bambu,-6.7899841,107.5786457,"Dusun Bambu, #KM 11, Jalan Kolonel Masturi, RW 14 KEL. CIHANJUANG RAHAYU KEC. PAROMPONG KAB. BANDUNG BARAT, Villa Istana Bunga, Karyawangi, Bandung Barat, Jawa Barat, Jawa, 40551, Indonesia",Jawa Barat,Bandung Barat,"Dusun Bambu, Bandung Barat, Jawa Barat",gambar_wisata/Dusun_Bambu,kabupaten bandung barat bahasa sunda translit bandung kulon kabupaten provinsi jawa barat indonesia
wisata tematik,Eco Green Park Batu,-7.8876615,112.5267665,"Eco Green Park, Oro-oro Ombo, Kota Batu, Klojen, Jawa Timur, Jawa, 65316, Indonesia",Jawa Timur,Kota Batu,"Eco Green Park Batu, Kota Batu, Jawa Timur",gambar_wisata/Eco_Green_Park_Batu,jawa timur diakronimkan jatim wilayah provinsi terletak timur pulau jawa indonesia kotanya kota surabaya
wisata tematik,House of Sampoerna,-7.2309923,112.7341461,"House of Sampoerna, 6, Jalan Sampoerna, RW 01, Krembangan Utara, Pabean Cantian, Surabaya, Jawa Timur, Jawa, 60163, Indonesia",Jawa Timur,Surabaya,"House of Sampoerna, Surabaya, Jawa Timur",gambar_wisata/House_of_Sampoerna,hanjaya mandala sampoerna tbk terkenal nama singkatan sampoerna tbk pelafalan bahasa indonesia sampu perusahaan rokok berdomisili membasiskan surabaya salah pemimpin pasar terbesar industri rokok nasional kantor pusatnya surabaya jawa timur
wisata tematik,Kampung Warna Warni Jodipan,-7.9831221,112.6378633,"Kampung Warna Warni Jodipan, Jalan Insinyur Haji Juanda, RW 02 Kel. Jodipan Kec. Blimbing Kota Malang, Sukoharjo, Kota Malang, Jawa Timur, Jawa, 65118, Indonesia",Jawa Timur,Kota Malang,"Kampung Warna Warni Jodipan, Kota Malang, Jawa Timur",gambar_wisata/Kampung_Warna_Warni_Jodipan,kota malang bahasa jawa hanacaraka pegon pengucapan bahasa jawa mala kota terletak provinsi jawa timur indonesia kota kota terbesar jawa timur surabaya kota terbesar indonesia kota didirikan pemerintahan belanda april broeveldt wali kota
wisata tematik,Kota Tua Jakarta,-6.1311835,106.8107492,"Kota Tua Jakarta, Jalan Mangga Dua Raya, RW 04, Pinangsia, Taman Sari, Jakarta Barat, Daerah Khusus ibukota Jakarta, Jawa, 11110, Indonesia",Jawa Timur,Daerah Khusus ibukota Jakarta,"Kota Tua Jakarta, Daerah Khusus ibukota Jakarta, nan",gambar_wisata/Kota_Tua_Jakarta,monumen nasional disingkat monas tugu monas monumen peringatan meter kaki terletak lapangan medan merdeka jakarta pusat monas didirikan mengenang perlawanan perjuangan rakyat indonesia merebut kemerdekaan pemerintahan kolonial kerajaan belanda
wisata tematik,Sindu Kusuma Edupark Jogja,-7.7658888,110.3557753,"Sindu Kusuma Edupark, Jalan Jambon V, Kricak, Tegalrejo, Sinduadi, Mlati, Sleman, Daerah Istimewa Yogyakarta, Jawa, 55242, Indonesia",Daerah Istimewa Yogyakarta,Sleman,"Sindu Kusuma Edupark Jogja, Sleman, Daerah Istimewa Yogyakarta",gambar_wisata/Sindu_Kusuma_Edupark_Jogja,sindu kusuma edupark ske destinasi wisata terletak yogyakarta indonesia menggabungkan elemen hiburan edukasi diresmikan desember taman salah rekreasi populer keluarga anak anak
wisata tematik,Taman Lalu Lintas Bandung,-6.9124701,107.6138388,"Taman Lalu Lintas, Jalan Belitung, Merdeka, Sumur Bandung, Kota Bandung, Jawa Barat, Jawa, 40117, Indonesia",Jawa Barat,Kota Bandung,"Taman Lalu Lintas Bandung, Kota Bandung, Jawa Barat",gambar_wisata/Taman_Lalu_Lintas_Bandung,kota bandung bahasa sunda pegon hanzi translit bandung pelafalan bahasa indonesia ban kota kota provinsi provinsi jawa barat indonesia
wisata tematik,Taman Mini Indonesia Indah Jakarta,-6.3026341,106.8952962,"Taman Mini Indonesia Indah, Gang An Nur 2C, RW 10, Lubang Buaya, Cipayung, Jakarta Timur, Daerah Khusus ibukota Jakarta, Jawa, 13810, Indonesia",Jawa Timur,Jakarta Timur,"Taman Mini Indonesia Indah Jakarta, Jakarta Timur, nan",gambar_wisata/Taman_Mini_Indonesia_Indah_Jakarta,kabupaten batang bahasa jawa hanacaraka pegon translit batang wilayah kabupaten terletak provinsi jawa indonesia
wisata tematik,Taman Safari Prigen,-7.752837,112.667453,"Taman Safari Indonesia Prigen, Taman Safari, Jatiarjo, Pasuruan, Jawa Timur, Jawa, Indonesia",Jawa Timur,Pasuruan,"Taman Safari Prigen, Pasuruan, Jawa Timur",gambar_wisata/Taman_Safari_Prigen,the grand taman safari prigen jawa timur salah safari park terluas asia terletak lereng gunung arjuno kecamatan prigen kabupaten pasuruan jawa timur memiliki spesies hewan atraksi terbaik indonesia kolam renang sistem filter air canggih habitat rusak suasana rimbun
wisata tematik,Tebing Breksi Yogyakarta,-7.7814296,110.5049834,"Tebing Breksi, Alternatif Prambanan-Lemahbang, Sambirejo, Prambanan, Sleman, Daerah Istimewa Yogyakarta, Jawa, 55572, Indonesia",Daerah Istimewa Yogyakarta,Sleman,"Tebing Breksi Yogyakarta, Sleman, Daerah Istimewa Yogyakarta",gambar_wisata/Tebing_Breksi_Yogyakarta,daerah istimewa yogyakarta disingkat yogyakarta diy daerah istimewa setingkat provinsi indonesia peleburan negara kesultanan yogyakarta negara kadipaten paku alaman kota kota yogyakarta daerah istimewa yogyakarta terletak selatan pulau jawa berbatasan provinsi jawa samudra hindia
wisata alam,Tebing Breksi,-7.7814296,110.5049834,"Tebing Breksi, Alternatif Prambanan-Lemahbang, Sambirejo, Prambanan, Sleman, Daerah Istimewa Yogyakarta, Jawa, 55572, Indonesia",Daerah Istimewa Yogyakarta,Sleman,"Tebing Breksi, Sleman, Daerah Istimewa Yogyakarta",gambar_wisata/Tebing_Breksi,daerah istimewa yogyakarta disingkat yogyakarta diy daerah istimewa setingkat provinsi indonesia peleburan negara kesultanan yogyakarta negara kadipaten paku alaman kota kota yogyakarta daerah istimewa yogyakarta terletak selatan pulau jawa berbatasan provinsi jawa samudra hindia
wisata alam,Tebing Keraton,-6.8348584,107.6638952,"Tebing Keraton, Jalan Cibodas Maribaya, 14, Cibodas, Bandung Barat, Jawa Barat, Jawa, 40197, Indonesia",Jawa Barat,Bandung Barat,"Tebing Keraton, Bandung Barat, Jawa Barat",gambar_wisata/Tebing_Keraton,tebing keraton tebing karaton tebing kawasan taman hutan raya djuanda
wisata alam,Telaga Pengilon,-7.215219,109.9171948,"Telaga Pengilon, Siterus, Jojogan, Wonosobo, Jawa Tengah, Jawa, Indonesia",Jawa Tengah,Wonosobo,"Telaga Pengilon, Wonosobo, Jawa Tengah",gambar_wisata/Telaga_Pengilon,dieng desa kecamatan kejajar kabupaten wonosobo jawa indonesia desa dieng berjarak desa kejajar kecamatan wonosobo
wisata alam,Telaga Warna,-7.2136576,109.915434,"Telaga Warna, Siterus, Jojogan, Wonosobo, Jawa Tengah, Jawa, Indonesia",Jawa Tengah,Wonosobo,"Telaga Warna, Wonosobo, Jawa Tengah",gambar_wisata/Telaga_Warna,telaga warna salah objek wisata kawasan dataran dieng kabupaten wonosobo jawa telaga salah destinasi wisata andalan kabupaten wonosobo
wisata alam,Trans Studio Mall,-5.1588529,119.3940742,"Trans Studio Mall, Maccini Sombala, Tamalate, Makassar, Sulawesi Selatan, Sulawesi, 90134, Indonesia",Sulawesi Selatan,Makassar,"Trans Studio Mall, Makassar, Sulawesi Selatan",gambar_wisata/Trans_Studio_Mall,trans studio mall bandung pusat perbelanjaan taman hiburan hotel bandung jawa barat indonesia trans studio dibangun diatas lahan seluas hektar are menjadikan taman wahana wilayah indonesia barat jaringan trans studio diresmikannya trans studio mall makassar wilayah indonesia timur
wisata alam,Ubud Palace,-8.5069503,115.2627374,"Puri Ubud, Jalan Raya Ubud, Kutuh, Ubud, Kecamatan Ubud, Gianyar, Bali, Nusa Tenggara, 80571, Indonesia",Bali,Gianyar,"Ubud Palace, Gianyar, Bali",gambar_wisata/Ubud_Palace,altar filadelfia berdagang nama artotel group dikenal artotel group perusahaan perhotelan didirikan indonesia dicetuskan christine erastus radjimin perusahaan mengelola hotel tersebar wilayah indonesia
wisata alam,Way Kambas National Park,-4.9373689,105.7283403,"Taman Nasional Way Kambas, Lampung Timur, Lampung, Sumatera, Indonesia",Lampung,Lampung Timur,"Way Kambas National Park, Lampung Timur, Lampung",gambar_wisata/Way_Kambas_National_Park,taman nasional way kambas tnwk taman nasional perlindungan gajah terletak daerah lampung tepatnya kecamatan labuhan ratu lampung timur indonesia way kambas sekolah gajah pusat latihan gajah ditemui minas riau
wisata alam,Wisata Kuliner Bontang,0.141693,117.5184461,"Wisata Kuliner Bontang Kuala, Jalan Batu Sahasa 4, Bontang Kuala, Kalimantan Timur, Kalimantan, 75311, Indonesia",Kalimantan Timur,Kalimantan,"Wisata Kuliner Bontang, Kalimantan, Kalimantan Timur",gambar_wisata/Wisata_Kuliner_Bontang,citimall sampit pusat perbelanjaan terletak sampit kalimantan mall dimiliki nwp property nirvana wastu pratama dibuka borneo city sampit berubah nama
wisata alam,Wisata Kuliner Kalimantan Tengah,-3.3144585,114.590519,"Wisata Kuliner Tarakan, Jalan Tarakan, Antasan Besar, Banjarmasin Tengah, Banjarmasin, Kalimantan Selatan, Kalimantan, 70114, Indonesia",Kalimantan Selatan,Banjarmasin,"Wisata Kuliner Kalimantan Tengah, Banjarmasin, Kalimantan Selatan",gambar_wisata/Wisata_Kuliner_Kalimantan_Tengah,kalimantan selatan provinsi pulau kalimantan indonesia maret kota provinsi resmi dipindah kota banjarbaru menggantikan kota banjarmasin
wisata alam,Situ Bagendit,-6.9452606,107.6285058,"Jalan Situ Bagendit, Cijagra, Lengkong, Kota Bandung, Jawa Barat, Jawa, 40265, Indonesia",Jawa Barat,Kota Bandung,"Situ Bagendit, Kota Bandung, Jawa Barat",gambar_wisata/Situ_Bagendit,situ bagendit aksara sunda baku objek wisata alam danau terletak desa bagendit kecamatan banyuresmi kabupaten garut jawa barat indonesia letak objek wisata berbatasan administrasi sebelah utara berbatasan desa banyuresmi sebelah selatan berbatasan desa cipicung sebelah timur berbatasan desa binakarya sebelah barat berbatasan desa sukamukti
wisata alam,Situ Cileunca,-7.2020039,107.5471421,"Situ Cileunca, Kampung Cibuluh, Pulosari, Kabupaten Bandung, Jawa Barat, Jawa, Indonesia",Jawa Barat,Kabupaten Bandung,"Situ Cileunca, Kabupaten Bandung, Jawa Barat",gambar_wisata/Situ_Cileunca,situ cileunca aksara sunda baku waduk terletak warnasari pangalengan bandung jawa barat waduk dibentuk rawa sungai
wisata alam,Situ Cisanti,-7.2093913,107.6574773,"Situ Cisanti, Kertasari, Kabupaten Bandung, Jawa Barat, Jawa, Indonesia",Jawa Barat,Kabupaten Bandung,"Situ Cisanti, Kabupaten Bandung, Jawa Barat",gambar_wisata/Situ_Cisanti,situ cisanti aksara sunda baku danau diduga dibentuk zaman kerajaan tarumanegara menampung air mata air utama sungai citarum mata air pangsiraman cikoleberes cikawadukan cikahuripan cisadana cihaniwung cisanti
wisata alam,Situ Patenggang,-7.1652597,107.3697821,"Situ Patenggang, Bauan, Rancabali, Kabupaten Bandung, Jawa Barat, Jawa, Indonesia",Jawa Barat,Kabupaten Bandung,"Situ Patenggang, Kabupaten Bandung, Jawa Barat",gambar_wisata/Situ_Patenggang,situ patenggang situ patengan danau terletak kawasan objek wisata alam bandung selatan jawa barat indonesia tepatnya ciwidey terletak ketinggian meter permukaan laut danau memiliki pemandangan eksotik
wisata alam,Situ Rawa Gede,-6.2929281,106.9772878,"Situ Rawa Gede, Pesona Metropolitan, Bojong Menteng, Bekasi, Jawa Barat, Jawa, Indonesia",Jawa Barat,Bekasi,"Situ Rawa Gede, Bekasi, Jawa Barat",gambar_wisata/Situ_Rawa_Gede,kabupaten purwakarta bahasa sunda wilayah kabupaten terletak provinsi jawa barat indonesia kota kabupaten kecamatan purwakarta kota
mall,Sukawati Art Market,-8.5964488,115.282342,"Sukawati Art Market, Jalan Lettu Wayan Sutha, Sukawati, Gianyar, Bali, Nusa Tenggara, 80582, Indonesia",Bali,Gianyar,"Sukawati Art Market, Gianyar, Bali",gambar_wisata/Sukawati_Art_Market,ubud aksara bali desa adat kawasan destinasi pariwisata wilayah pulau bali indonesia ubud terkenal wisatawan mancanegara terletak sawah hutan berjurang jurang pemandangan alam indah
