kategori,nama_wisata,latitude,longitude,alamat,provinsi,kota_kabupaten,nama_lengkap,path_gambar,deskripsi_bersih
air terjun,Air Terjun Aling-Aling,-8.1767917,115.1062843,"Air Terjun Aling-Aling, Panji Anom, Buleleng, Bali, Nusa Tenggara, 81161, Indonesia",Bali,Buleleng,"Air Terjun Aling-Aling, Buleleng, Bali",gambar_wisata/Air_Terjun_Aling-Aling,Deskripsi tidak ditemukan
air terjun,Air Terjun Bantimurung,-5.0165199,119.6855203,"Air Terjun Bantimurung, Jalan Poros Bantimurung, Maros, Jenetaesa, Sulawesi Selatan, Sulawesi, Indonesia",Sulawesi Selatan,Sulawesi,"Air Terjun Bantimurung, Sulawesi, Sulawesi Selatan",gambar_wisata/Air_Terjun_Bantimurung,"Air Terjun Bantimurung adalah salah satu air terjun yang telah menjadi eksotisme objek wisata permandian dan air terjun andalan Sulawesi Selatan dari tahun 1980-an hingga saat ini. Lokasi air terjun ini berada tepat di Dusun Bantimurung, Desa Jenetaesa, Kecamatan Simbang, Kabupaten Maros, Provinsi Sulawesi Selatan, Indonesia."
air terjun,Air Terjun Benang Kelambu,-8.5327696,116.3370113,"Air Terjun Benang Kelambu, Pemotoh, Lombok Tengah, Nusa Tenggara Barat, Nusa Tenggara, Indonesia",Nusa Tenggara Barat,Lombok Tengah,"Air Terjun Benang Kelambu, Lombok Tengah, Nusa Tenggara Barat",gambar_wisata/Air_Terjun_Benang_Kelambu,Deskripsi tidak ditemukan
air terjun,Air Terjun Benang Stokel,-8.5330355,116.3413791,"Air Terjun Benang Stokel, Pemotoh, Lombok Tengah, Nusa Tenggara Barat, Nusa Tenggara, Indonesia",Nusa Tenggara Barat,Lombok Tengah,"Air Terjun Benang Stokel, Lombok Tengah, Nusa Tenggara Barat",gambar_wisata/Air_Terjun_Benang_Stokel,Deskripsi tidak ditemukan
air terjun,Air Terjun Bidadari,-2.9283607,107.8390425,"Air Terjun Bidadari, Nyuruk, Belitung Timur, Kepulauan Bangka Belitung, Sumatera, Indonesia",Kepulauan Bangka Belitung,Belitung Timur,"Air Terjun Bidadari, Belitung Timur, Kepulauan Bangka Belitung",gambar_wisata/Air_Terjun_Bidadari,Daftar ini tidak lengkap dan hanya dapat dijadikan acuan sementara.
air terjun,Air Terjun Coban Rondo,-7.8847333,112.4769702,"Coban Rondo, Kabupaten Malang, Jawa Timur, Jawa, 65912, Indonesia",Jawa Timur,Kabupaten Malang,"Air Terjun Coban Rondo, Kabupaten Malang, Jawa Timur",gambar_wisata/Air_Terjun_Coban_Rondo,"Air Terjun Coban Rondo merupakan air terjun yang terletak di Kecamatan Pujon, Kabupaten Malang, Jawa Timur. Air terjun ini mudah dijangkau oleh kendaraan umum."
air terjun,Air Terjun Coban Talun,-7.8020389,112.5170485,"Air Terjun Coban Talun, Kota Batu, Jawa Timur, Jawa, 65336, Indonesia",Jawa Timur,Kota Batu,"Air Terjun Coban Talun, Kota Batu, Jawa Timur",gambar_wisata/Air_Terjun_Coban_Talun,Deskripsi tidak ditemukan
air terjun,Air Terjun Curug Dengdeng,-7.641818,108.324676,"AIR TERJUN CURUG DENGDENG, Jalan Cikaret Babakan, RW 08, Mekarsari, Tasikmalaya, Jawa Barat, Jawa, Indonesia",Jawa Barat,Tasikmalaya,"Air Terjun Curug Dengdeng, Tasikmalaya, Jawa Barat",gambar_wisata/Air_Terjun_Curug_Dengdeng,Deskripsi tidak ditemukan
air terjun,Air Terjun Dolo,-7.8706373,111.8354398,"Air Terjun Dolo, Mojo, Kabupaten Kediri, Jawa Timur, Jawa, Indonesia",Jawa Timur,Kabupaten Kediri,"Air Terjun Dolo, Kabupaten Kediri, Jawa Timur",gambar_wisata/Air_Terjun_Dolo,"Air Terjun Dolo adalah salah satu tempat wisata air terjun yang terletak di Dusun Besuki, Desa Jugo, Kecamatan Mojo, Kabupaten Kediri, Jawa Timur. Air terjun ini berada di bagian timur lereng Gunung Wilis (2.850 meter), yang memiliki ketinggian 125 meter dan 1800 meter di atas permukaan laut (dpl)."
air terjun,Air Terjun Jumog,-7.6312129,111.1269212,"Air Terjun Jumog, Jalur Pendakian Gunung Lawu via Tambak, Berjo, Karanganyar, Jawa Tengah, Jawa, Indonesia",Jawa Tengah,Karanganyar,"Air Terjun Jumog, Karanganyar, Jawa Tengah",gambar_wisata/Air_Terjun_Jumog,Deskripsi tidak ditemukan
air terjun,Air Terjun Kanto Lampo,-8.5323414,115.3329825,"Kanto Lampo, Beng, Gianyar, Bali, Nusa Tenggara, 80512, Indonesia",Bali,Gianyar,"Air Terjun Kanto Lampo, Gianyar, Bali",gambar_wisata/Air_Terjun_Kanto_Lampo,Deskripsi tidak ditemukan
air terjun,Air Terjun Kedung Kayang,-7.5003922,110.3933888,"Air terjun kedung kayang, Jalan Raya Boyolali-Magelang, Wonodadi, Wonolelo, Sawangan, Magelang, Jawa Tengah, Jawa, 56481, Indonesia",Jawa Tengah,Magelang,"Air Terjun Kedung Kayang, Magelang, Jawa Tengah",gambar_wisata/Air_Terjun_Kedung_Kayang,"Kabupaten Magelang (bahasa Jawa:  Hanacaraka:  , Pegon:  , translit. Mag lang) adalah sebuah wilayah Kabupaten yang terletak di Provinsi Jawa Tengah, Indonesia."
air terjun,Air Terjun Mangku Sakti,-8.3180093,116.4686796,"Air Terjun Mangku Sakti, Sambik Eelen - Batu Santek, Sambikelen, Lombok Utara, Nusa Tenggara Barat, Nusa Tenggara, Indonesia",Nusa Tenggara Barat,Lombok Utara,"Air Terjun Mangku Sakti, Lombok Utara, Nusa Tenggara Barat",gambar_wisata/Air_Terjun_Mangku_Sakti,Deskripsi tidak ditemukan
air terjun,Air Terjun Matayangu,-9.6732857,119.5046953,"Air Terjun Matayangu, Sumba Tengah, Nusa Tenggara Timur, Nusa Tenggara, Indonesia",Nusa Tenggara Timur,Sumba Tengah,"Air Terjun Matayangu, Sumba Tengah, Nusa Tenggara Timur",gambar_wisata/Air_Terjun_Matayangu,Daftar ini tidak lengkap dan hanya dapat dijadikan acuan sementara.
air terjun,Air Terjun Moramo,-4.221149,122.7452422,"Moramo - air terjun, Konawe Selatan, Sulawesi Tenggara, Sulawesi, Indonesia",Sulawesi Tenggara,Konawe Selatan,"Air Terjun Moramo, Konawe Selatan, Sulawesi Tenggara",gambar_wisata/Air_Terjun_Moramo,"Air Terjun Moramo terletak di kawasan Hutan Suaka Alam Tanjung Peropa, Sulawesi Tenggara dan merupakan air terjun bertingkat (cascade) yang indah dengan ketinggian sekitar 100 meter. Dari ketinggian tersebut, air mengalir melewati tujuh tingkatan utama."
air terjun,Air Terjun Sambangan,-8.1443829,115.100412,"Air Terjun Tembok Barak, Sambangan, Buleleng, Bali, Nusa Tenggara, 81118, Indonesia",Bali,Buleleng,"Air Terjun Sambangan, Buleleng, Bali",gambar_wisata/Air_Terjun_Sambangan,"Kabupaten Buleleng (bahasa Bali:   Kabupat n Bul l ng) adalah salah satu kabupaten di provinsi Bali yang terletak di bagian utara, barat dan timur Pulau Bali. Ibu kotanya adalah kota Singaraja."
air terjun,Air Terjun Sendang Gile,-8.3055561,116.4082776,"Air terjun Sendang Gile, Dusun Pawang Karya, Senaru, Lombok Utara, Nusa Tenggara Barat, Nusa Tenggara, Indonesia",Nusa Tenggara Barat,Lombok Utara,"Air Terjun Sendang Gile, Lombok Utara, Nusa Tenggara Barat",gambar_wisata/Air_Terjun_Sendang_Gile,"Air terjun Sendang Gile adalah air terjun yang terletak di desa Senaru, kecamatan Bayan, kabupaten Lombok Utara, propinsi Nusa Tenggara Barat. Lebih tepatnya berada di kawasan desa Senaru, 2 kilometer dari desa Bayan."
air terjun,Air Terjun Sri Gethuk,-7.9432134,110.4895782,"Air Terjun Sri Gethuk, 052, Jatimulyo, Dlingo, Bantul, Daerah Istimewa Yogyakarta, Jawa, 55783, Indonesia",Daerah Istimewa Yogyakarta,Bantul,"Air Terjun Sri Gethuk, Bantul, Daerah Istimewa Yogyakarta",gambar_wisata/Air_Terjun_Sri_Gethuk,"Daerah Istimewa Yogyakarta, disingkat DI Yogyakarta atau DIY adalah daerah Istimewa setingkat provinsi di Indonesia yang merupakan peleburan dari Negara Kesultanan Yogyakarta dan Negara Kadipaten Paku Alaman dengan ibu kota di Kota Yogyakarta. Daerah Istimewa Yogyakarta terletak di bagian selatan Pulau Jawa, dan berbatasan dengan Provinsi Jawa Tengah dan Samudra Hindia."
air terjun,Air Terjun Tegenungan,-8.5752294,115.2907014,"Tegenungan Blangsinga, Sukawati, Gianyar, Bali, Nusa Tenggara, 80582, Indonesia",Bali,Gianyar,"Air Terjun Tegenungan, Gianyar, Bali",gambar_wisata/Air_Terjun_Tegenungan,"Air terjun Tegenungan adalah air terjun yang terletak di Desa Kemenuh, Kecamatan Sukawati, Kabupaten Gianyar, berjarak 30 km dari Kota Denpasar. Air terjun ini memiliki ketinggian 15 meter."
air terjun,Air Terjun Tukad Cepung,-8.4423213,115.3879035,"Air Terjun Tukad Cepung, Undisan, Bangli, Bali, Nusa Tenggara, 80613, Indonesia",Bali,Bangli,"Air Terjun Tukad Cepung, Bangli, Bali",gambar_wisata/Air_Terjun_Tukad_Cepung,Kabupaten Bangli (aksara Bali:   Kabupat n Ba li) adalah kabupaten yang terletak di bagian timur dan utara pulau Bali. Ibukotanya berada di Kecamatan Bangli.
air terjun,Air Terjun Tumpak Sewu,-8.2389311,112.9214262,"Kawasan Air Terjun Tumpak Sewu, Jagalan, Sidorenggo, Kabupaten Malang, Jawa Timur, Jawa, 67374, Indonesia",Jawa Timur,Kabupaten Malang,"Air Terjun Tumpak Sewu, Kabupaten Malang, Jawa Timur",gambar_wisata/Air_Terjun_Tumpak_Sewu,"Air Terjun Tumpak Sewu atau disebut juga Coban Sewu adalah sebuah air terjun berketinggian sekitar 120 meter. Air terjun ini  berbatasan dengan  Kabupaten Lumajang dan Kabupaten Malang, Provinsi Jawa Timur."
air terjun,Air Terjun Waimarang,-9.9687141,120.6028048,"Air Terjun Waimarang, Desa Tamburi, Kecamatan Rindi, Sumba Timur, Nusa Tenggara Timur, Nusa Tenggara, Indonesia",Nusa Tenggara Timur,Sumba Timur,"Air Terjun Waimarang, Sumba Timur, Nusa Tenggara Timur",gambar_wisata/Air_Terjun_Waimarang,Nusa Tenggara Timur (disingkat NTT) adalah sebuah provinsi di Indonesia yang meliputi bagian timur Kepulauan Nusa Tenggara. Ibu kota Nusa Tenggara Timur berada di Kota Kupang.
alun-alun,Alun-Alun Bandung,-6.9216776,107.607151,"Alun-Alun Bandung, Balonggede, Regol, Kota Bandung, Jawa Barat, Jawa, Indonesia",Jawa Barat,Kota Bandung,"Alun-Alun Bandung, Kota Bandung, Jawa Barat",gambar_wisata/Alun-Alun_Bandung,"Kota Bandung (bahasa Sunda:    , Pegon:  , Hanzi:  , translit. Bandung; pelafalan dalam bahasa Indonesia: [ban.du ] ) adalah sebuah kota sekaligus menjadi ibu kota provinsi di Provinsi Jawa Barat, Indonesia."
alun-alun,Alun-Alun Banyuwangi,-8.2073769,114.3759291,"Jalan Tawang Alun, Biskalan, Patemon Wetan, Banyuwangi, Temenggungan, Banyuwangi, Jawa Timur, Jawa, 68419, Indonesia",Jawa Timur,Banyuwangi,"Alun-Alun Banyuwangi, Banyuwangi, Jawa Timur",gambar_wisata/Alun-Alun_Banyuwangi,"Banyuwangi (atau juga dikenal: Banyuwangi Kota) adalah sebuah kecamatan sekaligus menjadi ibu kota kabupaten di Kabupaten Banyuwangi, Provinsi Jawa Timur, Indonesia. Posisinya sebagai ibu kota kabupaten telah menjadikan banyaknya gedung-gedung pemerintahan kabupaten, cabang-cabang perusahaan, dan pusat keramaian yang berdiri di wilayah kecamatan ini."
alun-alun,Alun-Alun Blitar,-8.0981708,112.1651758,"Alun-Alun Blitar, Kepanjenkidul, Blitar, Jawa Timur, Jawa, Indonesia",Jawa Timur,Blitar,"Alun-Alun Blitar, Blitar, Jawa Timur",gambar_wisata/Alun-Alun_Blitar,"Kota Blitar (bahasa Jawa: Hanacaraka:  , Pegon:  ; pengucapan bahasa Jawa: [ bl t ar]) merupakan sebuah kota yang terletak di bagian Selatan provinsi Jawa Timur, Indonesia. Kota ini terletak sekitar 167 km sebelah barat daya Surabaya dan 80 km sebelah barat Malang."
alun-alun,Alun-Alun Bojonegoro,-7.1490935,111.8802509,"Alun-Alun Bojonegoro, Pakuwon, Bojonegoro, Jawa Timur, Jawa, Indonesia",Jawa Timur,Bojonegoro,"Alun-Alun Bojonegoro, Bojonegoro, Jawa Timur",gambar_wisata/Alun-Alun_Bojonegoro,"Kabupaten Bojonegoro (bahasa Jawa: Hanacaraka:  , Pegon:  , translit. Boj nag r ; pengucapan bahasa Jawa: [bod na r ]) adalah sebuah wilayah kabupaten yang berada di Provinsi Jawa Timur, Indonesia."
alun-alun,Alun-Alun Bondowoso,-7.9131978,113.8224604,"Alun-alun Bondowoso, Pegadaian, Bondowoso, Jawa Timur, Jawa, Indonesia",Jawa Timur,Bondowoso,"Alun-Alun Bondowoso, Bondowoso, Jawa Timur",gambar_wisata/Alun-Alun_Bondowoso,"Kabupaten Bondowoso (Hanacaraka:  , Pegon:  ; pelafalan dalam bahasa Indonesia: [b nd w s ]) adalah sebuah wilayah kabupaten di Provinsi Jawa Timur, Indonesia. Ibu kotanya adalah Kecamatan Bondowoso."
alun-alun,Alun-Alun Brebes,-6.8706354,109.0368815,"Alun-Alun Brebes, Pesanggrahan, Brebes, Jawa Tengah, Jawa, Indonesia",Jawa Tengah,Brebes,"Alun-Alun Brebes, Brebes, Jawa Tengah",gambar_wisata/Alun-Alun_Brebes,"Kabupaten Brebes (bahasa Jawa:  Hanacaraka:  , bahasa Sunda:  , Pegon:  ) adalah sebuah wilayah kabupaten yang berada di Provinsi Jawa Tengah, Indonesia. Ibu kotanya adalah Kecamatan Brebes."
alun-alun,Alun-Alun Cilacap,-7.7273698,109.0095032,"Alun-Alun Cilacap, RW 01 Kelurahan Sidanegara, Cilacap, Kelurahan Sidanegara Kecamatan Cilacap, Cilacap, Jawa Tengah, Jawa, Indonesia",Jawa Tengah,Cilacap,"Alun-Alun Cilacap, Cilacap, Jawa Tengah",gambar_wisata/Alun-Alun_Cilacap,"Kota Cilacap adalah ibu kota Kabupaten Cilacap yang sekaligus menjadi pusat pemerintahan dan perekonomian dari Kabupaten Cilacap, Provinsi Jawa Tengah, Indonesia. Jumlah penduduknya 2.007.829 jiwa pada tahun 2024 dengan luas 88,76 km  yang terdiri atas 3 kecamatan."
alun-alun,Alun-Alun Cirebon,-6.7219026,108.567909,"Alun Alun Keraton Kanoman, Lemahwungkuk, Kota Cirebon, Jawa Barat, Jawa, Indonesia",Jawa Barat,Kota Cirebon,"Alun-Alun Cirebon, Kota Cirebon, Jawa Barat",gambar_wisata/Alun-Alun_Cirebon,"Kota Cirebon adalah salah satu kota yang berada di provinsi Jawa Barat, Indonesia. Kota ini berada di pesisir utara Pulau Jawa yang menghubungkan Jakarta dengan Surabaya antara lintas tengah dan utara Jawa."
alun-alun,Alun-Alun Demak,-6.894814,110.638526,"Alun - Alun Demak, Kauman, Demak, Jawa Tengah, Jawa, Indonesia",Jawa Tengah,Demak,"Alun-Alun Demak, Demak, Jawa Tengah",gambar_wisata/Alun-Alun_Demak,Keraton Ngayogyakarta Hadiningrat atau Keraton Yogyakarta merupakan istana resmi Kesultanan Ngayogyakarta Hadiningrat yang kini berlokasi di Kota Yogyakarta. Keraton ini didirikan oleh Sri Sultan Hamengkubuwana I pada tahun 1755 sebagai Istana/Keraton Yogyakarta yang baru berdiri akibat perpecahan Mataram Islam dengan adanya Perjanjian Giyanti.
alun-alun,Alun-Alun Gresik,-7.1571326,112.6560463,"alun-alun Gresik, Gresik, Jawa Timur, Jawa, Indonesia",Jawa Timur,Gresik,"Alun-Alun Gresik, Gresik, Jawa Timur",gambar_wisata/Alun-Alun_Gresik,"Sidayu adalah sebuah Kecamatan di Kabupaten Gresik, Provinsi Jawa Timur, Indonesia. Pada era Majapahit daerah ini disebut dengan Ujung Galuh."
alun-alun,Alun-Alun Jember,-8.1689005,113.7021649,"Alun alun Jember, Sumber Lor, Jember, Jawa Timur, Jawa, Indonesia",Jawa Timur,Jember,"Alun-Alun Jember, Jember, Jawa Timur",gambar_wisata/Alun-Alun_Jember,"Kabupaten Jember (bahasa Jawa:  Hanacaraka:  , Pegon:  , translit. J mb r; pengucapan bahasa Jawa: [ d mb r]) adalah sebuah kabupaten di provinsi Jawa Timur, Indonesia."
alun-alun,Alun-Alun Jepara,-6.5897781,110.6673616,"Alun-alun Jepara, Jalan Diponegoro, Kauman, Jepara, Jawa Tengah, Jawa, 59417, Indonesia",Jawa Tengah,Jepara,"Alun-Alun Jepara, Jepara, Jawa Tengah",gambar_wisata/Alun-Alun_Jepara,"Jepara (bahasa Jawa:  , Pegon:  , Hanzi:  ) (atau disebut juga Jepara Kota) adalah ibu kota Kabupaten Jepara yang sekaligus menjadi pusat pemerintahan dan perekonomian dari Kabupaten Jepara. Jepara juga merupakan sebuah wilayah kecamatan yang terletak di Kabupaten Jepara, Provinsi Jawa Tengah, Indonesia."
alun-alun,Alun-Alun Karanganyar,-7.6306506,109.5736782,"Alun-alun Karanganyar, Karanganyar, Kebumen, Jawa Tengah, Jawa, Indonesia",Jawa Tengah,Kebumen,"Alun-Alun Karanganyar, Kebumen, Jawa Tengah",gambar_wisata/Alun-Alun_Karanganyar,"Kabupaten Kebumen (bahasa Jawa:  Hanacaraka:  , Pegon:  , translit. Kebumen) adalah sebuah wilayah kabupaten yang terletak di Provinsi Jawa Tengah, Indonesia."
alun-alun,Alun-Alun Kediri,-7.8265629,112.0110595,"Alun-Alun Kediri, Kampung Dalem, Kota, Kota Kediri, Jawa Timur, Jawa, Indonesia",Jawa Timur,Kota Kediri,"Alun-Alun Kediri, Kota Kediri, Jawa Timur",gambar_wisata/Alun-Alun_Kediri,"Kota Kediri (bahasa Jawa: Hanacaraka:  , Pegon:  , translit. Kadhiri; pengucapan bahasa Jawa: [ka iri]) adalah sebuah kota yang berada di Provinsi Jawa Timur, Indonesia."
alun-alun,Alun-Alun Kendal,-6.9213273,110.2040396,"Alun-Alun Kendal, Kendal, Jawa Tengah, Jawa, Indonesia",Jawa Tengah,Kendal,"Alun-Alun Kendal, Kendal, Jawa Tengah",gambar_wisata/Alun-Alun_Kendal,"Kabupaten Kendal (bahasa Jawa: Hanacaraka:  , Pegon:  , translit. Kendhal) adalah sebuah wilayah kabupaten yang terletak di Provinsi Jawa Tengah, Indonesia."
alun-alun,Alun-Alun Kendari,-4.0286681,122.5205774,"Tawang Alun Futsal Arena, Jalan Terong, Bonggoeya, Kendari, Sulawesi Tenggara, Sulawesi, 93112, Indonesia",Sulawesi Tenggara,Kendari,"Alun-Alun Kendari, Kendari, Sulawesi Tenggara",gambar_wisata/Alun-Alun_Kendari,"Mall Olympic Garden, atau disingkat menjadi MOG, adalah salah satu mal besar yang ada di Kota Malangyang dibuka pada tahun 2008. Mal ini terletak di belakang Stadion Gajayana dan hanya berjarak 2,5 kilometer dari Alun-Alun Tugu."
alun-alun,Alun-Alun Kidul Yogyakarta,-7.811844,110.3632217,"Alun Alun Kidul, Patehan, Kraton, Kota Yogyakarta, Daerah Istimewa Yogyakarta, Jawa, 55133, Indonesia",Daerah Istimewa Yogyakarta,Kota Yogyakarta,"Alun-Alun Kidul Yogyakarta, Kota Yogyakarta, Daerah Istimewa Yogyakarta",gambar_wisata/Alun-Alun_Kidul_Yogyakarta,Keraton Ngayogyakarta Hadiningrat atau Keraton Yogyakarta merupakan istana resmi Kesultanan Ngayogyakarta Hadiningrat yang kini berlokasi di Kota Yogyakarta. Keraton ini didirikan oleh Sri Sultan Hamengkubuwana I pada tahun 1755 sebagai Istana/Keraton Yogyakarta yang baru berdiri akibat perpecahan Mataram Islam dengan adanya Perjanjian Giyanti.
alun-alun,Alun-Alun Klaten,-7.704963,110.6018083,"Alun-alun Klaten, Klaten, Klaten City, Klaten, Jawa Tengah, Jawa, Indonesia",Jawa Tengah,Klaten City,"Alun-Alun Klaten, Klaten City, Jawa Tengah",gambar_wisata/Alun-Alun_Klaten,"Kota Surakarta (bahasa Jawa: Hanacaraka:  , Pegon:  , Hanzi:  , pengucapan bahasa Jawa: [sur kart ]) atau Solo (bahasa Jawa:  , translit. Sala, pengucapan bahasa Jawa: [s l ]) adalah salah satu kota di provinsi Jawa Tengah, Indonesia, dengan luas 44,04 km2."
alun-alun,Alun-Alun Kota Batu,-7.8711747,112.5251687,"Parkir Alun-Alun Kota Batu, Jalan RA. Kartini, Pesanggrahan, Kota Batu, Klojen, Jawa Timur, Jawa, 65341, Indonesia",Jawa Timur,Kota Batu,"Alun-Alun Kota Batu, Kota Batu, Jawa Timur",gambar_wisata/Alun-Alun_Kota_Batu,"Kota Batu (bahasa Jawa:  Hanacaraka:  , Pegon:  ; pengucapan bahasa Jawa: [ bat u]) adalah sebuah kota wisata di Provinsi Jawa Timur, Indonesia. Kota ini terletak 90 km sebelah barat daya Surabaya atau 15 km sebelah barat laut Malang."
alun-alun,Alun-Alun Kota Magelang,-7.4771886,110.2182633,"Alun-Alun Kota Magelang, Mateseh, Kauman, Kota Magelang, Jawa Tengah, Jawa, 56122, Indonesia",Jawa Tengah,Kota Magelang,"Alun-Alun Kota Magelang, Kota Magelang, Jawa Tengah",gambar_wisata/Alun-Alun_Kota_Magelang,"Kota Magelang (bahasa Jawa:  Hanacaraka :  , Pegon:  , translit. Mag lang) adalah salah satu kota yang terletak di provinsi Jawa Tengah, Indonesia."
alun-alun,Alun-Alun Kota Malang,-7.9826135,112.6308234,"Alun-Alun Malang, Kiduldalem, Kota Malang, Jawa Timur, Jawa, Indonesia",Jawa Timur,Kota Malang,"Alun-Alun Kota Malang, Kota Malang, Jawa Timur",gambar_wisata/Alun-Alun_Kota_Malang,"Kota Malang (bahasa Jawa: Hanacaraka:  , Pegon:  ; pengucapan bahasa Jawa: [ mala ]) adalah sebuah kota yang terletak di Provinsi Jawa Timur, Indonesia, Kota ini merupakan kota terbesar kedua di Jawa Timur setelah Surabaya, dan kota terbesar ke-12 di Indonesia. Kota ini didirikan pada masa Pemerintahan Belanda pada 1 April 1914 dengan E.K Broeveldt sebagai wali kota pertama."
alun-alun,Alun-Alun Kota Semarang,-7.1350341,110.4090482,"Alun-alun mini, Putatan, Kota Semarang, Kabupaten Semarang, Jawa Tengah, Jawa, Indonesia",Jawa Tengah,Kota Semarang,"Alun-Alun Kota Semarang, Kota Semarang, Jawa Tengah",gambar_wisata/Alun-Alun_Kota_Semarang,"Kota Batu (bahasa Jawa:  Hanacaraka:  , Pegon:  ; pengucapan bahasa Jawa: [ bat u]) adalah sebuah kota wisata di Provinsi Jawa Timur, Indonesia. Kota ini terletak 90 km sebelah barat daya Surabaya atau 15 km sebelah barat laut Malang."
alun-alun,Alun-Alun Kota Solo,-7.5747341,110.8287812,"Alun-alun utara, Kauman, Surakarta, Kecamatan Pasar Kliwon, Jawa Tengah, Jawa, Indonesia",Jawa Tengah,Surakarta,"Alun-Alun Kota Solo, Surakarta, Jawa Tengah",gambar_wisata/Alun-Alun_Kota_Solo,"Kota Surakarta (bahasa Jawa: Hanacaraka:  , Pegon:  , Hanzi:  , pengucapan bahasa Jawa: [sur kart ]) atau Solo (bahasa Jawa:  , translit. Sala, pengucapan bahasa Jawa: [s l ]) adalah salah satu kota di provinsi Jawa Tengah, Indonesia, dengan luas 44,04 km2."
alun-alun,Alun-Alun Kota Tangerang,-6.2744895,106.6928034,"Alun-Alun Pondok Aren, Parigi Baru, Pondok Aren, Tangerang Selatan, Banten, Jawa, Indonesia",Banten,Tangerang Selatan,"Alun-Alun Kota Tangerang, Tangerang Selatan, Banten",gambar_wisata/Alun-Alun_Kota_Tangerang,"Kota Tangerang adalah kota yang terletak di Provinsi Banten, Indonesia. Kota ini terletak sekitar 20,7 km di sebelah barat dari DKI Jakarta."
alun-alun,Alun-Alun Kudus,-6.8077663,110.8417328,"Alun Alun Simpang 7 Kudus, Demaan, Kudus, Jawa Tengah, Jawa, Indonesia",Jawa Tengah,Kudus,"Alun-Alun Kudus, Kudus, Jawa Tengah",gambar_wisata/Alun-Alun_Kudus,"Kecamatan Kudus (bahasa Jawa:    Pegon:  ) (ditulis juga sebagai Kota Kudus) adalah sebuah kecamatan dan ibu kota yang menjadi pusat pemerintahan dan perekonomian dari Kabupaten Kudus di provinsi Jawa Tengah, Indonesia."
alun-alun,Alun-Alun Lamongan,-7.120213,112.4157189,"Alun-Alun Lamongan, Lamongan, Jawa Timur, Jawa, Indonesia",Jawa Timur,Lamongan,"Alun-Alun Lamongan, Lamongan, Jawa Timur",gambar_wisata/Alun-Alun_Lamongan,"Kecamatan Lamongan (Aksara Jawa:  ) merupakan sebuah kecamatan sekaligus ibu kota dari Kabupaten Lamongan, Provinsi Jawa Timur, Indonesia. Kecamatan Lamongan adalah salah satu kecamatan dari 27 kecamatan yang berada di Kabupaten Lamongan dengan jarak orbitasi 0,5 Km dari Ibu Kota Lamongan atau +20km arah kecamatan Gresik (kota terdekat)"
alun-alun,Alun-Alun Lumajang,-8.1352201,113.2244432,"Alun-Alun Lumajang, Ditotrunan, Lumajang, Jawa Timur, Jawa, Indonesia",Jawa Timur,Lumajang,"Alun-Alun Lumajang, Lumajang, Jawa Timur",gambar_wisata/Alun-Alun_Lumajang,"Kabupaten Lumajang (Hanacaraka:  , Pegon:  ; pelafalan dalam bahasa Indonesia: [lu mad a ]) adalah sebuah kabupaten di Provinsi Jawa Timur, Indonesia. Ibu kotanya adalah Kecamatan Lumajang Kota."
alun-alun,Alun-Alun Madiun,-7.6291792,111.5168307,"Alun-alun Madiun, Pangongangan, Kota Madiun, Jawa Timur, Jawa, Indonesia",Jawa Timur,Kota Madiun,"Alun-Alun Madiun, Kota Madiun, Jawa Timur",gambar_wisata/Alun-Alun_Madiun,"Kota Madiun (bahasa Jawa: Hanacaraka:  , Pegon:  , translit. Madhiyun; pengucapan bahasa Jawa: [ma ij n]) adalah sebuah kota di provinsi Jawa Timur, Indonesia."
alun-alun,Alun-Alun Magelang,-7.4771886,110.2182633,"Alun-Alun Kota Magelang, Mateseh, Kauman, Kota Magelang, Jawa Tengah, Jawa, 56122, Indonesia",Jawa Tengah,Kota Magelang,"Alun-Alun Magelang, Kota Magelang, Jawa Tengah",gambar_wisata/Alun-Alun_Magelang,"Kota Magelang (bahasa Jawa:  Hanacaraka :  , Pegon:  , translit. Mag lang) adalah salah satu kota yang terletak di provinsi Jawa Tengah, Indonesia."
alun-alun,Alun-Alun Malang,-7.9826135,112.6308234,"Alun-Alun Malang, Kiduldalem, Kota Malang, Jawa Timur, Jawa, Indonesia",Jawa Timur,Kota Malang,"Alun-Alun Malang, Kota Malang, Jawa Timur",gambar_wisata/Alun-Alun_Malang,"Kota Malang (bahasa Jawa: Hanacaraka:  , Pegon:  ; pengucapan bahasa Jawa: [ mala ]) adalah sebuah kota yang terletak di Provinsi Jawa Timur, Indonesia, Kota ini merupakan kota terbesar kedua di Jawa Timur setelah Surabaya, dan kota terbesar ke-12 di Indonesia. Kota ini didirikan pada masa Pemerintahan Belanda pada 1 April 1914 dengan E.K Broeveldt sebagai wali kota pertama."
alun-alun,Alun-Alun Mojokerto,-7.4632394,112.4319642,"Alun-Alun Mojokerto, Magersari, Kota Mojokerto, Jawa Timur, Jawa, Indonesia",Jawa Timur,Kota Mojokerto,"Alun-Alun Mojokerto, Kota Mojokerto, Jawa Timur",gambar_wisata/Alun-Alun_Mojokerto,"Kota Mojokerto (bahasa Jawa: Hanacaraka:  , Pegon:  , translit. M j k rt ; pengucapan bahasa Jawa: [m d k rt ]) adalah sebuah kota di Provinsi Jawa Timur, Indonesia."
alun-alun,Alun-Alun Ngawi,-7.4036079,111.4445975,"Alun-Alun Ngawi, Cabean, Sidorejo, Ngawi, Jawa Timur, Jawa, Indonesia",Jawa Timur,Ngawi,"Alun-Alun Ngawi, Ngawi, Jawa Timur",gambar_wisata/Alun-Alun_Ngawi,"Kecamatan Ngawi (atau juga dikenal: Kota Ngawi; bahasa Jawa:   , Pegon:     , translit. Kacamatan Ngaw ."
alun-alun,Alun-Alun Pacitan,-8.1946928,111.1031621,"Alun-Alun Pacitan, Pacitan, Jawa Timur, Jawa, Indonesia",Jawa Timur,Pacitan,"Alun-Alun Pacitan, Pacitan, Jawa Timur",gambar_wisata/Alun-Alun_Pacitan,"Kecamatan Pacitan (bahasa Jawa:   Pegon:  ) adalah ibu kota Kabupaten Pacitan yang sekaligus menjadi pusat pemerintahan dan perekonomian dari Kabupaten Pacitan. Kecamatan Pacitan Kota bersama dengan Kecamatan Ngadirojo, juga merupakan pusat perekonomian kabupaten Pacitan secara keseluruhan."
alun-alun,Alun-Alun Pandeglang,-6.3098034,106.1067856,"Alun Alun Pandeglang, Pandeglang, Banten, Jawa, Indonesia",Banten,Pandeglang,"Alun-Alun Pandeglang, Pandeglang, Banten",gambar_wisata/Alun-Alun_Pandeglang,"Kabupaten Pandeglang (bahasa Sunda:  , translit. Pand glang), adalah sebuah kabupaten yang terletak di Provinsi Banten, Indonesia."
alun-alun,Alun-Alun Pasuruan,-7.6418879,112.9066793,"Alun-Alun Kota Pasuruan, Bangilan, Kota Pasuruan, Jawa Timur, Jawa, Indonesia",Jawa Timur,Kota Pasuruan,"Alun-Alun Pasuruan, Kota Pasuruan, Jawa Timur",gambar_wisata/Alun-Alun_Pasuruan,"Kota Pasuruan (bahasa Jawa:  Hanacaraka:  , Pegon:  , translit. Pasuruhan; pengucapan bahasa Jawa: [pa sur h an]) adalah sebuah kota yang berada di provinsi Jawa Timur, Indonesia."
alun-alun,Alun-Alun Pemalang,-6.8902902,109.3806267,"Alun-Alun Pemalang, Pemalang, Jawa Tengah, Jawa, Indonesia",Jawa Tengah,Pemalang,"Alun-Alun Pemalang, Pemalang, Jawa Tengah",gambar_wisata/Alun-Alun_Pemalang,"Kabupaten Pemalang (bahasa Jawa:   Hanacaraka:  , Pegon:  , translit. P m l ng) adalah sebuah wilayah kabupaten yang terletak di provinsi Jawa Tengah, Indonesia."
alun-alun,Alun-Alun Ponorogo,-7.8710476,111.462263,"Alun-Alun Ponorogo, Ponorogo, Jawa Timur, Jawa, Indonesia",Jawa Timur,Ponorogo,"Alun-Alun Ponorogo, Ponorogo, Jawa Timur",gambar_wisata/Alun-Alun_Ponorogo,"Kabupaten Ponorogo  (bahasa Jawa: Hanacaraka:  , Pegon:  , translit. P n r g ; pengucapan bahasa Jawa: [p n r g ]) adalah sebuah wilayah kabupaten yang terletak di provinsi  Jawa Timur, Indonesia."
alun-alun,Alun-Alun Probolinggo,-7.7441363,113.2158448,"Alun-Alun Probolinggo, Mayangan, Kota Probolinggo, Jawa Timur, Jawa, Indonesia",Jawa Timur,Kota Probolinggo,"Alun-Alun Probolinggo, Kota Probolinggo, Jawa Timur",gambar_wisata/Alun-Alun_Probolinggo,"Kota Probolinggo (disingkat Proling, Hanacaraka:  , Pegon:  , Hanzi:  , pelafalan dalam bahasa Indonesia: [pr b li g ]) adalah sebuah kota di Provinsi Jawa Timur, Indonesia. Terletak sekitar 100 km sebelah tenggara Surabaya, Kota Probolinggo berbatasan dengan Selat Madura di sebelah utara, serta Kabupaten Probolinggo di sebelah timur, selatan, dan barat."
alun-alun,Alun-Alun Purbalingga,-7.3895946,109.3632534,"Alun-alun Purbalingga, Purbalingga Food Center, Purbalingga, Jawa Tengah, Jawa, Indonesia",Jawa Tengah,Purbalingga,"Alun-Alun Purbalingga, Purbalingga, Jawa Tengah",gambar_wisata/Alun-Alun_Purbalingga,"Kabupaten Purbalingga (bahasa Jawa:  Hanacaraka:  , Pegon:  , translit. Purbalingga) adalah sebuah wilayah kabupaten yang terletak di Provinsi Jawa Tengah, Indonesia."
alun-alun,Alun-Alun Purwokerto,-7.4243879,109.230123,"Alun Alun Purwokerto, Tanjung, Purwokerto, Banyumas, Jawa Tengah, Jawa, Indonesia",Jawa Tengah,Purwokerto,"Alun-Alun Purwokerto, Purwokerto, Jawa Tengah",gambar_wisata/Alun-Alun_Purwokerto,"Purwokerto (bahasa Jawa:  , Pegon:  , translit. Purwakerta) adalah sebuah wilayah yang menjadi pusat pemerintahan atau ibu kota Kabupaten Banyumas, Jawa Tengah, Indonesia."
alun-alun,Alun-Alun Rembang,-6.7055526,111.3486723,"Alun-Alun Rembang, Rembang, Jawa Tengah, Jawa, Indonesia",Jawa Tengah,Rembang,"Alun-Alun Rembang, Rembang, Jawa Tengah",gambar_wisata/Alun-Alun_Rembang,"Rembang (bahasa Jawa:   Pegon:  , Hanzi:  ) adalah ibu kota Kabupaten Rembang yang sekaligus menjadi pusat pemerintahan dan perekonomian dari Kabupaten Rembang. Rembang juga merupakan sebuah wilayah kecamatan yang terletak di Kabupaten Rembang, Provinsi Jawa Tengah, Indonesia."
alun-alun,Alun-Alun Semarang,-6.9717528,110.4237203,"Alun Alun Semarang, RW 01, Kauman, Semarang Tengah, Kota Semarang, Jawa Tengah, Jawa, 50000, Indonesia",Jawa Tengah,Kota Semarang,"Alun-Alun Semarang, Kota Semarang, Jawa Tengah",gambar_wisata/Alun-Alun_Semarang,"Kota Salatiga (bahasa Jawa:  Hanacaraka:  , Pegon:   pengucapan bahasa Jawa: [s l t ig ]) adalah kota di provinsi Jawa Tengah, Indonesia, yang menjadi enklave dari Kabupaten Semarang. Kota Salatiga terletak 49 kilometer di sebelah Selatan Kota Semarang dan 52 kilometer di sebelah Utara Kota Surakarta, serta berada di jalan negara yang menghubungkan antara Kabupaten Semarang dengan kota Surakarta."
alun-alun,Alun-Alun Serang,-6.1173476,106.1530639,"Alun-Alun Serang, Kotabaru, Serang, Serang ᮞᮦᮛᮀ, Jawa, Indonesia",,Serang ,"Alun-Alun Serang, Serang ᮞᮦᮛᮀ, nan",gambar_wisata/Alun-Alun_Serang,Deskripsi tidak ditemukan
alun-alun,Alun-Alun Sidoarjo,-7.4462137,112.7178539,"Alun-Alun Sidoarjo, Pucanganom, Sidoarjo, Jawa Timur, Jawa, Indonesia",Jawa Timur,Sidoarjo,"Alun-Alun Sidoarjo, Sidoarjo, Jawa Timur",gambar_wisata/Alun-Alun_Sidoarjo,"Kabupaten Sidoarjo (bahasa Jawa:  Hanacaraka:  , Pegon:  , translit. Sid arj ; pengucapan bahasa Jawa: [sid ard ]) adalah sebuah kabupaten di Provinsi Jawa Timur, Indonesia."
alun-alun,Alun-Alun Situbondo,-7.7068185,114.0054037,"Alun-Alun Situbondo, Dawuhan, Situbondo, Jawa Timur, Jawa, Indonesia",Jawa Timur,Situbondo,"Alun-Alun Situbondo, Situbondo, Jawa Timur",gambar_wisata/Alun-Alun_Situbondo,"Pada tanggal 10 Oktober 1996, terjadi kerusuhan anti-Kristen anti anti-orang keturunan Tionghoa di Kabupaten Situbondo, Jawa Timur. Peristiwa itu mulai karena massa tidak puas dengan hukuman penjara lima tahun untuk terdakwa Saleh, (yang beragama Islam) yaitu tuntutan maksimal yang dapat dijatuhkan atas kasus penghinaan terhadap agama Islam."
alun-alun,Alun-Alun Solo,-7.5747341,110.8287812,"Alun-alun utara, Kauman, Surakarta, Kecamatan Pasar Kliwon, Jawa Tengah, Jawa, Indonesia",Jawa Tengah,Surakarta,"Alun-Alun Solo, Surakarta, Jawa Tengah",gambar_wisata/Alun-Alun_Solo,"Kota Surakarta (bahasa Jawa: Hanacaraka:  , Pegon:  , Hanzi:  , pengucapan bahasa Jawa: [sur kart ]) atau Solo (bahasa Jawa:  , translit. Sala, pengucapan bahasa Jawa: [s l ]) adalah salah satu kota di provinsi Jawa Tengah, Indonesia, dengan luas 44,04 km2."
alun-alun,Alun-Alun Sragen,-7.4277082,111.0234646,"Alun-Alun Sragen ""Sasana Langen Putra"", Sragen, Jawa Tengah, Jawa, 57211, Indonesia",Jawa Tengah,Sragen,"Alun-Alun Sragen, Sragen, Jawa Tengah",gambar_wisata/Alun-Alun_Sragen,"Kabupaten Sragen (bahasa Jawa: Hanacaraka:  , Pegon:  , translit.  rag n) adalah sebuah wilayah kabupaten di Solo Raya, Provinsi Jawa Tengah, Indonesia."
alun-alun,Alun-Alun Sukoharjo,-7.68293,110.8405744,"Alun-Alun Satya Negara, Jetis, Sukoharjo, Jawa Tengah, Jawa, 57511, Indonesia",Jawa Tengah,Sukoharjo,"Alun-Alun Sukoharjo, Sukoharjo, Jawa Tengah",gambar_wisata/Alun-Alun_Sukoharjo,"Kota Surakarta (bahasa Jawa: Hanacaraka:  , Pegon:  , Hanzi:  , pengucapan bahasa Jawa: [sur kart ]) atau Solo (bahasa Jawa:  , translit. Sala, pengucapan bahasa Jawa: [s l ]) adalah salah satu kota di provinsi Jawa Tengah, Indonesia, dengan luas 44,04 km2."
alun-alun,Alun-Alun Surabaya,-7.2500402,112.737988,"Alon-Alon Contong, Bubutan, Surabaya, Jawa Timur, Jawa, Indonesia",Jawa Timur,Surabaya,"Alun-Alun Surabaya, Surabaya, Jawa Timur",gambar_wisata/Alun-Alun_Surabaya,"Kota Surabaya (bahasa Jawa: Hanacaraka:  , Pegon:    , translit. Kuth  Sur b y ; pengucapan bahasa Jawa: [ku  sur b j ]; pelafalan dalam bahasa Indonesia: [sura baja] ) adalah ibu kota Provinsi Jawa Timur yang menjadi pusat pemerintahan dan perekonomian sekaligus kota terbesar di provinsi tersebut."
alun-alun,Alun-Alun Tegal,-6.8674529,109.1379097,"Alun-alun Kota Tegal, Kademangan, Tegal, Jawa Tengah, Jawa, Indonesia",Jawa Tengah,Tegal,"Alun-Alun Tegal, Tegal, Jawa Tengah",gambar_wisata/Alun-Alun_Tegal,"Kota Tegal (bahasa Jawa: Hanacaraka:  , Pegon  , Hanzi:  , Belanda: Tagal) adalah sebuah satu kota di Provinsi Jawa Tengah, Indonesia. Kota ini pernah menjadi cikal-bakal berdirinya Korps Marinir seperti tercatat dalam Pangkalan IV ALRI Tegal dengan nama Corps Mariniers, pada 15 November 1945."
alun-alun,Alun-Alun Temanggung,-7.3162058,110.1755232,"Alun-Alun Kota Temanggung, Pandean, Temanggung, Jawa Tengah, Jawa, Indonesia",Jawa Tengah,Temanggung,"Alun-Alun Temanggung, Temanggung, Jawa Tengah",gambar_wisata/Alun-Alun_Temanggung,"Kabupaten Temanggung (bahasa Jawa:  Hanacaraka:  , Pegon:  , translit. Temanggung) adalah sebuah wilayah kabupaten yang terletak di Provinsi Jawa Tengah, Indonesia."
alun-alun,Alun-Alun Trenggalek,-8.0491348,111.7092032,"Alun-Alun Trenggalek, Trenggalek, Jawa Timur, Jawa, Indonesia",Jawa Timur,Trenggalek,"Alun-Alun Trenggalek, Trenggalek, Jawa Timur",gambar_wisata/Alun-Alun_Trenggalek,"Kabupaten Trenggalek (bahasa Jawa: Hanacaraka:  , Pegon:  , translit. Tr nggal k; pengucapan bahasa Jawa: [t r ga l k ]) adalah sebuah kabupaten di Provinsi Jawa Timur, Indonesia."
alun-alun,Alun-Alun Utara,-7.8044707,110.3643622,"Alun-Alun Utara Yogyakarta, Musikanan, Panembahan, Kraton, Kota Yogyakarta, Daerah Istimewa Yogyakarta, Jawa, Indonesia",Daerah Istimewa Yogyakarta,Kota Yogyakarta,"Alun-Alun Utara, Kota Yogyakarta, Daerah Istimewa Yogyakarta",gambar_wisata/Alun-Alun_Utara,"Kota Yogyakarta (bahasa Jawa:  , translit. Ngayogyakarta, pengucapan bahasa Jawa: [ku   ajogj kart ], atau dikenal oleh masyarakat setempat dengan sebutan nama Yogya atau Jogja) adalah ibu kota sekaligus pusat pemerintahan dan perekonomian dari provinsi Daerah Istimewa Yogyakarta, Indonesia."
alun-alun,Alun-Alun Utara Yogyakarta,-7.8044707,110.3643622,"Alun-Alun Utara Yogyakarta, Musikanan, Panembahan, Kraton, Kota Yogyakarta, Daerah Istimewa Yogyakarta, Jawa, Indonesia",Daerah Istimewa Yogyakarta,Kota Yogyakarta,"Alun-Alun Utara Yogyakarta, Kota Yogyakarta, Daerah Istimewa Yogyakarta",gambar_wisata/Alun-Alun_Utara_Yogyakarta,"Kota Yogyakarta (bahasa Jawa:  , translit. Ngayogyakarta, pengucapan bahasa Jawa: [ku   ajogj kart ], atau dikenal oleh masyarakat setempat dengan sebutan nama Yogya atau Jogja) adalah ibu kota sekaligus pusat pemerintahan dan perekonomian dari provinsi Daerah Istimewa Yogyakarta, Indonesia."
alun-alun,Alun-Alun Wonosobo,-7.3587052,109.9030423,"Alun-Alun Wonosobo, Wonosobo, Jawa Tengah, Jawa, Indonesia",Jawa Tengah,Wonosobo,"Alun-Alun Wonosobo, Wonosobo, Jawa Tengah",gambar_wisata/Alun-Alun_Wonosobo,"Stasiun Wonosobo (WS) merupakan stasiun kereta api nonaktif kelas III/kecil yang terletak di Jalan Raden Kolonel Karjono, Wonosobo, Wonosobo. Stasiun ini merupakan stasiun kereta api yang lokasinya paling timur di Wilayah Penjagaan Aset V Purwokerto lintas Purwokerto Wonosobo."
bukit,Bukit 2000 Kuningan,-6.7968035,108.4741153,"perumahan bukit pejaten residence, desa nanggela, Jalan Pangeran Kejaksan, Babakan, Kuningan, Jawa Barat, Jawa, 45558, Indonesia",Jawa Barat,Kuningan,"Bukit 2000 Kuningan, Kuningan, Jawa Barat",gambar_wisata/Bukit_2000_Kuningan,"Kabupaten Kuningan (Aksara Sunda:  ) adalah sebuah wilayah kabupaten yang terletak di bagian ujung timur Provinsi Jawa Barat, Indonesia. Ibu kota kabupaten ini berada di Kecamatan Kuningan."
bukit,Bukit Asah Bugbug,-8.4947581,115.5960209,"Bukit Asah, Bugbug, Kecamatan Karangasem, Karangasem, Bali, Nusa Tenggara, 80311, Indonesia",Bali,Karangasem,"Bukit Asah Bugbug, Karangasem, Bali",gambar_wisata/Bukit_Asah_Bugbug,Deskripsi tidak ditemukan
bukit,Bukit Asah Karangasem,-8.4947581,115.5960209,"Bukit Asah, Bugbug, Kecamatan Karangasem, Karangasem, Bali, Nusa Tenggara, 80311, Indonesia",Bali,Karangasem,"Bukit Asah Karangasem, Karangasem, Bali",gambar_wisata/Bukit_Asah_Karangasem,Deskripsi tidak ditemukan
bukit,Bukit Baka,-0.65,112.366667,"Bukit Baka, Menukung, Melawi, Kalimantan Barat, Kalimantan, Indonesia",Kalimantan Barat,Melawi,"Bukit Baka, Melawi, Kalimantan Barat",gambar_wisata/Bukit_Baka,"Taman Nasional Bukit Baka Bukit Raya atau biasa disingkat menjadi TNBBBR, merupakan kawasan konservasi yang menjadi taman nasional yang terletak di jantung Pulau Kalimantan, tepatnya di perbatasan antara provinsi Kalimantan Barat dengan Kalimantan Tengah. Kawasan ini memiliki peranan penting dalam Fungsi hidrologis sebagai catchment area bagi Daerah Aliran Sungai Melawi di Kalimantan Barat dan Daerah Aliran Sungai Katingan di Kalimantan Tengah."
bukit,Bukit Barisan,-5.2472574,104.149891,"Taman Nasional Bukit Barisan Selatan, Pesisir Barat, Lampung, Sumatera, Indonesia",Lampung,Pesisir Barat,"Bukit Barisan, Pesisir Barat, Lampung",gambar_wisata/Bukit_Barisan,"Kabupaten Pesisir Barat adalah sebuah kabupaten di Provinsi Lampung, Indonesia. Ibu kotanya adalah Krui."
bukit,Bukit Barisan Selatan,-5.2472574,104.149891,"Taman Nasional Bukit Barisan Selatan, Pesisir Barat, Lampung, Sumatera, Indonesia",Lampung,Pesisir Barat,"Bukit Barisan Selatan, Pesisir Barat, Lampung",gambar_wisata/Bukit_Barisan_Selatan,"Kabupaten Pesisir Barat adalah sebuah kabupaten di Provinsi Lampung, Indonesia. Ibu kotanya adalah Krui."
bukit,Bukit Batu,-1.7494671,114.3528566,"Bukit Batu, Kapuas, Kalimantan Tengah, Kalimantan, Indonesia",Kalimantan Tengah,Kapuas,"Bukit Batu, Kapuas, Kalimantan Tengah",gambar_wisata/Bukit_Batu,"Kalimantan Tengah (diakronimkan: Kalteng) adalah salah satu provinsi di Pulau Kalimantan, Indonesia. Ibu kota provinsi ini berada di Kota Palangka Raya."
bukit,Bukit Batu Layar,-8.5303114,116.0785592,"Perum. Pesona Bukit Hijau, Dusun Teloke Laug, Desa Senteluk, Lombok Barat, Nusa Tenggara Barat, Nusa Tenggara, 83111, Indonesia",Nusa Tenggara Barat,Lombok Barat,"Bukit Batu Layar, Lombok Barat, Nusa Tenggara Barat",gambar_wisata/Bukit_Batu_Layar,Nusa Tenggara Barat (disingkat NTB) ialah sebuah provinsi di Indonesia yang berada di bagian tengah Kepulauan Nusa Tenggara di antara provinsi Bali di sebelah barat dan provinsi Nusa Tenggara Timur di sebelah Timur. Pusat pemerintahan dan ibu kota provinsi ini berada di Kota Mataram.
bukit,Bukit Batu Sulawesi Selatan,-5.152682,119.484512,"Jalan Bukit Batu Antang, Pannara, Antang, Manggala, Makassar, Sulawesi Selatan, Sulawesi, 90234, Indonesia",Sulawesi Selatan,Makassar,"Bukit Batu Sulawesi Selatan, Makassar, Sulawesi Selatan",gambar_wisata/Bukit_Batu_Sulawesi_Selatan,"Sulawesi Selatan (diakronimkan: Sulsel; Lontara:     ) adalah sebuah provinsi di semenanjung bagian selatan pulau Sulawesi, Indonesia. Kepulauan Selayar di bagian selatan pulau Sulawesi juga merupakan bagian dari provinsi tersebut."
bukit,Bukit Besar,-3.166667,102.866667,"Bukit Besar, Lubuklinggau, Sumatera Selatan, Sumatera, Indonesia",Sumatera Selatan,Lubuklinggau,"Bukit Besar, Lubuklinggau, Sumatera Selatan",gambar_wisata/Bukit_Besar,"Kota Lubuklinggau (Surat Ulu :    ) adalah sebuah kota di Provinsi Sumatera Selatan, Indonesia. Kota ini terletak paling barat Provinsi Sumatera Selatan."
bukit,Bukit Bintang,-7.8460828,110.4796997,"Bukit Bintang, Jalan Raya Wonosari - Yogyakarta, Ngasemayu, Patuk, Kabupaten Gunungkidul ꦏꦧꦸꦥꦠꦺꦤ꧀ꦒꦸꦤꦸꦁꦏꦶꦢꦸꦭ꧀, Daerah Istimewa Yogyakarta, Jawa, 55862, Indonesia",Daerah Istimewa Yogyakarta,Kabupaten Gunungkidul ,"Bukit Bintang, Kabupaten Gunungkidul ꦏꦧꦸꦥꦠꦺꦤ꧀ꦒꦸꦤꦸꦁꦏꦶꦢꦸꦭ꧀, Daerah Istimewa Yogyakarta",gambar_wisata/Bukit_Bintang,Deskripsi tidak ditemukan
bukit,Bukit Bintang Yogyakarta,-7.8460828,110.4796997,"Bukit Bintang, Jalan Raya Wonosari - Yogyakarta, Ngasemayu, Patuk, Kabupaten Gunungkidul ꦏꦧꦸꦥꦠꦺꦤ꧀ꦒꦸꦤꦸꦁꦏꦶꦢꦸꦭ꧀, Daerah Istimewa Yogyakarta, Jawa, 55862, Indonesia",Daerah Istimewa Yogyakarta,Kabupaten Gunungkidul ,"Bukit Bintang Yogyakarta, Kabupaten Gunungkidul ꦏꦧꦸꦥꦠꦺꦤ꧀ꦒꦸꦤꦸꦁꦏꦶꦢꦸꦭ꧀, Daerah Istimewa Yogyakarta",gambar_wisata/Bukit_Bintang_Yogyakarta,Deskripsi tidak ditemukan
bukit,Bukit Campuhan,-8.5044293,115.2552405,"Bukit Campuhan, Ubud, Kecamatan Ubud, Gianyar, Bali, Nusa Tenggara, 80571, Indonesia",Bali,Gianyar,"Bukit Campuhan, Gianyar, Bali",gambar_wisata/Bukit_Campuhan,Deskripsi tidak ditemukan
bukit,Bukit Cinta,-7.9145615,112.9390159,"Bukit Cinta, Pasuruan, Jawa Timur, Jawa, 67254, Indonesia",Jawa Timur,Pasuruan,"Bukit Cinta, Pasuruan, Jawa Timur",gambar_wisata/Bukit_Cinta,"Gunung Bromo atau dalam bahasa Tengger dieja ""Brama"", juga disebut Kaldera Tengger, adalah sebuah gunung berapi aktif di Jawa Timur, Indonesia. Gunung ini memiliki ketinggian 2.614 meter di atas permukaan laut dan berada dalam empat wilayah kabupaten, yakni Kabupaten Probolinggo, Kabupaten Pasuruan, Kabupaten Lumajang, dan Kabupaten Malang."
bukit,Bukit Cinta Bali,-8.4262117,115.6086959,"Bukit Cinta, Jalan Serma Natih, Amlapura, Kecamatan Karangasem, Karangasem, Bali, Nusa Tenggara, 80811, Indonesia",Bali,Karangasem,"Bukit Cinta Bali, Karangasem, Bali",gambar_wisata/Bukit_Cinta_Bali,"Daftar tokoh Bali merupakan daftar tokoh-tokoh yang lahir di provinsi Bali baik berasal dari Suku Bali maupun etnis lainnya yang lahir ataupun pernah tinggal di Bali secara lama, atau terlibat dengan Bali secara signifikan. Khusus mengenai tokoh-tokoh dari etnis Bali bisa dilihat di Daftar tokoh suku Bali."
bukit,Bukit Doa Tomohon,1.3493247,124.8503698,"Bukit Doa, Bukit Doa Mahawu Pathway, Tomohon, Sulawesi Utara, Sulawesi, 95362, Indonesia",Sulawesi Utara,Tomohon,"Bukit Doa Tomohon, Tomohon, Sulawesi Utara",gambar_wisata/Bukit_Doa_Tomohon,"Kota Tomohon adalah kota di provinsi Sulawesi Utara, Indonesia, yang merupakan enklave dari Kabupaten Minahasa. Sebelum tahun 2003, Tomohon merupakan salah satu kecamatan di Kabupaten Minahasa."
bukit,Bukit Gajah Bobok,2.8993456,98.5111159,"Bukit Gajah Bobok, Karo, Sumatera Utara, Sumatera, 22173, Indonesia",Sumatera Utara,Karo,"Bukit Gajah Bobok, Karo, Sumatera Utara",gambar_wisata/Bukit_Gajah_Bobok,"Bukit Gajah Bobok adalah salah satu bukit yang terletak di Pangambaten, Merek, Karo provinsi Sumatera Utara. Bukit ini memiliki ketinggian sekitar 1.200 meter di atas permukaan laut."
bukit,Bukit Holbung,2.5338138,98.7010689,"Bukit Holbung, Hariara Pohan, Samosir, Sumatera Utara, Sumatera, Indonesia",Sumatera Utara,Samosir,"Bukit Holbung, Samosir, Sumatera Utara",gambar_wisata/Bukit_Holbung,"Bukit Holbung (Bahasa Batak: Dolok Holbung; Surat Batak:     ) adalah salah satu tempat wisata di Danau Toba yang terletak perbukitan di Desa Holbung, Kecamatan Sitiotio, Kabupaten Samosir, Sumatera Utara.
Rangkaian perbukitan Bukit Holbung ini sudah ada sejak 200 tahun yang lalu."
bukit,Bukit Holbung Samosir,2.5338138,98.7010689,"Bukit Holbung, Hariara Pohan, Samosir, Sumatera Utara, Sumatera, Indonesia",Sumatera Utara,Samosir,"Bukit Holbung Samosir, Samosir, Sumatera Utara",gambar_wisata/Bukit_Holbung_Samosir,"Kabupaten Samosir (Surat Batak:  ) adalah salah satu kabupaten yang berada di Provinsi Sumatera Utara, Indonesia. Ibu kotanya berada di Kecamatan Pangururan."
bukit,Bukit Jamur,-7.0426224,112.5667217,"Bukit Jamur Gresik, Sukowati, Gresik, Jawa Timur, Jawa, Indonesia",Jawa Timur,Gresik,"Bukit Jamur, Gresik, Jawa Timur",gambar_wisata/Bukit_Jamur,"Bukit Jamur adalah tempat wisata alam bebatuan, yang terletak di Desa Bungah, Gresik, Jawa Timur. Bukit Jamur adalah perbukitan seluas 3 dengan suasana gersang, tanpa ada pohon besar di sekitar dengan bebatuan batu kapur besar membentuk seperti jamur."
bukit,Bukit Jempol,-3.8120142,103.6703499,"Bukit Serelo, Tanjung Menang, Merapi Selatan, Lahat, Sumatera Selatan, Sumatera, Indonesia",Sumatera Selatan,Lahat,"Bukit Jempol, Lahat, Sumatera Selatan",gambar_wisata/Bukit_Jempol,Deskripsi tidak ditemukan
bukit,Bukit Jimbaran,-8.8125135,115.1578894,"MaxOnehotels.com @ Bukit Jimbaran, Jalan Raya Uluwatu, Ungasan, Kuta Selatan, Badung, Bali, Nusa Tenggara, 80364, Indonesia",Bali,Badung,"Bukit Jimbaran, Badung, Bali",gambar_wisata/Bukit_Jimbaran,Deskripsi tidak ditemukan
bukit,Bukit Kapur Arosbaya,-6.9474419,112.8593068,"Bukit Kapur Arosbaya, Jalan K.H. Zainal Alimin, Karang Pao, Bangkalan, Jawa Timur, Jawa, 69151, Indonesia",Jawa Timur,Bangkalan,"Bukit Kapur Arosbaya, Bangkalan, Jawa Timur",gambar_wisata/Bukit_Kapur_Arosbaya,Banyak rencana pemekaran daerah atau Calon Daerah Otonomi Baru (CDOB) yang telah diusulkan ke Kementerian Dalam Negeri. Pemekaran daerah adalah pemecahan daerah provinsi atau kabupaten/kota menjadi dua atau lebih daerah baru.
bukit,Bukit Kelam,0.078675,111.6480665,"Bukit Kelam, Kelam Permai, Sintang, Kalimantan Barat, Kalimantan, Indonesia",Kalimantan Barat,Sintang,"Bukit Kelam, Sintang, Kalimantan Barat",gambar_wisata/Bukit_Kelam,"Kabupaten Sintang adalah salah satu daerah otonom tingkat II di wilayah Provinsi Kalimantan Barat, Indonesia. Ibu kotanya adalah Kecamatan Sintang."
bukit,Bukit Klangon,-7.5767676,110.454776,"Bukit Klangon, Setapak, Kalitengah Lor, Glagah Harjo, Cangkringan, Sleman, Daerah Istimewa Yogyakarta, Jawa, 55583, Indonesia",Daerah Istimewa Yogyakarta,Glagah Harjo,"Bukit Klangon, Glagah Harjo, Daerah Istimewa Yogyakarta",gambar_wisata/Bukit_Klangon,Deskripsi tidak ditemukan
bukit,Bukit Klangon Sleman,-7.5767676,110.454776,"Bukit Klangon, Setapak, Kalitengah Lor, Glagah Harjo, Cangkringan, Sleman, Daerah Istimewa Yogyakarta, Jawa, 55583, Indonesia",Daerah Istimewa Yogyakarta,Glagah Harjo,"Bukit Klangon Sleman, Glagah Harjo, Daerah Istimewa Yogyakarta",gambar_wisata/Bukit_Klangon_Sleman,Deskripsi tidak ditemukan
bukit,Bukit Kuneer,-7.8133895,112.6339012,"Bukit Kuneer, Jalur Pendakian Gunung Arjuno via Lawang, Kabupaten Malang, Jawa Timur, Jawa, Indonesia",Jawa Timur,Kabupaten Malang,"Bukit Kuneer, Kabupaten Malang, Jawa Timur",gambar_wisata/Bukit_Kuneer,Deskripsi tidak ditemukan
bukit,Bukit Kuneer Malang,-7.8133895,112.6339012,"Bukit Kuneer, Jalur Pendakian Gunung Arjuno via Lawang, Kabupaten Malang, Jawa Timur, Jawa, Indonesia",Jawa Timur,Kabupaten Malang,"Bukit Kuneer Malang, Kabupaten Malang, Jawa Timur",gambar_wisata/Bukit_Kuneer_Malang,Deskripsi tidak ditemukan
bukit,Bukit Lawang Sumatera Utara,3.5493172,98.1224445,"Bukit Lawang, Langkat, Sumatera Utara, Sumatera, 20852, Indonesia",Sumatera Utara,Langkat,"Bukit Lawang Sumatera Utara, Langkat, Sumatera Utara",gambar_wisata/Bukit_Lawang_Sumatera_Utara,"Provinsi Sumatera Utara terdiri dari 25 kabupaten, 8 kota, 450 kecamatan, 693 kelurahan, dan 5.417 desa dengan jumlah penduduk pada tahun 2019 mencapai 14.874.889 jiwa dan luas wilayah 72.981,23 km ."
bukit,Bukit Lintang Sewu,-7.915055,110.4357959,"Bukit Lintang Sewu, Muntuk, Dlingo, Bantul, Daerah Istimewa Yogyakarta, Jawa, 55783, Indonesia",Daerah Istimewa Yogyakarta,Bantul,"Bukit Lintang Sewu, Bantul, Daerah Istimewa Yogyakarta",gambar_wisata/Bukit_Lintang_Sewu,"Daerah Istimewa Yogyakarta, disingkat DI Yogyakarta atau DIY adalah daerah Istimewa setingkat provinsi di Indonesia yang merupakan peleburan dari Negara Kesultanan Yogyakarta dan Negara Kadipaten Paku Alaman dengan ibu kota di Kota Yogyakarta. Daerah Istimewa Yogyakarta terletak di bagian selatan Pulau Jawa, dan berbatasan dengan Provinsi Jawa Tengah dan Samudra Hindia."
bukit,Bukit Mamuju,-2.0919997,119.3764094,"Bendungan Bukit Cinta, Mamuju Tengah, Sulawesi Barat, Sulawesi, Indonesia",Sulawesi Barat,Mamuju Tengah,"Bukit Mamuju, Mamuju Tengah, Sulawesi Barat",gambar_wisata/Bukit_Mamuju,"Bahasa Mamuju adalah salah satu bahasa Austronesia yang dipertuturkan di hampir keseluruhan bagian selatan Provinsi Sulawesi Barat, merentang sepanjang pantai Kabupaten Polewali Mandar hingga Kabupaten Mamasa di hilir Sungai Budong."
bukit,Bukit Muntai,-2.984875,106.5260778,"Bukit Muntai, Bangka Selatan, Kepulauan Bangka Belitung, Sumatera, 33183, Indonesia",Kepulauan Bangka Belitung,Bangka Selatan,"Bukit Muntai, Bangka Selatan, Kepulauan Bangka Belitung",gambar_wisata/Bukit_Muntai,Banyak rencana pemekaran daerah atau Calon Daerah Otonomi Baru (CDOB) yang telah diusulkan ke Kementerian Dalam Negeri. Pemekaran daerah adalah pemecahan daerah provinsi atau kabupaten/kota menjadi dua atau lebih daerah baru.
bukit,Bukit Panguk Kediwung,-7.9597565,110.4405654,"Bukit Panguk Kediwung - sunrise, Kedungjati Bridge, Selopamioro, Imogiri, Bantul, Daerah Istimewa Yogyakarta, Jawa, 55783, Indonesia",Daerah Istimewa Yogyakarta,Bantul,"Bukit Panguk Kediwung, Bantul, Daerah Istimewa Yogyakarta",gambar_wisata/Bukit_Panguk_Kediwung,Deskripsi tidak ditemukan
bukit,Bukit Punthuk Setumbu,-7.6074102,110.1778383,"Bukit Punthuk Setumbu, Jalan Salaman - Mungkid, Kembanglimus, Magelang, Jawa Tengah, Jawa, 56553, Indonesia",Jawa Tengah,Magelang,"Bukit Punthuk Setumbu, Magelang, Jawa Tengah",gambar_wisata/Bukit_Punthuk_Setumbu,Deskripsi tidak ditemukan
bukit,Bukit Raya,1.0354835,111.3574287,"Bukit Raya, Ketungau Hulu, Sintang, Kalimantan Barat, Kalimantan, Indonesia",Kalimantan Barat,Sintang,"Bukit Raya, Sintang, Kalimantan Barat",gambar_wisata/Bukit_Raya,"Kabupaten Sintang adalah salah satu daerah otonom tingkat II di wilayah Provinsi Kalimantan Barat, Indonesia. Ibu kotanya adalah Kecamatan Sintang."
bukit,Bukit Rhema,-7.6054797,110.1826028,"Bukit Rhema (Chicken Church), Jalan Salaman - Mungkid, Kembanglimus, Magelang, Jawa Tengah, Jawa, 56553, Indonesia",Jawa Tengah,Magelang,"Bukit Rhema, Magelang, Jawa Tengah",gambar_wisata/Bukit_Rhema,Deskripsi tidak ditemukan
bukit,Bukit Rhema Magelang,-7.6054797,110.1826028,"Bukit Rhema (Chicken Church), Jalan Salaman - Mungkid, Kembanglimus, Magelang, Jawa Tengah, Jawa, 56553, Indonesia",Jawa Tengah,Magelang,"Bukit Rhema Magelang, Magelang, Jawa Tengah",gambar_wisata/Bukit_Rhema_Magelang,Deskripsi tidak ditemukan
bukit,Bukit Sekipan Tawangmangu,-7.667803,111.1442694,"Wisata Bukit Sekipan, Jalan Tawangmangu - Palaosan, Nglebak, Karanganyar, Jawa Tengah, Jawa, 57785, Indonesia",Jawa Tengah,Karanganyar,"Bukit Sekipan Tawangmangu, Karanganyar, Jawa Tengah",gambar_wisata/Bukit_Sekipan_Tawangmangu,Deskripsi tidak ditemukan
bukit,Bukit Selong,-8.365312,116.5400179,"Bukit Selong, Jalan Raya Ambarita, Sembalun Lawang, Lombok Timur, Nusa Tenggara Barat, Nusa Tenggara, 83656, Indonesia",Nusa Tenggara Barat,nan,"Bukit Selong, nan, Nusa Tenggara Barat",gambar_wisata/Bukit_Selong,Halaman ini memuat daftar cagar budaya di Indonesia yang terdaftar pada Direktorat Pelestarian Cagar Budaya dan Permuseuman. Daftar ini tidak dimaksudkan sebagai suatu daftar yang lengkap atau selalu terbarui.
bukit,Bukit Selong Lombok Timur,-8.365312,116.5400179,"Bukit Selong, Jalan Raya Ambarita, Sembalun Lawang, Lombok Timur, Nusa Tenggara Barat, Nusa Tenggara, 83656, Indonesia",Nusa Tenggara Barat,nan,"Bukit Selong Lombok Timur, nan, Nusa Tenggara Barat",gambar_wisata/Bukit_Selong_Lombok_Timur,Halaman ini memuat daftar cagar budaya di Indonesia yang terdaftar pada Direktorat Pelestarian Cagar Budaya dan Permuseuman. Daftar ini tidak dimaksudkan sebagai suatu daftar yang lengkap atau selalu terbarui.
bukit,Bukit Serelo,-3.8120142,103.6703499,"Bukit Serelo, Tanjung Menang, Merapi Selatan, Lahat, Sumatera Selatan, Sumatera, Indonesia",Sumatera Selatan,Lahat,"Bukit Serelo, Lahat, Sumatera Selatan",gambar_wisata/Bukit_Serelo,"Kereta api Serelo atau Bukit Serelo merupakan kereta api kelas ekonomi yang melayani koridor Kertapati-Lubuklinggau, Sumatera Selatan. Sebelum KA Bukit Serelo dioperasikan, pernah ada KA kelas campuran eksekutif, bisnis dan ekonomi dengan nama KA Bukit Sulap yang berjalan pada siang hari."
bukit,Bukit Sibea-bea Samosir,2.5504584,98.6719465,"Patung Yesus, Bukit Sibea-bea, Air Terjun Efrata Road, Lumban Guru, Turpuk Limbong, Samosir, Sumatera Utara, Sumatera, Indonesia",Sumatera Utara,Samosir,"Bukit Sibea-bea Samosir, Samosir, Sumatera Utara",gambar_wisata/Bukit_Sibea-bea_Samosir,"Yesus Memberkati Sibea-bea (English; Jesus Blessed Sibea-bea) atau lebih sering disebut sebagai Patung Yesus di Sibea-bea adalah sebuah monumen patung dengan tinggi 61 meter, yang terletak di Bukit Sibea-bea Kabupaten Samosir. Patung ini merupakan patung Yesus tertinggi di dunia saat ini."
bukit,Bukit Siguntang Palembang,-2.9972173,104.7255544,"Hutan Wisata Bukit Siguntang, Ilir Barat I, Palembang, Sumatera Selatan, Sumatera, Indonesia",Sumatera Selatan,Palembang,"Bukit Siguntang Palembang, Palembang, Sumatera Selatan",gambar_wisata/Bukit_Siguntang_Palembang,"Kota Palembang (Jawi:    ) adalah ibu kota Provinsi Sumatera Selatan, Indonesia. Luas Kota Palembang dengan sekitar 352,51 km  Pada akhir tahun 2024, kota ini dihuni oleh 1.801.367 jiwa."
bukit,Bukit Sikunir,-7.2387021,109.9250284,"Bukit Sikunir, Sembungan, Wonosobo, Jawa Tengah, Jawa, Indonesia",Jawa Tengah,Wonosobo,"Bukit Sikunir, Wonosobo, Jawa Tengah",gambar_wisata/Bukit_Sikunir,"Bukit Sikunir merupakan salah satu wisata yang terletak di Desa Sembungan, Kecamatan Kejajar, Kabupaten Wonosobo. Bukit Sikunir berada pada ketinggian 2.300 MDPL (meter diatas permukaan laut)."
bukit,Bukit Tangkiling Palangkaraya,-1.9881028,113.7504103,"Bukit Tangkiling, Palangka Raya, Kalimantan Tengah, Kalimantan, Indonesia",Kalimantan Tengah,Palangka Raya,"Bukit Tangkiling Palangkaraya, Palangka Raya, Kalimantan Tengah",gambar_wisata/Bukit_Tangkiling_Palangkaraya,"Kota Palangka Raya adalah sebuah kota sekaligus ibu kota provinsi Kalimantan Tengah, Indonesia. Kota ini memiliki luas wilayah 2.853,12 km  dan jumlah penduduk pada akhir tahun 2024 sebanyak 315.153 jiwa, dengan kepadatan penduduk rata-rata 110 jiwa/km ."
bukit,Bukit Tinggi,-3.3295279,101.8358215,"Bukit Tinggi, Bengkulu Utara, Bengkulu, Sumatera, Indonesia",Bengkulu,Bengkulu Utara,"Bukit Tinggi, Bengkulu Utara, Bengkulu",gambar_wisata/Bukit_Tinggi,"Kabupaten Bengkulu Utara adalah sebuah kabupaten di provinsi Bengkulu, Indonesia. Kabupaten yang terletak di kawasan pesisir Pantai Barat Sumatra dengan ibu kotanya Arga Makmur, selain mencakup kawasan pesisir pantai barat kabupaten ini juga mencakup Pulau Enggano, sebuah pulau yang terletak di pantai selatan Bengkulu."
bukit,Bukit Wairinding,-9.6794624,120.1000531,"bukit wairinding, Jalan Lintas Sumba, Desa Makamenggit, Kecamatan Ngaha Ori Angu, Sumba Timur, Nusa Tenggara Timur, Nusa Tenggara, Indonesia",Nusa Tenggara Timur,Sumba Timur,"Bukit Wairinding, Sumba Timur, Nusa Tenggara Timur",gambar_wisata/Bukit_Wairinding,"Kabupaten Sumba Timur adalah kabupaten di Provinsi Nusa Tenggara Timur, Indonesia. Kabupaten Sumba Timur sendiri meliputi 55% wilayah yang ada di pulau Sumba, yang terdiri dari 4 kabupaten."
cafe view,Cafe D'Pakar Bandung,-6.8467341,107.6498632,"Cafe D'Pakar, Jalan Sekejolang, Ciburial, Kabupaten Bandung, Jawa Barat, Jawa, 40197, Indonesia",Jawa Barat,Kabupaten Bandung,"Cafe D'Pakar Bandung, Kabupaten Bandung, Jawa Barat",gambar_wisata/Cafe_D'Pakar_Bandung,Deskripsi tidak ditemukan
cafe view,Cafe Kopi Merapi Sleman,-7.602614,110.4459924,"Kopi Merapi, Jalan Raya Merapi Golf, Pangunrejo, Karanggeneng Umbulharjo, Umbulharjo, Cangkringan, Sleman, Daerah Istimewa Yogyakarta, Jawa, 55583, Indonesia",Daerah Istimewa Yogyakarta,Umbulharjo,"Cafe Kopi Merapi Sleman, Umbulharjo, Daerah Istimewa Yogyakarta",gambar_wisata/Cafe_Kopi_Merapi_Sleman,Deskripsi tidak ditemukan
cafe view,Cafe Kopi Nako Bogor,-6.603747,106.8110497,"Kopi Nako, Jalan Bina Marga 2, Bogor Timur, Bogor, Jawa Barat, Jawa, 16143, Indonesia",Jawa Barat,Bogor,"Cafe Kopi Nako Bogor, Bogor, Jawa Barat",gambar_wisata/Cafe_Kopi_Nako_Bogor,Deskripsi tidak ditemukan
candi,Candi Abang,-7.8102254,110.4687098,"Candi Abang, Jalan Jogotirto, Jogotirto, Berbah, Sleman, Daerah Istimewa Yogyakarta, Jawa, 55572, Indonesia",Daerah Istimewa Yogyakarta,Sleman,"Candi Abang, Sleman, Daerah Istimewa Yogyakarta",gambar_wisata/Candi_Abang,"Daerah Istimewa Yogyakarta, disingkat DI Yogyakarta atau DIY adalah daerah Istimewa setingkat provinsi di Indonesia yang merupakan peleburan dari Negara Kesultanan Yogyakarta dan Negara Kadipaten Paku Alaman dengan ibu kota di Kota Yogyakarta. Daerah Istimewa Yogyakarta terletak di bagian selatan Pulau Jawa, dan berbatasan dengan Provinsi Jawa Tengah dan Samudra Hindia."
candi,Candi Badut,-7.9578365,112.5985999,"Candi Badut, Jalan Esberg VE 5, Kota Malang, Jawa Timur, Jawa, 65112, Indonesia",Jawa Timur,Kota Malang,"Candi Badut, Kota Malang, Jawa Timur",gambar_wisata/Candi_Badut,"Candi Badut adalah sebuah candi yang terletak di kawasan Tidar, di bagian barat Kabupaten Malang. Secara administratif candi badut terletak di Desa Karangwidoro, Kecamatan Dau, Kabupaten Malang, Jawa Timur."
candi,Candi Bajang Ratu,-7.5677817,112.3986624,"Candi Bajang Ratu, Jalan Jayanegara 01, Trowulan, Mojokerto, Jawa Timur, Jawa, 61362, Indonesia",Jawa Timur,Trowulan,"Candi Bajang Ratu, Trowulan, Jawa Timur",gambar_wisata/Candi_Bajang_Ratu,"Gapura Bajang Ratu atau juga dikenal dengan nama Candi Bajang Ratu adalah sebuah gapura / candi peninggalan Majapahit yang berada di Desa Temon, Kecamatan Trowulan, Kabupaten Mojokerto, Jawa Timur, Indonesia.

Bangunan ini diperkirakan dibangun pada abad ke-14 dan adalah salah satu gapura besar pada zaman keemasan Majapahit."
candi,Candi Belahan,-7.6075227,112.6513504,"Candi Petirtaan Belahan, Penanggungan via Kunjorowesi, Pasuruan, Jawa Timur, Jawa, 61375, Indonesia",Jawa Timur,Pasuruan,"Candi Belahan, Pasuruan, Jawa Timur",gambar_wisata/Candi_Belahan,"Petirtaan Belahan, dikenal juga sebagai Candi Belahan atau Sumber Tetek (Jawa: Sumber Payudara), adalah petirtaan bersejarah yang terletak di sisi timur Gunung Penanggungan, tepatnya di Dusun Belahanjowo, Desa Wonosunyo, Kecamatan Gempol, Kabupaten Pasuruan. Usianya sekitar satu milenium (10 abad), dibangun pada masa Kerajaan Medang periode Jawa Timur awal."
candi,Candi Bima,-7.2143272,109.9105109,"Candi Bima, Jalan Rake Sanjaya, Siterus, Dieng, Wonosobo, Jawa Tengah, Jawa, Indonesia",Jawa Tengah,Wonosobo,"Candi Bima, Wonosobo, Jawa Tengah",gambar_wisata/Candi_Bima,Sebagian terbesar dibangun pada periode klasik Hindu-Buddha dalam sejarah nasional Indonesia.
candi,Candi Brahu,-7.5428461,112.3743975,"Candi Brahu, Jalan Raden Wijaya, Kejagan, Trowulan, Mojokerto, Jawa Timur, Jawa, 61362, Indonesia",Jawa Timur,Kejagan,"Candi Brahu, Kejagan, Jawa Timur",gambar_wisata/Candi_Brahu,Deskripsi tidak ditemukan
candi,Candi Bubrah,-7.7465115,110.4929587,"Candi Bubrah, Jalan Candi Sewu, Tlogo, Klaten, Jawa Tengah, Jawa, 57454, Indonesia",Jawa Tengah,Klaten,"Candi Bubrah, Klaten, Jawa Tengah",gambar_wisata/Candi_Bubrah,"Candi Bubrah (bahasa Jawa:  , translit. Candhi Bubrah) adalah salah satu candi Buddha yang berada di dalam kompleks Taman Wisata Candi Prambanan, yaitu di antara Percandian Rara Jonggrang dan Candi Sewu."
candi,Candi Cangkuang,-7.102927,107.9188749,"Candi Cangkuang, Jalan Soekarno Hatta, Cangkuang, Leles, Garut, Jawa Barat, Jawa, 44152, Indonesia",Jawa Barat,Cangkuang,"Candi Cangkuang, Cangkuang, Jawa Barat",gambar_wisata/Candi_Cangkuang,"Candi Cangkuang (bahasa Sunda:    , translit. Candi Cangkuang) adalah sebuah candi Hindu yang terdapat di Kampung Pulo, Desa Cangkuang, Kecamatan Leles, Kabupaten Garut, Jawa Barat."
candi,Candi Cetho,-7.5957362,111.1581311,"Candi Cetho, Gunung Lawu Track via Candi Cetho, Ngawi, Karanganyar, Jawa Tengah, Jawa, Indonesia",Jawa Tengah,Ngawi,"Candi Cetho, Ngawi, Jawa Tengah",gambar_wisata/Candi_Cetho,"Gunung Lawu (Hanacaraka:  ) adalah sebuah gunung berapi aktif yang terletak di Pulau Jawa, tepatnya di perbatasan Jawa Tengah dan Jawa Timur, Indonesia. Gunung Lawu memiliki ketinggian sekitar 3.265 mdpl."
candi,Candi Dieng,-6.2361436,107.0185426,"Jalan Candi Dieng, Duren Jaya, Bekasi, Jawa Barat, Jawa, 17112, Indonesia",Jawa Barat,Bekasi,"Candi Dieng, Bekasi, Jawa Barat",gambar_wisata/Candi_Dieng,Jawa adalah salah satu pulau di Indonesia yang terletak di Kepulauan Sunda Besar dan merupakan pulau terluas ke-13 di dunia. Jumlah penduduk di Pulau Jawa sekitar 150 juta.
candi,Candi Gedong Songo,-7.2063743,110.340176,"Kawasan Candi Gedong Songo, Darum, Sumowono, Kabupaten Semarang, Jawa Tengah, Jawa, Indonesia",Jawa Tengah,Kabupaten Semarang,"Candi Gedong Songo, Kabupaten Semarang, Jawa Tengah",gambar_wisata/Candi_Gedong_Songo,"Candi Gedong Songo (bahasa Jawa:  , translit. Candhi Gedhong Sanga)  diperkirakan oleh para ahli dibuat semasa dengan Candi Dieng yang dibuat pada kurun waktu abad ke 7 sampai 9 Masehi pada masa Dinasti Sanjaya dari Kerajaan Mataram Lama."
candi,Candi Gunung Gangsir,-7.5866825,112.7333068,"Candi Gununggangsir, Jalan Wicaksono, Winong, Pasuruan, Jawa Timur, Jawa, 67154, Indonesia",Jawa Timur,Pasuruan,"Candi Gunung Gangsir, Pasuruan, Jawa Timur",gambar_wisata/Candi_Gunung_Gangsir,"Candi Gunung Gangsir adalah sebuah bangunan candi yang diduga dibuat paling awal pada masa Mpu Sindok hingga Airlangga, atau merupakan peninggalan dari zaman Majapahit dilihat dari kemiripan dengan Candi Pari, juga diduga adalah tinggalan raja Hayam Wuruk sebagai Wisesapura untuk pendharmaan neneknya Gayatri Rajapatni. Candi Gunung Gangsir terletak di Dukuh Kebon Candi, Desa Gunung Gangsir, Kecamatan Beji, Kabupaten Pasuruan, Jawa Timur."
candi,Candi Gunung Wukir,-7.6342335,110.2968591,"Candi Gunung Wukir, Tirto, Salam, Magelang, Jawa Tengah, Jawa, Indonesia",Jawa Tengah,Magelang,"Candi Gunung Wukir, Magelang, Jawa Tengah",gambar_wisata/Candi_Gunung_Wukir,"Candi Gunung Wukir atau candi Canggal adalah candi bercorak Hindu yang berada di Dusun Canggal, Desa Kadiluwih, Kecamatan Salam, Kabupaten Magelang, Jawa Tengah. Di sekitar bangunan candi ini ditemukan prasasti Canggal (sekarang dikoleksi Museum Nasional Indonesia), salah satu prasasti penting dalam ikhtisar waktu sejarah Indonesia karena menjadi peninggalan sejarah pertama yang mencantumkan tahun pembuatan, sehingga menjadi penanda waktu berkuasanya Kerajaan Medang di tanah Mataram."
candi,Candi Ijo,-7.7837641,110.5114895,"Candi Ijo, Alternatif Prambanan-Lemahbang, Sambirejo, Prambanan, Sleman, Daerah Istimewa Yogyakarta, Jawa, 55572, Indonesia",Daerah Istimewa Yogyakarta,Sleman,"Candi Ijo, Sleman, Daerah Istimewa Yogyakarta",gambar_wisata/Candi_Ijo,"Daerah Istimewa Yogyakarta, disingkat DI Yogyakarta atau DIY adalah daerah Istimewa setingkat provinsi di Indonesia yang merupakan peleburan dari Negara Kesultanan Yogyakarta dan Negara Kadipaten Paku Alaman dengan ibu kota di Kota Yogyakarta. Daerah Istimewa Yogyakarta terletak di bagian selatan Pulau Jawa, dan berbatasan dengan Provinsi Jawa Tengah dan Samudra Hindia."
candi,Candi Jago,-8.0057895,112.7640934,"Candi Jago, Jalan Raya Tumpang, Malangsuko, Tumpang, Kabupaten Malang, Jawa Timur, Jawa, 65156, Indonesia",Jawa Timur,Kabupaten Malang,"Candi Jago, Kabupaten Malang, Jawa Timur",gambar_wisata/Candi_Jago,"Menurut kitab Negarakertagama pupuh 41:4 dan Pararaton, nama Candi Jago sebenarnya berasal dari kata ""Jajaghu"", yang didirikan pada masa Kerajaan Singhasari pada abad ke-13 sebagai penghormatan bagi Raja ketiga Singhasari, Wisnuwardhana. Jajaghu, yang artinya adalah 'keagungan', merupakan istilah yang digunakan untuk menyebut tempat suci."
candi,Candi Jawi,-7.6624877,112.669879,"Candi Jawi, Jalan Raya Prigen, Prigen, Pasuruan, Jawa Timur, Jawa, 67161, Indonesia",Jawa Timur,Pasuruan,"Candi Jawi, Pasuruan, Jawa Timur",gambar_wisata/Candi_Jawi,"Candi Jawi (nama asli: Jajawa /  ) adalah candi yang dibangun sekitar abad ke-13 dan merupakan peninggalan bersejarah Hindu-Buddha Kerajaan Singhasari yang terletak di kaki Gunung Welirang, tepatnya di Desa Candi Wates, Prigen, Pasuruan, Jawa Timur, sekitar 3 kilometer dari pusat kota Pandaan. 
Candi ini terletak di pertengahan jalan raya antara Kecamatan Pandaan   Kecamatan Prigen dan Pringebukan."
candi,Candi Kadisoka,-7.7552364,110.4458063,"Candi Kadisoka, Jalan Soka, Maguwoharjo, Depok, Sleman, Daerah Istimewa Yogyakarta, Jawa, 55571, Indonesia",Daerah Istimewa Yogyakarta,Sleman,"Candi Kadisoka, Sleman, Daerah Istimewa Yogyakarta",gambar_wisata/Candi_Kadisoka,Halaman ini memuat daftar cagar budaya di Kabupaten Sleman yang terdaftar di Direktorat Pelestarian Cagar Budaya dan Permuseuman. Daftar ini tidak dimaksudkan sebagai suatu daftar yang lengkap atau selalu terbarui.
candi,Candi Kalasan,-7.7668063,110.4723996,"Candi Kalasan, Kalasan, Tirtomartani, Kalasan, Sleman, Daerah Istimewa Yogyakarta, Jawa, Indonesia",Daerah Istimewa Yogyakarta,Sleman,"Candi Kalasan, Sleman, Daerah Istimewa Yogyakarta",gambar_wisata/Candi_Kalasan,"Daerah Istimewa Yogyakarta, disingkat DI Yogyakarta atau DIY adalah daerah Istimewa setingkat provinsi di Indonesia yang merupakan peleburan dari Negara Kesultanan Yogyakarta dan Negara Kadipaten Paku Alaman dengan ibu kota di Kota Yogyakarta. Daerah Istimewa Yogyakarta terletak di bagian selatan Pulau Jawa, dan berbatasan dengan Provinsi Jawa Tengah dan Samudra Hindia."
candi,Candi Kedulan,-7.7425947,110.4697271,"Candi Kedulan, Jalan Raya Kalimati, Tirtomartani, Kalasan, Sleman, Daerah Istimewa Yogyakarta, Jawa, 55571, Indonesia",Daerah Istimewa Yogyakarta,Sleman,"Candi Kedulan, Sleman, Daerah Istimewa Yogyakarta",gambar_wisata/Candi_Kedulan,"Daerah Istimewa Yogyakarta, disingkat DI Yogyakarta atau DIY adalah daerah Istimewa setingkat provinsi di Indonesia yang merupakan peleburan dari Negara Kesultanan Yogyakarta dan Negara Kadipaten Paku Alaman dengan ibu kota di Kota Yogyakarta. Daerah Istimewa Yogyakarta terletak di bagian selatan Pulau Jawa, dan berbatasan dengan Provinsi Jawa Tengah dan Samudra Hindia."
candi,Candi Kidal,-8.0258552,112.7090269,"Candi Kidal, Jalan Raya Kidal, Jeding, Kidal, Kabupaten Malang, Jawa Timur, Jawa, 65156, Indonesia",Jawa Timur,Kabupaten Malang,"Candi Kidal, Kabupaten Malang, Jawa Timur",gambar_wisata/Candi_Kidal,"Candi Kidal, adalah salah satu candi warisan dari kerajaan Singasari. Candi ini dibangun sebagai bentuk penghormatan atas jasa besar Anusapati, Raja kedua dari Singhasari, yang memerintah selama 20 tahun (1227 - 1248)."
candi,Candi Kimpulan,-7.6883659,110.4153318,"Candi Kimpulan, Boulevard UII, Turi Rejo, Sardonoharjo, Sleman, Daerah Istimewa Yogyakarta, Jawa, 55582, Indonesia",Daerah Istimewa Yogyakarta,Sleman,"Candi Kimpulan, Sleman, Daerah Istimewa Yogyakarta",gambar_wisata/Candi_Kimpulan,"Daerah Istimewa Yogyakarta, disingkat DI Yogyakarta atau DIY adalah daerah Istimewa setingkat provinsi di Indonesia yang merupakan peleburan dari Negara Kesultanan Yogyakarta dan Negara Kadipaten Paku Alaman dengan ibu kota di Kota Yogyakarta. Daerah Istimewa Yogyakarta terletak di bagian selatan Pulau Jawa, dan berbatasan dengan Provinsi Jawa Tengah dan Samudra Hindia."
candi,Candi Lumbung,-7.7481201,110.4929439,"Candi Lumbung, Tlogo, Klaten, Jawa Tengah, Jawa, Indonesia",Jawa Tengah,Klaten,"Candi Lumbung, Klaten, Jawa Tengah",gambar_wisata/Candi_Lumbung,"Candi Lumbung adalah salah satu kompleks percandian Buddha yang berada di dalam kompleks Taman Wisata Candi Prambanan, yaitu di sebelah candi Bubrah. Meskipun demikian, candi ini telah masuk ke wilayah Jawa Tengah, yaitu di Kabupaten Klaten."
candi,Candi Mendut,-7.6048222,110.2301202,"Candi Mendut, Jalan Mayor Kusen, Ngrajek, Mendut, Magelang, Jawa Tengah, Jawa, 56511, Indonesia",Jawa Tengah,Magelang,"Candi Mendut, Magelang, Jawa Tengah",gambar_wisata/Candi_Mendut,"Candi Mendut (bahasa Jawa:  , translit. Candhi Mendut) terletak di Desa Mendut, Kecamatan Mungkid, Kabupaten Magelang, Provimsi Jawa Tengah."
candi,Candi Muara Takus,0.3359614,100.6421489,"Candi Muara Takus, Jalan Simpang Muara Takus - Bandur Picak (Batas Kab. Rokan Hulu), Muara Takus, Kampar, Riau, Sumatera, Indonesia",Riau,Kampar,"Candi Muara Takus, Kampar, Riau",gambar_wisata/Candi_Muara_Takus,"Candi Muara Takus adalah sebuah situs candi Buddha yang terletak di desa Muara Takus, Kecamatan XIII Koto, Kabupaten Kampar, Riau, Indonesia. Situs ini berjarak kurang lebih 135 kilometer dari Kota Pekanbaru."
candi,Candi Muaro Jambi,-1.4795711,103.6559477,"Jalan Candi Muaro Jambi, Muaro Jambi, Jambi, Sumatera, Indonesia",Jambi,Muaro Jambi,"Candi Muaro Jambi, Muaro Jambi, Jambi",gambar_wisata/Candi_Muaro_Jambi,"Jambi adalah sebuah Provinsi di Indonesia yang terletak di pesisir timur, di bagian tengah Pulau Sumatera. Ibukota Provinsi ini berada di Kota Jambi."
candi,Candi Pawon,-7.6061281,110.2195602,"Candi Pawon, Jalan Balaputera Dewa, Wanurejo, Borobudur, Magelang, Jawa Tengah, Jawa, 56553, Indonesia",Jawa Tengah,Magelang,"Candi Pawon, Magelang, Jawa Tengah",gambar_wisata/Candi_Pawon,"Candi Pawon terletak diantara Candi Mendut dan Candi Borobudur, tepat berjarak 1,75 km dari Candi Borobudur dan 1,15 km dari Candi Mendut. Candi Mendut terletak di Dusun Brojonalan, Kelurahan Wanurejo, Kecamatan Borobudur, Kabupaten Magelang, Jawa Tengah."
candi,Candi Penataran,-8.0161052,112.2092511,"Candi Penataran, Jalan Insinyur Soekarno, Kedawung, Blitar, Jawa Timur, Jawa, 66181, Indonesia",Jawa Timur,Blitar,"Candi Penataran, Blitar, Jawa Timur",gambar_wisata/Candi_Penataran,"sCandi Penataran atau nama aslinya adalah Candi Palah adalah sebuah gugusan candi bersifat keagamaan Hindu Siwaitis yang terletak di Desa Penataran, Kecamatan Nglegok, Kabupaten Blitar, Jawa Timur. Candi termegah dan terluas di Jawa Timur ini terletak di lereng barat daya Gunung Kelud, di sebelah utara Blitar, pada ketinggian 450 meter di atas permukaan laut."
candi,Candi Plaosan,-7.74056,110.5045511,"Candi Plaosan Lor, Jalan Prambanan - Manisrenggo, Kebondalem Lor, Klaten, Jawa Tengah, Jawa, 57454, Indonesia",Jawa Tengah,Klaten,"Candi Plaosan, Klaten, Jawa Tengah",gambar_wisata/Candi_Plaosan,"Candi Plaosan (Hanacaraka:  , Candhi Plaosan) adalah sebutan untuk kompleks percandian yang terletak di Dukuh Plaosan, Desa Bugisan, Kecamatan Prambanan, Kabupaten Klaten, Provinsi Jawa Tengah, Indonesia. Candi ini terletak kira-kira satu kilometer ke arah timur-laut dari Candi Sewu atau Candi Prambanan."
candi,Candi Prambanan,-7.7522269,110.4915331,"Candi Prambanan, Jalan Jogja - Solo, Bokoharjo, Prambanan, Sleman, Daerah Istimewa Yogyakarta, Jawa, 57454, Indonesia",Daerah Istimewa Yogyakarta,Sleman,"Candi Prambanan, Sleman, Daerah Istimewa Yogyakarta",gambar_wisata/Candi_Prambanan,"Candi Prambanan (bahasa Jawa:  , translit. Ca i Prambanan) adalah bangunan candi bercorak agama Hindu terbesar di Indonesia yang dibangun pada abad ke-9 Masehi."
candi,Candi Ratu Boko,-7.770512,110.4894642,"Kawasan Candi Ratu Boko, Jalan Piyungan - Prambanan, Bokoharjo, Prambanan, Sleman, Daerah Istimewa Yogyakarta, Jawa, 55572, Indonesia",Daerah Istimewa Yogyakarta,Sleman,"Candi Ratu Boko, Sleman, Daerah Istimewa Yogyakarta",gambar_wisata/Candi_Ratu_Boko,"Daerah Istimewa Yogyakarta, disingkat DI Yogyakarta atau DIY adalah daerah Istimewa setingkat provinsi di Indonesia yang merupakan peleburan dari Negara Kesultanan Yogyakarta dan Negara Kadipaten Paku Alaman dengan ibu kota di Kota Yogyakarta. Daerah Istimewa Yogyakarta terletak di bagian selatan Pulau Jawa, dan berbatasan dengan Provinsi Jawa Tengah dan Samudra Hindia."
candi,Candi Sambisari,-7.7623668,110.446949,"Candi Sambisari, Jalan Masjid II, Purwomartani, Kalasan, Sleman, Daerah Istimewa Yogyakarta, Jawa, 55571, Indonesia",Daerah Istimewa Yogyakarta,Sleman,"Candi Sambisari, Sleman, Daerah Istimewa Yogyakarta",gambar_wisata/Candi_Sambisari,"Daerah Istimewa Yogyakarta, disingkat DI Yogyakarta atau DIY adalah daerah Istimewa setingkat provinsi di Indonesia yang merupakan peleburan dari Negara Kesultanan Yogyakarta dan Negara Kadipaten Paku Alaman dengan ibu kota di Kota Yogyakarta. Daerah Istimewa Yogyakarta terletak di bagian selatan Pulau Jawa, dan berbatasan dengan Provinsi Jawa Tengah dan Samudra Hindia."
candi,Candi Sari,-7.7615065,110.4742174,"Candi Sari, Jalan Jogja - Solo, Kalasan, Tirtomartani, Kalasan, Sleman, Daerah Istimewa Yogyakarta, Jawa, 55571, Indonesia",Daerah Istimewa Yogyakarta,Sleman,"Candi Sari, Sleman, Daerah Istimewa Yogyakarta",gambar_wisata/Candi_Sari,"Daerah Istimewa Yogyakarta, disingkat DI Yogyakarta atau DIY adalah daerah Istimewa setingkat provinsi di Indonesia yang merupakan peleburan dari Negara Kesultanan Yogyakarta dan Negara Kadipaten Paku Alaman dengan ibu kota di Kota Yogyakarta. Daerah Istimewa Yogyakarta terletak di bagian selatan Pulau Jawa, dan berbatasan dengan Provinsi Jawa Tengah dan Samudra Hindia."
candi,Candi Sewu,-7.7443372,110.4928925,"Candi Sewu, Bugisan, Klaten, Jawa Tengah, Jawa, Indonesia",Jawa Tengah,Klaten,"Candi Sewu, Klaten, Jawa Tengah",gambar_wisata/Candi_Sewu,"Candi Sewu (bahasa Jawa:  , translit. Candhi S wu) adalah candi Buddha yang dibangun pada abad ke-8 Masehi yang berjarak sekitar delapan ratus meter di sebelah utara Candi Prambanan."
candi,Candi Singosari,-7.8877283,112.6638852,"Candi Singosari, Jalan Kertanegara, Rogonoto, Candirenggo, Kabupaten Malang, Jawa Timur, Jawa, 65153, Indonesia",Jawa Timur,Kabupaten Malang,"Candi Singosari, Kabupaten Malang, Jawa Timur",gambar_wisata/Candi_Singosari,"Singosari adalah sebuah kecamatan di bagian utara Kabupaten Malang, Provinsi Jawa Timur, Indonesia. Kecamatan ini berada di sebelah utara Kota Malang, kecamatan ini dilintasi jalur utama Surabaya-Malang."
candi,Candi Sojiwan,-7.7608885,110.4961263,"Candi Sojiwan, Jalan Bendo, Kebondalem Kidul, Klaten, Jawa Tengah, Jawa, 57454, Indonesia",Jawa Tengah,Klaten,"Candi Sojiwan, Klaten, Jawa Tengah",gambar_wisata/Candi_Sojiwan,"Candi Sojiwan (Candi Sajiwan) adalah sebuah candi Buddhis yang terletak di desa Kebon Dalem Kidul, kecamatan Prambanan, kabupaten Klaten, Jawa Tengah. Sebuah ciri khas candi ini ialah adanya sekitar 20 relief di kaki candi yang berhubungan dengan cerita-cerita Pancatantra atau Jataka dari India."
candi,Candi Sukuh,-7.6273153,111.1315373,"Candi Sukuh, Jalur Pendakian Gunung Lawu via Tambak, Berjo, Karanganyar, Jawa Tengah, Jawa, Indonesia",Jawa Tengah,Karanganyar,"Candi Sukuh, Karanganyar, Jawa Tengah",gambar_wisata/Candi_Sukuh,"Candi Sukuh  diperkirakan dibangun pada masa akhir Kerajaan Majapahit, yaitu abad ke-15, pada masa pemerintahan Ratu Suhita (1429 1446). Situs Candi Sukuh pertama kali ditemukan oleh Johnson pada tahun 1815 dibawah masa kepemimpinan Jenderal Raffles."
candi,Candi Sumberawan,-7.8553522,112.6448149,"Kompleks Candi Sumberawan, Jalan Wisnu Wardhana, Pondokcandirenggoasri, Candirenggo, Kabupaten Malang, Jawa Timur, Jawa, 65153, Indonesia",Jawa Timur,Kabupaten Malang,"Candi Sumberawan, Kabupaten Malang, Jawa Timur",gambar_wisata/Candi_Sumberawan,"Candi Sumberawan merupakan salah satu candi yang memiliki bentuk yang sangat unik yaitu hanya berupa sebuah stupa, berlokasi di Desa Toyomarto, Kecamatan Singosari, Kabupaten Malang, Jawa Timur. Dengan jarak sekitar 6 km dari Candi Singosari."
candi,Candi Tegowangi,-7.7349327,112.161192,"Candi Tegowangi, Jalan Dahlia, Puhjarak, Plemahan, Kabupaten Kediri, Jawa Timur, Jawa, 64155, Indonesia",Jawa Timur,Kabupaten Kediri,"Candi Tegowangi, Kabupaten Kediri, Jawa Timur",gambar_wisata/Candi_Tegowangi,"Candi Tegowangi merupakan candi yang terletak di Desa Tegowangi, Kecamatan Plemahan, Kabupaten Kediri, Jawa Timur, Indonesia. Menurut Kitab Pararaton, candi ini merupakan tempat pendharmaan Bhre Matahun."
candi,Candi Tikus,-7.5716315,112.4035216,"Candi Tikus, Jalan Raya Gemekan-Gondang, Domas, Trowulan, Mojokerto, Jawa Timur, Jawa, 61362, Indonesia",Jawa Timur,Mojokerto,"Candi Tikus, Mojokerto, Jawa Timur",gambar_wisata/Candi_Tikus,"Candi Tikus adalah sebuah peninggalan dari kerajaan yang bercorak Hindu yang terletak di Kompleks Trowulan, tepatnya di dukuh Dinuk, Desa Temon, Kecamatan Trowulan, Kabupaten Mojokerto, Jawa Timur. Nama  Tikus  hanya merupakan sebutan yang digunakan masyarakat setempat."
candi,Candi Wringin Lawang,-7.5419685,112.3909512,"Candi Wringin Lawang, Jalan Raya Trowulan, Jatipasar, Trowulan, Mojokerto, Jawa Timur, Jawa, 61362, Indonesia",Jawa Timur,Mojokerto,"Candi Wringin Lawang, Mojokerto, Jawa Timur",gambar_wisata/Candi_Wringin_Lawang,"Gapura Wringinlawang adalah sebuah gapura peninggalan kerajaan Majapahit abad ke-14 yang berada di Jatipasar, Kecamatan Trowulan, Kabupaten Mojokerto, Jawa Timur, Indonesia. Bangunan ini terletak tak jauh ke selatan dari jalan utama di Jatipasar."
gunung,Gunung Agung,-8.3428923,115.5072076,"Gunung Agung, Kecamatan Bebandem, Karangasem, Bali, Nusa Tenggara, Indonesia",Bali,Karangasem,"Gunung Agung, Karangasem, Bali",gambar_wisata/Gunung_Agung,"Gunung Agung adalah gunung tertinggi di pulau Bali dengan ketinggian 3.142 mdpl. Gunung berapi ini terletak di Kecamatan Rendang, Kabupaten Karangasem, Bali, Indonesia."
gunung,Gunung Arfak,-1.156944,133.9788709,"Arfak, Manokwari, Papua Barat, Western New Guinea, Indonesia",Papua Barat,Manokwari,"Gunung Arfak, Manokwari, Papua Barat",gambar_wisata/Gunung_Arfak,"Kabupaten Manokwari adalah sebuah kabupaten Indonesia dan sebagai ibu kota dari Provinsi Papua Barat. Kabupaten ini memiliki luas wilayah 3.168,28 km  dan berdasarkan data Kementerian Dalam Negeri akhir 2023, jumlah penduduk kabupaten ini sebanyak 203.191 jiwa."
gunung,Gunung Arjuno,-8.2219,112.7795,"Gunung Arjuno, Bumirejo, Kabupaten Malang, Jawa Timur, Jawa, 65181, Indonesia",Jawa Timur,Kabupaten Malang,"Gunung Arjuno, Kabupaten Malang, Jawa Timur",gambar_wisata/Gunung_Arjuno,"Gunung Arjuno (terkadang dieja Gunung Arjuna) adalah sebuah gunung berapi kerucut (istirahat) di Jawa Timur, Indonesia dengan ketinggian 3.339 m dpl. Gunung Arjuno secara administratif terletak di perbatasan Kota Batu, Kabupaten Malang, dan Kabupaten Pasuruan dan berada di bawah pengelolaan Taman Hutan Raya Raden Soerjo."
gunung,Gunung Batur,-8.2394154,115.3779603,"Gunung Batur, Bangli, Bali, Nusa Tenggara, Indonesia",Bali,Bangli,"Gunung Batur, Bangli, Bali",gambar_wisata/Gunung_Batur,"Gunung Batur adalah sebuah gunung berapi kerucut aktif di Kecamatan Kintamani, Kabupaten Bangli, Bali, Indonesia. Sisi tenggara dari kaldera yang berukuran 10 13 km ini sebagian besar berisi danau kaldera."
gunung,Gunung Batutara,-7.7906463,123.5865811,"Gunung Batu Tara, Lembata, Nusa Tenggara Timur, Nusa Tenggara, Indonesia",Nusa Tenggara Timur,Lembata,"Gunung Batutara, Lembata, Nusa Tenggara Timur",gambar_wisata/Gunung_Batutara,Gunung Batutara adalah gunung dengan jenis stratovolcano yang terletak di Pulau Komba di Laut Flores. Berbagai jenis vegetasi menghiasi gunung Batutara.
gunung,Gunung Bawakaraeng,-4.5352463,120.3231088,"Jalan Gunung Bawakaraeng, Bone ᨅᨚᨊᨙ, Bukaka, Sulawesi Selatan, Sulawesi, 92712, Indonesia",Sulawesi Selatan,Sulawesi,"Gunung Bawakaraeng, Sulawesi, Sulawesi Selatan",gambar_wisata/Gunung_Bawakaraeng,"Sulawesi Selatan (diakronimkan: Sulsel; Lontara:     ) adalah sebuah provinsi di semenanjung bagian selatan pulau Sulawesi, Indonesia. Kepulauan Selayar di bagian selatan pulau Sulawesi juga merupakan bagian dari provinsi tersebut."
gunung,Gunung Betung,1.4,112.333333,"Gunung Betung, Embaloh Hulu, Kapuas Hulu, Kalimantan Barat, Kalimantan, Indonesia",Kalimantan Barat,Kapuas Hulu,"Gunung Betung, Kapuas Hulu, Kalimantan Barat",gambar_wisata/Gunung_Betung,Gunung Kelam adalah gunung yang terletak di Kalimantan Barat. Gunung ini memiliki tanaman endemik kantong semar dari spesies Nepenthes clipeata.
gunung,Gunung Binaiya,-3.1733546,129.4552073,"Gunung Binaiya, Maluku Tengah, Maluku, Indonesia",Maluku,Maluku Tengah,"Gunung Binaiya, Maluku Tengah, Maluku",gambar_wisata/Gunung_Binaiya,"Kabupaten Maluku Tengah adalah salah satu kabupaten di Provinsi Maluku, Indonesia. Ibu kota kabupaten ini terletak di Kecamatan Kota Masohi."
gunung,Gunung Bromo,-7.9420691,112.9529769,"Gunung Bromo, Road to Bromo, Cemoro Lawang, Probolinggo, Jawa Timur, Jawa, 67254, Indonesia",Jawa Timur,Probolinggo,"Gunung Bromo, Probolinggo, Jawa Timur",gambar_wisata/Gunung_Bromo,"Gunung Bromo atau dalam bahasa Tengger dieja ""Brama"", juga disebut Kaldera Tengger, adalah sebuah gunung berapi aktif di Jawa Timur, Indonesia. Gunung ini memiliki ketinggian 2.614 meter di atas permukaan laut dan berada dalam empat wilayah kabupaten, yakni Kabupaten Probolinggo, Kabupaten Pasuruan, Kabupaten Lumajang, dan Kabupaten Malang."
gunung,Gunung Burangrang,-6.7740399,107.5556983,"Gunung Burangrang, Purwakarta, Jawa Barat, Jawa, 40551, Indonesia",Jawa Barat,Purwakarta,"Gunung Burangrang, Purwakarta, Jawa Barat",gambar_wisata/Gunung_Burangrang,"Kabupaten Purwakarta (bahasa Sunda:  ) adalah sebuah wilayah kabupaten yang terletak di Provinsi Jawa Barat, Indonesia. Ibu kota kabupaten ini berada di Kecamatan Purwakarta Kota."
gunung,Gunung Ciremai,-6.8800193,108.4104831,"Taman Nasional Gunung Ciremai, Maniskidul, Kuningan, Jawa Barat, Jawa, Indonesia",Jawa Barat,Kuningan,"Gunung Ciremai, Kuningan, Jawa Barat",gambar_wisata/Gunung_Ciremai,"Gunung Ceremai (sering kali secara salah kaprah dinamakan Ciremai, Latin: Gunung Cerem ) adalah gunung berapi kerucut yang secara administratif termasuk dalam wilayah dua kabupaten, yakni Kabupaten Kuningan dan Kabupaten Cirebon, Provinsi Jawa Barat. Posisi geografis puncaknya terletak pada kordinat 6  53' 30"" LS dan 108  24' 00"" BT, dengan ketinggian 3.078 meter di atas permukaan laut."
gunung,Gunung Dempo,-4.0155065,103.1279874,"Gunung Dempo, Tanjung Sakti Pumi, Lahat, Sumatera Selatan, Sumatera, Indonesia",Sumatera Selatan,Tanjung Sakti Pumi,"Gunung Dempo, Tanjung Sakti Pumi, Sumatera Selatan",gambar_wisata/Gunung_Dempo,"Tanjung Sakti Pumu adalah sebuah kecamatan di Kabupaten Lahat, Sumatera Selatan, Indonesia. Kecamatan Tanjung Sakti Pumu berjarak 97 Km berkendara ke arah barat daya dari pusat Kabupaten Lahat."
gunung,Gunung Egon,-8.6780954,122.4541256,"Gunung Egon, Sikka, Nusa Tenggara Timur, Nusa Tenggara, Indonesia",Nusa Tenggara Timur,Sikka,"Gunung Egon, Sikka, Nusa Tenggara Timur",gambar_wisata/Gunung_Egon,"Gunung Egon adalah sebuah gunung berapi yang terletak di Kabupaten Sikka, Pulau Flores, provinsi Nusa Tenggara Timur, Indonesia. Gunung ini memiliki tinggi 1.703 meter dari permukaan laut."
gunung,Gunung Galunggung,-7.2561523,108.0760925,"Gunung Galunggung, Linggajati, Tasikmalaya, Jawa Barat, Jawa, Indonesia",Jawa Barat,Tasikmalaya,"Gunung Galunggung, Tasikmalaya, Jawa Barat",gambar_wisata/Gunung_Galunggung,"Gunung Galunggung (Aksara Sunda Baku:    ) merupakan gunung api dengan ketinggian 2.240 meter di atas permukaan laut, dengan puncak tertingginya yakni Puncak Beuti Canar yang memiliki ketinggian 2.240 Mdpl. Gunung ini terletak sekitar 17 km dari pusat kota Tasikmalaya, Jawa Barat."
gunung,Gunung Gamalama,0.8098795,127.3323425,"Gunung Gamalama, Ternate, Maluku Utara, Maluku, Indonesia",Maluku Utara,Ternate,"Gunung Gamalama, Ternate, Maluku Utara",gambar_wisata/Gunung_Gamalama,"Gunung Gamalama adalah sebuah Gunung berapi kerucut yang merupakan keseluruhan Pulau Ternate, Kepulauan Maluku, Indonesia. Pulau ini ada di pesisir barat Pulau Halmahera yang ada di bagian utara Kepulauan Maluku."
gunung,Gunung Gamping,-7.669167,111.091667,"Gunung Gamping, Karanglo, Karanganyar, Jawa Tengah, Jawa, 57785, Indonesia",Jawa Tengah,Karanganyar,"Gunung Gamping, Karanganyar, Jawa Tengah",gambar_wisata/Gunung_Gamping,Deskripsi tidak ditemukan
gunung,Gunung Gede,-6.7878411,106.9817166,"Gunung Gede, Cianjur, Jawa Barat, Jawa, Indonesia",Jawa Barat,Cianjur,"Gunung Gede, Cianjur, Jawa Barat",gambar_wisata/Gunung_Gede,"Gunung Gede (Aksara Sunda Baku:    , Gunung Ged , Gunung Gemuruh, bahasa Belanda: Blaauwberg) merupakan sebuah gunung berapi kerucut tipe A yang berada di bagian barat Pulau Jawa, Indonesia. Gunung Gede berada dalam ruang lingkup Taman Nasional Gede Pangrango, yang merupakan salah satu dari lima taman nasional yang pertama kali diumumkan di Indonesia pada tahun 1980."
gunung,Gunung Gede Pangrango,-6.7752118,106.9311234,"Taman Nasional Gunung Gede Pangrango, Kadudampit, Megamendung, Kab Sukabumi, Jawa Barat, Jawa, Indonesia",Jawa Barat,Kab Sukabumi,"Gunung Gede Pangrango, Kab Sukabumi, Jawa Barat",gambar_wisata/Gunung_Gede_Pangrango,"Gunung Salak (Aksara Sunda Baku:    , merupakan kompleks gunung berapi tua yang terletak di selatan Jakarta, di Pulau Jawa. Kawasan rangkaian gunung ini termasuk ke dalam wilayah Kabupaten Sukabumi dan Kabupaten Bogor, Jawa Barat."
gunung,Gunung Guntur,-6.7477791,108.5598827,"Jalan Gunung Guntur D. 15, Kecapi, Harjamukti, Kota Cirebon, Jawa Barat, Jawa, 45142, Indonesia",Jawa Barat,Kota Cirebon,"Gunung Guntur, Kota Cirebon, Jawa Barat",gambar_wisata/Gunung_Guntur,"Gunung Ceremai (sering kali secara salah kaprah dinamakan Ciremai, Latin: Gunung Cerem ) adalah gunung berapi kerucut yang secara administratif termasuk dalam wilayah dua kabupaten, yakni Kabupaten Kuningan dan Kabupaten Cirebon, Provinsi Jawa Barat. Posisi geografis puncaknya terletak pada kordinat 6  53' 30"" LS dan 108  24' 00"" BT, dengan ketinggian 3.078 meter di atas permukaan laut."
gunung,Gunung Halimun Salak National Park,-6.7417746,106.4540374,"Taman Nasional Gunung Halimun-Salak, Lebak, Banten, Jawa, 16696, Indonesia",Banten,Lebak,"Gunung Halimun Salak National Park, Lebak, Banten",gambar_wisata/Gunung_Halimun_Salak_National_Park,"Taman Nasional Gunung Halimun Salak (TNGHS) adalah salah satu taman nasional yang terletak di Jawa Barat. Kawasan konservasi dengan luas 113.357 hektare ini menjadi penting karena melindungi hutan hujan dataran rendah yang terluas di daerah ini, dan sebagai wilayah dengan tangkapan air bagi kabupaten-kabupaten di sekelilingnya."
gunung,Gunung Ijen,-8.0579332,114.2430975,"Gunung Ijen, Banyuwangi, Jawa Timur, Jawa, Indonesia",Jawa Timur,Banyuwangi,"Gunung Ijen, Banyuwangi, Jawa Timur",gambar_wisata/Gunung_Ijen,"Gunung Merapi (2.799 meter dpl) adalah gunung api (istirahat) yang terletak di Jawa Timur, Indonesia. Posisinya berada di dua kabupaten, yaitu Kabupaten Banyuwangi dan Kabupaten Bondowoso."
gunung,Gunung Ile Ape,-8.2727646,123.5067385,"Gunung Lewotolo, Lembata, Nusa Tenggara Timur, Nusa Tenggara, Indonesia",Nusa Tenggara Timur,Lembata,"Gunung Ile Ape, Lembata, Nusa Tenggara Timur",gambar_wisata/Gunung_Ile_Ape,"Provinsi Nusa Tenggara Timur terdiri dari 21 kabupaten, 1 kotamadya, 309 kecamatan, 327 kelurahan, dan 3.026 desa."
gunung,Gunung Inerie,-8.8781,120.9543,"Keli Inerie, Ngada, Nusa Tenggara Timur, Nusa Tenggara, Indonesia",Nusa Tenggara Timur,Ngada,"Gunung Inerie, Ngada, Nusa Tenggara Timur",gambar_wisata/Gunung_Inerie,"Kabupaten Ngada adalah sebuah kabupaten di pulau Flores, provinsi Nusa Tenggara Timur, Indonesia. Ibu kota kabupaten adalah Bajawa."
gunung,Gunung Kaba,4.133333,116.183333,"Gunung Kaba, Nunukan, Kalimantan Utara, Kalimantan, Indonesia",Kalimantan Utara,Nunukan,"Gunung Kaba, Nunukan, Kalimantan Utara",gambar_wisata/Gunung_Kaba,"Gunung Harun adalah gunung yang termasuk di kawasan Taman Nasional Kayan Mentarang, Kecamatan Krayan, Kabupaten Nunukan, Provinsi Kalimantan Utara. Puncaknya pertama kali dicapai oleh Mahasiswa-mahasiswa asal Kota Tarakan yang tergabung UKM Ikatan Mahasiswa Pecinta Alam Universitas Borneo Tarakan ( IMPA UB )."
gunung,Gunung Karacak,-7.2692,107.9719,"Gunung Karacak, Garut, Jawa Barat, Jawa, Indonesia",Jawa Barat,Garut,"Gunung Karacak, Garut, Jawa Barat",gambar_wisata/Gunung_Karacak,"Gunung Cikuray atau Cikurai (Aksara Sunda Baku:    ) adalah sebuah gunung bertipe Stratovolcano yang terletak di Dayeuhmanggung, Kabupaten Garut, Jawa Barat, Indonesia. Gunung Cikuray yang mempunyai ketinggian 2.821 meter di atas permukaan laut ini tidak mempunyai kawah aktif dan merupakan gunung tertinggi keempat di Jawa Barat setelah Gunung Ciremai, Gunung Pangrango dan Gunung Gede."
gunung,Gunung Karang,-6.2731994,106.0468065,"Gunung Karang, Pandeglang, Banten, Jawa, Indonesia",Banten,Pandeglang,"Gunung Karang, Pandeglang, Banten",gambar_wisata/Gunung_Karang,"Gunung Karang adalah sebuah gunung berapi kerucut (Tipe B / istirahat) yang terletak di Kabupaten Pandeglang, Banten, Indonesia. Gunung ini masuk kedalam kelompok Stratovolcano yang memiliki potensi meletus pada masa mendatang."
gunung,Gunung Kelimutu,-8.7651702,121.8133427,"Gunung Kelimutu, Ende, Nusa Tenggara Timur, Nusa Tenggara, Indonesia",Nusa Tenggara Timur,Ende,"Gunung Kelimutu, Ende, Nusa Tenggara Timur",gambar_wisata/Gunung_Kelimutu,Nusa Tenggara Timur (disingkat NTT) adalah sebuah provinsi di Indonesia yang meliputi bagian timur Kepulauan Nusa Tenggara. Ibu kota Nusa Tenggara Timur berada di Kota Kupang.
gunung,Gunung Kelud,-7.9389217,112.3052492,"Gunung Kelud, Blitar, Jawa Timur, Jawa, Indonesia",Jawa Timur,Blitar,"Gunung Kelud, Blitar, Jawa Timur",gambar_wisata/Gunung_Kelud,"Gunung Kelud (dalam aksara jawa:  a) adalah sebuah gunung berapi di Jawa Timur yang hingga sekarang tergolong aktif. Gunung ini berada di perbatasan antara Kabupaten Kediri, Kabupaten Blitar, dan Kabupaten Malang."
gunung,Gunung Kerinci,-1.6971814,101.2646538,"Gunung Kerinci, Kerinci, Jambi, Sumatera, Indonesia",Jambi,Kerinci,"Gunung Kerinci, Kerinci, Jambi",gambar_wisata/Gunung_Kerinci,"Gunung Kerinci (juga dieja dengan ""Kerintji"") adalah gunung tertinggi di pulau Sumatra dan gunung berapi tertinggi di Indonesia juga Asia Tenggara. Gunung Kerinci terletak di perbatasan Kabupaten Kerinci, Jambi dan Kabupaten Solok Selatan, Sumatera Barat, di Pegunungan Bukit Barisan dengan ketinggian 3.805 mdpl."
gunung,Gunung Klabat,1.4530396,125.0312101,"Gunung Klabat, Klabat, Minahasa Utara, Sulawesi Utara, Sulawesi, Indonesia",Sulawesi Utara,Minahasa Utara,"Gunung Klabat, Minahasa Utara, Sulawesi Utara",gambar_wisata/Gunung_Klabat,Gunung Klabat merupakan gunung tertinggi di Provinsi Sulawesi Utara. Puncak ketinggiannya mencapai sekitar 2100 mdpl.
gunung,Gunung Krakatau,-6.1996194,106.9260011,"Jalan Gunung Krakatau V, RW 05, Jatinegara, Cakung, Jakarta Timur, Daerah Khusus ibukota Jakarta, Jawa, 13940, Indonesia",,Jakarta Timur,"Gunung Krakatau, Jakarta Timur, nan",gambar_wisata/Gunung_Krakatau,"Gunung Pasaman adalah gunung yang terletak di Kabupaten Pasaman Barat, Provinsi Sumatera Barat, berdampingan dengan Gunung Talamau. Gunung ini termasuk dalam tipe gunung api tidak aktif, dikenal juga dengan nama Puncak Rajo Imbang Langik, diambil dari nama raja yang pernah berkuasa di daerah tersebut pada zaman dahulu."
gunung,Gunung Latimojong,-3.3786177,120.3047851,"Jalan Gunung Latimojong, Luwu, Balla, Sulawesi Selatan, Sulawesi, Indonesia",Sulawesi Selatan,Sulawesi,"Gunung Latimojong, Sulawesi, Sulawesi Selatan",gambar_wisata/Gunung_Latimojong,"Gunung Latimojong adalah satu nama gunung di kab.Enrekang, Sulawesi Selatan, Indonesia. Gunung Latimojong berada di tengah-tengah Sulawesi Selatan."
gunung,Gunung Lawu,-7.627382,111.1943158,"Gunung Lawu, Karanganyar, Jawa Tengah, Jawa, Indonesia",Jawa Tengah,Karanganyar,"Gunung Lawu, Karanganyar, Jawa Tengah",gambar_wisata/Gunung_Lawu,"Gunung Lawu (Hanacaraka:  ) adalah sebuah gunung berapi aktif yang terletak di Pulau Jawa, tepatnya di perbatasan Jawa Tengah dan Jawa Timur, Indonesia. Gunung Lawu memiliki ketinggian sekitar 3.265 mdpl."
gunung,Gunung Leuser,3.7414545,97.1551334,"Gunung Leuser, Kuta Panjang, Gayo Lues, Aceh, Sumatera, Indonesia",Aceh,Gayo Lues,"Gunung Leuser, Gayo Lues, Aceh",gambar_wisata/Gunung_Leuser,"Gunung Leuser merupakan salah satu puncak dari puncak pegunungan leuser dengan ketinggiannya 3,404 m terletak di sebelah tenggara Aceh. Gunung Leuser terletak di dalam Taman Nasional Gunung Leuser yang mengambil nama gunung ini sebagai namanya."
gunung,Gunung Lokon,1.3641984,124.7992274,"Gunung Lokon, Tomohon, Sulawesi Utara, Sulawesi, 95415, Indonesia",Sulawesi Utara,Tomohon,"Gunung Lokon, Tomohon, Sulawesi Utara",gambar_wisata/Gunung_Lokon,"Gunung Lokon adalah sebuah gunung berapi di dekat Kota Tomohon, Provinsi Sulawesi Utara. Gunung ini memiliki ketinggian 1.580 m dari permukaan laut."
gunung,Gunung Lompobattang,-3.5611708,119.7801217,"Jalan Gunung Lompobattang, Aufaa Residence 4, Galonta, Enrekang, Sulawesi Selatan, Sulawesi, 91711, Indonesia",Sulawesi Selatan,Sulawesi,"Gunung Lompobattang, Sulawesi, Sulawesi Selatan",gambar_wisata/Gunung_Lompobattang,"Gunung Lompobattang terletak di Kabupaten Bantaeng, Sulawesi Selatan, Indonesia. Gunung ini berdekatan dengan Gunung Bawakaraeng."
gunung,Gunung Mahawu,1.3531645,124.8628914,"Gunung Mahawu, Tomohon, Sulawesi Utara, Sulawesi, 95449, Indonesia",Sulawesi Utara,Tomohon,"Gunung Mahawu, Tomohon, Sulawesi Utara",gambar_wisata/Gunung_Mahawu,"Gunung Mahawu adalah gunung berapi stratovolcano yang terletak di timur gunung berapi Gunung Lokon-Gunung Empung di Sulawesi Utara, Indonesia. Sementara di kejauhan tampak Pulau Manado Tua dan pulau-pulau di sekitarnya seolah terapung di laut Sulawesi yang sangat luas."
gunung,Gunung Mandala,-7.262743,109.6908084,"Gunung Mandala, mandala, Banjarnegara, Jawa Tengah, Jawa, Indonesia",Jawa Tengah,Banjarnegara,"Gunung Mandala, Banjarnegara, Jawa Tengah",gambar_wisata/Gunung_Mandala,Jawa Tengah (atau juga diakronimkan sebagai Jateng) adalah sebuah wilayah provinsi di Indonesia yang terletak di bagian tengah Pulau Jawa. Ibu kota Provinsi Jawa Tengah berada di Kota Semarang.
gunung,Gunung Manglayang,-6.8810787,107.7357178,"Jalur Pendakian Gunung Manglayang via Palintang, Cilengkrang, Kabupaten Bandung, Jawa Barat, Jawa, 40616, Indonesia",Jawa Barat,Kabupaten Bandung,"Gunung Manglayang, Kabupaten Bandung, Jawa Barat",gambar_wisata/Gunung_Manglayang,"Gunung Manglayang (Aksara Sunda Baku:    ) adalah sebuah gunung berapi kerucut non-aktif yang terletak di antara Kota Bandung dan Kabupaten Sumedang, Jawa Barat, Indonesia dan memiliki ketinggian sekitar 1818 mdpl. Pemandangannya cukup indah, tetapi gunung ini relatif tidak terlalu tinggi, sehingga kurang dikenal oleh pendaki-pendaki gunung pada umumnya."
gunung,Gunung Masurai,-2.4981564,101.9168192,"Gunung Masurai, Merangin, Jambi, Sumatera, Indonesia",Jambi,Merangin,"Gunung Masurai, Merangin, Jambi",gambar_wisata/Gunung_Masurai,"Gunung Masurai adalah gunung di pulau Sumatra, Indonesia. Gunung tak aktif ini secara administatif terletak dalam tiga wilayah kecamatan di kabupaten Merangin, Jambi, yakni kecamatan Lembah Masurai, Jangkat dan Sungai Tenang."
gunung,Gunung Merapi,-7.5412887,110.4462006,"Gunung Merapi, Hargobinangun, Pakem, Sleman, Daerah Istimewa Yogyakarta, Jawa, Indonesia",Daerah Istimewa Yogyakarta,Hargobinangun,"Gunung Merapi, Hargobinangun, Daerah Istimewa Yogyakarta",gambar_wisata/Gunung_Merapi,"Sleman (bahasa Jawa:  , translit. Sl man; pelafalan dalam bahasa Indonesia: [s leman]) adalah sebuah wilayah kabupaten yang terletak di Provinsi Daerah Istimewa Yogyakarta, Indonesia."
gunung,Gunung Meratus,-0.4213539,116.9809166,"Jalan Gunung Meratus, Melayu, Kutai Kartanegara, Kalimantan Timur, Kalimantan, 75513, Indonesia",Kalimantan Timur,Kutai Kartanegara,"Gunung Meratus, Kutai Kartanegara, Kalimantan Timur",gambar_wisata/Gunung_Meratus,"Kalimantan Timur adalah sebuah Provinsi di pulau Kalimantan, Indonesia. Luas total Kalimantan Timur adalah 127.346,92 km ."
gunung,Gunung Merbabu,-7.4524377,110.4408198,"Gunung Merbabu, Boyolali, Jawa Tengah, Jawa, Indonesia",Jawa Tengah,Boyolali,"Gunung Merbabu, Boyolali, Jawa Tengah",gambar_wisata/Gunung_Merbabu,"Gunung Merbabu (Hanacaraka:  ) adalah gunung api yang bertipe Stratovulcano yang terletak secara geografis pada 7,5  LS dan 110,4  BT. Secara administratif gunung ini berada di wilayah Kabupaten Magelang di lereng sebelah barat dan Kabupaten Boyolali di lereng sebelah timur dan selatan, Kabupaten Semarang di lereng sebelah utara, Provinsi Jawa Tengah.
Gunung Merbabu dikenal melalui naskah-naskah masa pra-Islam sebagai Gunung Damalung:389 atau Gunung Pam(a)rihan.:69,:82  Di lerengnya pernah terdapat pertapaan terkenal yang pernah disinggahi oleh Bujangga Manik pada abad ke-15.:416  Menurut etimologi, ""merbabu"" berasal dari gabungan kata ""meru"" (gunung) dan ""abu"" (abu)."
gunung,Gunung Nona,-5.1443205,119.4230627,"Jalan Gunung Nona Baru, Maradekaya, Makassar, Sulawesi Selatan, Sulawesi, 90141, Indonesia",Sulawesi Selatan,Makassar,"Gunung Nona, Makassar, Sulawesi Selatan",gambar_wisata/Gunung_Nona,"Gunung Buttu atau Buntu Kabobong atau sering disebut dengan Gunung Nona adalah Gunung yang bisa dilihat dengan sudut pandang terbaik dari Bambapuang yang secara administratif terletak di Desa Rossoan Enrekang, kecamatan Enrekang, Kabupaten Enrekang. Gunung tersebut berada di km 16 dari Kota Enrekang, ibu kota Kabupaten Enrekang, atau berada sekitar 240 km di arah utara Kota Makassar."
gunung,Gunung Palung National Park,-1.2137375,110.2375269,"Taman Nasional Gunung Palung, Kayong Utara, Kalimantan Barat, Kalimantan, Indonesia",Kalimantan Barat,Kayong Utara,"Gunung Palung National Park, Kayong Utara, Kalimantan Barat",gambar_wisata/Gunung_Palung_National_Park,"Taman Nasional Gunung Palung (TNGP) adalah taman nasional yang terletak di Kabupaten Kayong Utara dan Kabupaten Ketapang, Kalimantan Barat."
gunung,Gunung Pangrango,-6.7698136,106.9640294,"Gunung Pangrango, Kab Sukabumi, Jawa Barat, Jawa, Indonesia",Jawa Barat,Kab Sukabumi,"Gunung Pangrango, Kab Sukabumi, Jawa Barat",gambar_wisata/Gunung_Pangrango,"Gunung Salak (Aksara Sunda Baku:    , merupakan kompleks gunung berapi tua yang terletak di selatan Jakarta, di Pulau Jawa. Kawasan rangkaian gunung ini termasuk ke dalam wilayah Kabupaten Sukabumi dan Kabupaten Bogor, Jawa Barat."
gunung,Gunung Papandayan,-6.3264787,108.3338984,"Gunung Papandayan, Indramayu, Jawa Barat, Jawa, 45211, Indonesia",Jawa Barat,Indramayu,"Gunung Papandayan, Indramayu, Jawa Barat",gambar_wisata/Gunung_Papandayan,"Kereta api Ciremai adalah layanan kereta api penumpang kelas eksekutif dan ekonomi yang dioperasikan oleh PT Kereta api Indonesia (Persero) dengan melayani relasi Semarang Tawang Bandung melalui lintas utara Jawa (via Cikampek Tegal). 
Nama ""Ciremai"" diambil dari gunung berapi aktif tertinggi di Jawa Barat yang berbatasan dengan Kabupaten Kuningan dan Majalengka, bernama Gunung Ceremai, di mana letak Stasiun Cirebon berada yang merupakan salah satu stasiun pemberhentian dari kereta api ini."
gunung,Gunung Pasi,0.85,109.0,"Gunung Pasi, Singkawang, Kalimantan Barat, Kalimantan, Indonesia",Kalimantan Barat,Singkawang,"Gunung Pasi, Singkawang, Kalimantan Barat",gambar_wisata/Gunung_Pasi,Deskripsi tidak ditemukan
gunung,Gunung Patuha,-7.1610219,107.4000215,"Gunung Patuha, Kabupaten Bandung, Jawa Barat, Jawa, 40973, Indonesia",Jawa Barat,Kabupaten Bandung,"Gunung Patuha, Kabupaten Bandung, Jawa Barat",gambar_wisata/Gunung_Patuha,"Gunung Patuha (bahasa Sunda:    , translit. Gunung Patuha) merupakan sebuah gunung yang terdapat di Rancabali, Ciwidey, Kabupaten Bandung, Jawa Barat yang memiliki ketinggian 2.434 meter."
gunung,Gunung Puncak Jaya,-4.2065192,138.5976675,"Gambu, Lanny Jaya, Papua Pegunungan, Western New Guinea, Indonesia",Papua Pegunungan,Lanny Jaya,"Gunung Puncak Jaya, Lanny Jaya, Papua Pegunungan",gambar_wisata/Gunung_Puncak_Jaya,"Papua Pegunungan adalah sebuah provinsi di Indonesia dengan ibu kota yang berkedudukan di Kabupaten Jayawijaya, tepatnya di perbatasan Walesi dan Wouma. Papua Pegunungan dimekarkan dari provinsi Papua bersama dua provinsi lainnya yakni Papua Selatan dan Papua Tengah pada 30 Juni 2022 berdasarkan Undang-Undang Nomor 16 Tahun 2022."
gunung,Gunung Puntang,-7.466667,107.766667,"Gunung Puntang, Garut, Jawa Barat, Jawa, Indonesia",Jawa Barat,Garut,"Gunung Puntang, Garut, Jawa Barat",gambar_wisata/Gunung_Puntang,Deskripsi tidak ditemukan
gunung,Gunung Putri Lembang,-6.795556,107.635833,"Gunung Putri, Lembang, Bandung Barat, Jawa Barat, Jawa, 40931, Indonesia",Jawa Barat,Bandung Barat,"Gunung Putri Lembang, Bandung Barat, Jawa Barat",gambar_wisata/Gunung_Putri_Lembang,"Jawa Barat (diakronimkan sebagai Jabar) adalah provinsi yang terletak di Pulau Jawa, Indonesia. Provinsi ini beribu kota di Kota Bandung."
gunung,Gunung Rajabasa,-5.7815291,105.6273999,"Gunung Rajabasa, Lampung Selatan, Lampung, Sumatera, 35592, Indonesia",Lampung,Lampung Selatan,"Gunung Rajabasa, Lampung Selatan, Lampung",gambar_wisata/Gunung_Rajabasa,"Gunung Rajabasa (Abung:  ) adalah gunung berapi dengan kerucut vulkanik yang terdapat di Selat Sunda di bagian tenggara dari Sumatra, terletak di Kabupaten Lampung Selatan, Provinsi Lampung. Memiliki puncak kawah dengan lebar 500x700 meter dengan bagian daratan berawa, gunung berapi diselimuti dengan berbagai vegetasi."
gunung,Gunung Raung,-8.119636,114.055025,"Gunung Raung, Bondowoso, Jawa Timur, Jawa, Indonesia",Jawa Timur,Bondowoso,"Gunung Raung, Bondowoso, Jawa Timur",gambar_wisata/Gunung_Raung,"Gunung Raung adalah gunung berapi kerucut yang terletak di ujung timur Pulau Jawa, Indonesia. Secara administratif, kawasan gunung ini termasuk dalam wilayah tiga kabupaten di wilayah Besuki, Jawa Timur, yaitu Banyuwangi, Bondowoso, dan Jember."
gunung,Gunung Raya,0.866667,109.066667,"Gunung Raya, Singkawang, Kalimantan Barat, Kalimantan, Indonesia",Kalimantan Barat,Singkawang,"Gunung Raya, Singkawang, Kalimantan Barat",gambar_wisata/Gunung_Raya,"Kota Singkawang atau Sakawokng dalam bahasa Dayak Salako atau San-Khew-Jong (bahasa Hakka:  ) adalah sebuah kota yang terletak di provinsi Kalimantan Barat, Indonesia. Kota ini terletak di sekitar 145 km sebelah utara dari ibu kota provinsi, Kota Pontianak, dan dikelilingi oleh pegunungan Pasi, Poteng, dan Sakkok."
gunung,Gunung Rinjani,-8.4117272,116.4581059,"Rinjani, Lombok Timur, Nusa Tenggara Barat, Nusa Tenggara, Indonesia",Nusa Tenggara Barat,nan,"Gunung Rinjani, nan, Nusa Tenggara Barat",gambar_wisata/Gunung_Rinjani,"Tetebatu adalah sebuah desa di wilayah Kecamatan Sikur, Kabupaten Lombok Timur, Provinsi Nusa Tenggara Barat, Indonesia.
Desa Wisata Tetebatu
Desa wisata Tetebatu berada di wilayah Kecamatan Sikur, Kabupaten Lombok Timur, Provinsi Nusa Tenggara Barat, dengan jarak tempuh sekitar 2 Jam dari Kota Mataram."
gunung,Gunung Salak,-6.7136069,106.7385402,"Gunung Salak, Tamansari, Kab Bogor, Jawa Barat, Jawa, Indonesia",Jawa Barat,Kab Bogor,"Gunung Salak, Kab Bogor, Jawa Barat",gambar_wisata/Gunung_Salak,"Gunung Salak (Aksara Sunda Baku:    , merupakan kompleks gunung berapi tua yang terletak di selatan Jakarta, di Pulau Jawa. Kawasan rangkaian gunung ini termasuk ke dalam wilayah Kabupaten Sukabumi dan Kabupaten Bogor, Jawa Barat."
gunung,Gunung Saran,-0.416667,111.3,"Gunung Saran, Tempunak, Sintang, Kalimantan Barat, Kalimantan, Indonesia",Kalimantan Barat,Sintang,"Gunung Saran, Sintang, Kalimantan Barat",gambar_wisata/Gunung_Saran,Deskripsi tidak ditemukan
gunung,Gunung Semeru,-8.1078426,112.92248,"Gunung Semeru, Lumajang, Jawa Timur, Jawa, Indonesia",Jawa Timur,Lumajang,"Gunung Semeru, Lumajang, Jawa Timur",gambar_wisata/Gunung_Semeru,"Gunung Semeru atau Gunung Meru adalah sebuah gunung berapi kerucut di Jawa Timur, Indonesia. Gunung Semeru merupakan gunung tertinggi di Pulau Jawa, dengan puncaknya Mahameru, 3.676 meter dari permukaan laut (mdpl)."
gunung,Gunung Sibayak,3.2393517,98.5047584,"Gunung Sibayak, Karo, Sumatera Utara, Sumatera, 22156, Indonesia",Sumatera Utara,Karo,"Gunung Sibayak, Karo, Sumatera Utara",gambar_wisata/Gunung_Sibayak,"Gunung Sibayak (bahasa Batak Karo: Deleng Sibayak) adalah sebuah gunung di Kabupaten Karo, Sumatera Utara. Masyarakat Karo menyebut gunung Sibayak dengan sebutan ""gunung raja""."
gunung,Gunung Sinabung,3.1709534,98.3920481,"Gunung Sinabung, Karo, Sumatera Utara, Sumatera, Indonesia",Sumatera Utara,Karo,"Gunung Sinabung, Karo, Sumatera Utara",gambar_wisata/Gunung_Sinabung,"Gunung Sinabung (bahasa Batak Karo: Deleng Sinabung) adalah gunung api di Dataran Tinggi Karo, Kabupaten Karo, Sumatera Utara, Indonesia. Sinabung bersama Gunung Sibayak di dekatnya adalah dua gunung berapi aktif di Sumatera Utara dan menjadi puncak tertinggi ke 2 di provinsi Sumatera Utara setelah Gunung Sibuatan."
gunung,Gunung Sindoro,-7.3011387,109.9966992,"Gunung Sindoro, Wonosobo, Jawa Tengah, Jawa, Indonesia",Jawa Tengah,Wonosobo,"Gunung Sindoro, Wonosobo, Jawa Tengah",gambar_wisata/Gunung_Sindoro,"Gunung Sindoro atau Gunung Sundoro (puncak ketinggian 3.153 mdpl) (bahasa Jawa:  , translit. Gunung Sundara) merupakan sebuah gunung stratovolcano aktif yang terletak di Jawa Tengah, Indonesia, dengan Temanggung sebagai kota terdekat."
gunung,Gunung Slamet,-7.2414693,109.2149699,"Gunung Slamet, Pemalang, Jawa Tengah, Jawa, Indonesia",Jawa Tengah,Pemalang,"Gunung Slamet, Pemalang, Jawa Tengah",gambar_wisata/Gunung_Slamet,Jawa Tengah (atau juga diakronimkan sebagai Jateng) adalah sebuah wilayah provinsi di Indonesia yang terletak di bagian tengah Pulau Jawa. Ibu kota Provinsi Jawa Tengah berada di Kota Semarang.
gunung,Gunung Soputan,1.121651,124.741586,"Gunung Soputan, Minahasa, Sulawesi Utara, Sulawesi, Indonesia",Sulawesi Utara,Sulawesi,"Gunung Soputan, Sulawesi, Sulawesi Utara",gambar_wisata/Gunung_Soputan,"Sulawesi Utara (disingkat Sulut) adalah salah satu  provinsi yang terletak di ujung utara Pulau Sulawesi, Indonesia, dengan ibu kota terletak di kota Manado. Sulawesi Utara atau Sulut berbatasan dengan Laut Maluku dan Samudra Pasifik di sebelah timur, Laut Maluku dan Teluk Tomini di sebelah selatan, Laut Sulawesi dan Provinsi Gorontalo di sebelah barat, dan Provinsi Davao Occidental di sebelah utara."
gunung,Gunung Sumbing,-7.3818933,110.0758185,"Gunung Sumbing, Temanggung, Jawa Tengah, Jawa, Indonesia",Jawa Tengah,Temanggung,"Gunung Sumbing, Temanggung, Jawa Tengah",gambar_wisata/Gunung_Sumbing,"Gunung Sumbing (Ketinggian puncak 3.371 mdpl) adalah gunung berapi kerucut yang terdapat di Jawa Tengah, Indonesia. Gunung Sumbing merupakan gunung tertinggi ketiga di Pulau Jawa setelah Gunung Semeru dan Gunung Slamet."
gunung,Gunung Talang,-0.9781239,100.6820609,"Gunung Talang, Solok, Sumatera Barat, Sumatera, Indonesia",Sumatera Barat,Solok,"Gunung Talang, Solok, Sumatera Barat",gambar_wisata/Gunung_Talang,"Gunuang Talang adalah sebuah kecamatan di Kabupaten Solok, Sumatera Barat. Pusat pemerintahan kecamatan ini berada di nagari Talang."
gunung,Gunung Tambora,-8.2466913,117.9584724,"Gunung Tambora, Bima, Nusa Tenggara Barat, Nusa Tenggara, Indonesia",Nusa Tenggara Barat,nan,"Gunung Tambora, nan, Nusa Tenggara Barat",gambar_wisata/Gunung_Tambora,"Gunung Pasaman adalah gunung yang terletak di Kabupaten Pasaman Barat, Provinsi Sumatera Barat, berdampingan dengan Gunung Talamau. Gunung ini termasuk dalam tipe gunung api tidak aktif, dikenal juga dengan nama Puncak Rajo Imbang Langik, diambil dari nama raja yang pernah berkuasa di daerah tersebut pada zaman dahulu."
gunung,Gunung Tambrauw,-1.0278609,132.5288679,"Gunung Kabek, Tambrauw, Papua Barat Daya, Western New Guinea, Indonesia",Papua Barat Daya,Tambrauw,"Gunung Tambrauw, Tambrauw, Papua Barat Daya",gambar_wisata/Gunung_Tambrauw,"Kabupaten Tambrauw adalah salah satu kabupaten di provinsi Papua Barat Daya, Indonesia yang terbentuk di tahun 2008. Pusat pemerintahan atau ibukota berada di Fef."
gunung,Gunung Tampomas,-6.7637152,107.9605847,"Gunung Tampomas, Sumedang, Jawa Barat, Jawa, Indonesia",Jawa Barat,Sumedang,"Gunung Tampomas, Sumedang, Jawa Barat",gambar_wisata/Gunung_Tampomas,"Tampomas (Aksara Sunda Baku:    ) adalah sebuah gunung berapi andesit yang terletak di Jawa Barat, tepatnya di sebelah utara kawasan perkotaan Sumedang (6.77 S 107.95 E  / -6.77; 107.95). Stratovolkano dengan ketinggian 1684 meter di atas permukaan laut ini memiliki aliran lava aktif di sisi timur lerengnya."
gunung,Gunung Tangkuban Perahu,-8.6724148,115.1702225,"Jalan Gunung Tangkuban Perahu, Kerobokan Kelod, Kuta Utara, Badung, Bali, Nusa Tenggara, 08361, Indonesia",Bali,Badung,"Gunung Tangkuban Perahu, Badung, Bali",gambar_wisata/Gunung_Tangkuban_Perahu,Deskripsi tidak ditemukan
gunung,Gunung Ternate,0.8098795,127.3323425,"Gunung Gamalama, Ternate, Maluku Utara, Maluku, Indonesia",Maluku Utara,Ternate,"Gunung Ternate, Ternate, Maluku Utara",gambar_wisata/Gunung_Ternate,Kesultanan Ternate atau juga dikenal dengan Kerajaan Gapi adalah salah satu dari 4 kerajaan Islam di Kepulauan Maluku dan merupakan salah satu kerajaan Islam tertua di Nusantara. Didirikan oleh Baab Mashur Malamo pada tahun 1257.
gunung,Gunung Tilu,-7.533333,107.933333,"Gunung Tilu, Garut, Jawa Barat, Jawa, Indonesia",Jawa Barat,Garut,"Gunung Tilu, Garut, Jawa Barat",gambar_wisata/Gunung_Tilu,"Gunung Cikuray atau Cikurai (Aksara Sunda Baku:    ) adalah sebuah gunung bertipe Stratovolcano yang terletak di Dayeuhmanggung, Kabupaten Garut, Jawa Barat, Indonesia. Gunung Cikuray yang mempunyai ketinggian 2.821 meter di atas permukaan laut ini tidak mempunyai kawah aktif dan merupakan gunung tertinggi keempat di Jawa Barat setelah Gunung Ciremai, Gunung Pangrango dan Gunung Gede."
gunung,Gunung Welirang,-7.7326,112.5747,"Gunung Welirang, Pacet, Mojokerto, Jawa Timur, Jawa, Indonesia",Jawa Timur,Mojokerto,"Gunung Welirang, Mojokerto, Jawa Timur",gambar_wisata/Gunung_Welirang,"Gunung Welirang adalah sebuah gunung berapi aktif dengan ketinggian 3.156 mdpl yang secara administratif terletak di perbatasan Kota Batu, Kabupaten Pasuruan, dan Kabupaten Mojokerto, Jawa Timur, Indonesia. Gunung Welirang berada dalam pengelolaan Taman Hutan Raya Raden Soerjo."
gunung,Gunung Wilis,-7.820585,111.7571632,"Gunung Wilis, Ponorogo, Jawa Timur, Jawa, Indonesia",Jawa Timur,Ponorogo,"Gunung Wilis, Ponorogo, Jawa Timur",gambar_wisata/Gunung_Wilis,"Gunung Wilis atau  Pegunungan Wilis adalah  gunung berapi Tipe B yang sudah lama tidak aktif dan terletak di Jawa Timur, Indonesia. Pegunungan Wilis merupakan gabungan dari banyak puncak gunung, salah satunya yang tertinggi bernama Puncak Trogati dengan ketinggian 2.563 meter di atas permukaan laut (mdpl), Pegunungan Wilis termasuk dalam wilayah enam kabupaten yaitu Kabupaten Kediri, Kabupaten Tulungagung, Kabupaten Nganjuk, Kabupaten Madiun, Kabupaten Ponorogo, dan Kabupaten Trenggalek."
kebun binatang,Bali Bird Park,-8.6001941,115.2509922,"Bali Bird Park, Jalan Piakan I, Singapadu, Gianyar, Bali, Nusa Tenggara, 80238, Indonesia",Bali,Gianyar,"Bali Bird Park, Gianyar, Bali",gambar_wisata/Bali_Bird_Park,"Kabupaten Gianyar (bahasa Bali: aksara Bali:  , translit. gya a ) adalah sebuah wilayah kabupaten yang terletak di provinsi Bali, Indonesia."
kebun binatang,Bali Zoo,-8.5912841,115.2645589,"Bali Zoo, Jalan Jaga Raga, Singapadu, Gianyar, Bali, Nusa Tenggara, 80582, Indonesia",Bali,Gianyar,"Bali Zoo, Gianyar, Bali",gambar_wisata/Bali_Zoo,"Kabupaten Gianyar (bahasa Bali: aksara Bali:  , translit. gya a ) adalah sebuah wilayah kabupaten yang terletak di provinsi Bali, Indonesia."
kebun binatang,Kebun Binatang Bandung,-6.8911349,107.6069181,"Kebun Binatang Bandung, 6, Jalan Taman Sari, Taman Utara, Lebak Siliwangi, Coblong, Kota Bandung, Jawa Barat, Jawa, 40131, Indonesia",Jawa Barat,Kota Bandung,"Kebun Binatang Bandung, Kota Bandung, Jawa Barat",gambar_wisata/Kebun_Binatang_Bandung,"Kota Bandung (bahasa Sunda:    , Pegon:  , Hanzi:  , translit. Bandung; pelafalan dalam bahasa Indonesia: [ban.du ] ) adalah sebuah kota sekaligus menjadi ibu kota provinsi di Provinsi Jawa Barat, Indonesia."
kebun binatang,Kebun Binatang Cikembulan Garut,-7.0841178,107.9155195,"Taman Satwa Cikembulan

Kebun Binatang Cikembulan, Gang Melati, Cisaat, Neglasari, Kadungora, Garut, Jawa Barat, Jawa, 44152, Indonesia",Jawa Barat,Neglasari,"Kebun Binatang Cikembulan Garut, Neglasari, Jawa Barat",gambar_wisata/Kebun_Binatang_Cikembulan_Garut,Deskripsi tidak ditemukan
kebun binatang,Kebun Binatang Gembira Loka,-7.8055166,110.3970178,"Kebun Binatang Gembira Loka, 2, Jalan Kebun Raya, Rejowinangun, Kotagede, Kota Yogyakarta, Daerah Istimewa Yogyakarta, Jawa, 55171, Indonesia",Daerah Istimewa Yogyakarta,Kota Yogyakarta,"Kebun Binatang Gembira Loka, Kota Yogyakarta, Daerah Istimewa Yogyakarta",gambar_wisata/Kebun_Binatang_Gembira_Loka,"Kota Yogyakarta (bahasa Jawa:  , translit. Ngayogyakarta, pengucapan bahasa Jawa: [ku   ajogj kart ], atau dikenal oleh masyarakat setempat dengan sebutan nama Yogya atau Jogja) adalah ibu kota sekaligus pusat pemerintahan dan perekonomian dari provinsi Daerah Istimewa Yogyakarta, Indonesia."
kebun binatang,Kebun Binatang Kaltim Samarinda,-0.4469975,117.2089424,"Kebun Binatang Mini, Samarinda Bontang Road, Tanah Merah, Samarinda Utara, Samarinda, Kalimantan Timur, Kalimantan, 75118, Indonesia",Kalimantan Timur,Samarinda,"Kebun Binatang Kaltim Samarinda, Samarinda, Kalimantan Timur",gambar_wisata/Kebun_Binatang_Kaltim_Samarinda,"Samarinda merupakan kota sekaligus ibu kota provinsi dari Provinsi Kalimantan Timur, Indonesia. Kota ini juga merupakan kota dengan penduduk terbesar di Pulau Kalimantan, yaitu dengan jumlah penduduk sebanyak 881.225 jiwa (2024)."
kebun binatang,Kebun Binatang Kasang Kulim Pekanbaru,0.4189627,101.4062602,"Taman Marga Satwa Kasang Kulim, Jalan Kebun Binatang, Pekanbaru, Kampar, Riau, Sumatera, 25258, Indonesia",Riau,Pekanbaru,"Kebun Binatang Kasang Kulim Pekanbaru, Pekanbaru, Riau",gambar_wisata/Kebun_Binatang_Kasang_Kulim_Pekanbaru,Deskripsi tidak ditemukan
kebun binatang,Kebun Binatang Medan,3.482373,98.6445839,"Kebun Binatang Medan, Namo Mbelin, Deli Serdang, Sumatera Utara, Sumatera, Indonesia",Sumatera Utara,Deli Serdang,"Kebun Binatang Medan, Deli Serdang, Sumatera Utara",gambar_wisata/Kebun_Binatang_Medan,"Medan Tuntungan adalah salah satu kecamatan dari 21 kecamatan yang berada di wilayah Kota Medan, Provinsi Sumatera Utara, Indonesia.
Kecamatan Medan Tuntungan berbatasan dengan Kabupaten Deli Serdang di sebelah barat dan selatan, Kecamatan Medan Johor di sebelah timur, dan Kecamatan Medan Selayang di sebelah utara."
kebun binatang,Kebun Binatang Medan Zoo,3.482373,98.6445839,"Kebun Binatang Medan, Namo Mbelin, Deli Serdang, Sumatera Utara, Sumatera, Indonesia",Sumatera Utara,Deli Serdang,"Kebun Binatang Medan Zoo, Deli Serdang, Sumatera Utara",gambar_wisata/Kebun_Binatang_Medan_Zoo,Silakan kunjungi Pariwisata di Indonesia untuk informasi lebih lengkap.
kebun binatang,Kebun Binatang Surabaya,-7.2957723,112.7358105,"Kebun Binatang Surabaya, 1, Jalan Setail, RW 05, Darmo, Wonokromo, Surabaya, Jawa Timur, Jawa, 60421, Indonesia",Jawa Timur,Surabaya,"Kebun Binatang Surabaya, Surabaya, Jawa Timur",gambar_wisata/Kebun_Binatang_Surabaya,"Kebun Binatang Surabaya (Dialek Arekan: Kebon Binatang Suroboyo, disingkat KBS) adalah salah satu kebun binatang yang populer di Indonesia dan terletak di Surabaya. KBS merupakan kebun binatang yang pernah terlengkap se-Asia Tenggara, di dalamnya terdapat lebih dari 230 spesies satwa yang berbeda yang terdiri lebih dari 2179 ekor satwa."
kebun binatang,Medan Zoo,3.482373,98.6445839,"Kebun Binatang Medan, Namo Mbelin, Deli Serdang, Sumatera Utara, Sumatera, Indonesia",Sumatera Utara,Deli Serdang,"Medan Zoo, Deli Serdang, Sumatera Utara",gambar_wisata/Medan_Zoo,Deskripsi tidak ditemukan
kebun binatang,Monkey Forest Ubud,-8.5187858,115.2608458,"Monkey Forest Ubud, Monkey Forest, Ubud, Kecamatan Ubud, Gianyar, Bali, Nusa Tenggara, 80571, Indonesia",Bali,Gianyar,"Monkey Forest Ubud, Gianyar, Bali",gambar_wisata/Monkey_Forest_Ubud,"Kecamatan Ubud (Aksara Bali:    )  adalah sebuah kecamatan di Kabupaten Gianyar, Provinsi Bali, Indonesia. Luasnya adalah 42,38 km .Ubud terkenal diantara para wisatawan mancanegaranya."
kebun binatang,Sacred Monkey Forest Sanctuary,-8.5187349,115.2583202,"Mandala Wisata Wenara Wana, Ubud, Kecamatan Ubud, Gianyar, Bali, Nusa Tenggara, 80571, Indonesia",Bali,Gianyar,"Sacred Monkey Forest Sanctuary, Gianyar, Bali",gambar_wisata/Sacred_Monkey_Forest_Sanctuary,"Pura Dalem Agung Padangtegal merupakan salah satu dari tiga pura Hindu yang berlokasi di Suaka Hutan Kera Suci yang bernama Ubud Monkey Forest di kompleks Mandala Wisata Wenara Wana, Padangtegal, Kecamatan Ubud, Kabupaten Gianyar, Provinsi Bali, Indonesia.
Juga disebut ""Kuil Utama,"" Pura Dalem Agung Padangtegal terletak di bagian barat daya kawasan Hutan Kera Ubud dan digunakan untuk menyembah dewa Hyang Widhi sebagai personifikasi dari dewa Siwa."
kebun binatang,Taman Margasatwa dan Budaya Kinantan,-0.3006639,100.3698926,"Bukittinggi Kinantan Zoo, Kampuang Cino, Benteng Pasa Ateh, Bukittinggi, Sumatera Barat, Sumatera, Indonesia",Sumatera Barat,Bukittinggi,"Taman Margasatwa dan Budaya Kinantan, Bukittinggi, Sumatera Barat",gambar_wisata/Taman_Margasatwa_dan_Budaya_Kinantan,"Taman Margasatwa dan Budaya Kinantan atau lebih dikenal dengan nama Kebun Binatang Bukittinggi terletak di atas Bukit Cubadak Bungkuak, Bukittinggi, Sumatera Barat, Indonesia. Kebun binatang ini merupakan salah satu kebun binatang tertua yang ada di Indonesia dan satu-satunya di Sumatera Barat, dengan koleksi hewan terlengkap di Pulau Sumatra."
kebun binatang,Taman Margasatwa Semarang,-6.9703808,110.2885067,"Taman Margasatwa Semarang, Jalan Jenderal Urip Sumoharjo, RW 01, Wonosari, Ngaliyan, Kota Semarang, Kendal, Jawa Tengah, Jawa, 51372, Indonesia",Jawa Tengah,Kota Semarang,"Taman Margasatwa Semarang, Kota Semarang, Jawa Tengah",gambar_wisata/Taman_Margasatwa_Semarang,"Jawa Timur (atau juga diakronimkan sebagai Jatim) adalah sebuah wilayah provinsi yang terletak di bagian timur Pulau Jawa, Indonesia. Ibu kotanya adalah Kota Surabaya."
kebun binatang,Taman Safari Indonesia Bogor,-6.7201709,106.9519528,"Taman Safari Indonesia, Jalan Alternatif Gunung Mas, Cisarua, Kab Bogor, Jawa Barat, Jawa, 16750, Indonesia",Jawa Barat,Kab Bogor,"Taman Safari Indonesia Bogor, Kab Bogor, Jawa Barat",gambar_wisata/Taman_Safari_Indonesia_Bogor,
kebun binatang,Taman Satwa Banjarmasin,-3.3080067,114.6033845,"Taman Satwa Banjarmasin Bungas, Jalan Jahri Saleh, Sungai Jingah, Banjarmasin Utara, Banjarmasin, Kalimantan Selatan, Kalimantan, 70121, Indonesia",Kalimantan Selatan,Banjarmasin,"Taman Satwa Banjarmasin, Banjarmasin, Kalimantan Selatan",gambar_wisata/Taman_Satwa_Banjarmasin,"Kalimantan Selatan  adalah sebuah provinsi yang berada di pulau Kalimantan, Indonesia. Sejak 16 Maret 2022, ibu kota provinsi ini resmi dipindah ke Kota Banjarbaru untuk menggantikan Kota Banjarmasin."
lembah,Lembah Anai Sumatera Barat,-0.4834651,100.3381845,"Lembah Anai, X Koto, Tanah Datar, Sumatera Barat, Sumatera, Indonesia",Sumatera Barat,Tanah Datar,"Lembah Anai Sumatera Barat, Tanah Datar, Sumatera Barat",gambar_wisata/Lembah_Anai_Sumatera_Barat,"Sumatera Barat (diakronimkan: Sumbar) adalah sebuah provinsi di Indonesia yang terletak di Pulau Sumatra dengan ibu kota Padang. Provinsi Sumatera Barat terletak sepanjang pesisir barat Sumatra bagian tengah, dataran tinggi Bukit Barisan di sebelah timur, dan sejumlah pulau di lepas pantainya seperti Kepulauan Mentawai."
lembah,Lembah Baliem Papua,-3.9874041,138.8773432,"Lembah Baliem Raya, Siapma, Musatfak, Jayawijaya, Papua Pegunungan, Western New Guinea, Indonesia",Papua Pegunungan,Jayawijaya,"Lembah Baliem Papua, Jayawijaya, Papua Pegunungan",gambar_wisata/Lembah_Baliem_Papua,"Papua Pegunungan adalah sebuah provinsi di Indonesia dengan ibu kota yang berkedudukan di Kabupaten Jayawijaya, tepatnya di perbatasan Walesi dan Wouma. Papua Pegunungan dimekarkan dari provinsi Papua bersama dua provinsi lainnya yakni Papua Selatan dan Papua Tengah pada 30 Juni 2022 berdasarkan Undang-Undang Nomor 16 Tahun 2022."
lembah,Lembah Harau Sumatera Barat,-0.1006493,100.6637256,"Cagar Alam Lembah Harau, Lima Puluh Kota, Sumatera Barat, Sumatera, Indonesia",Sumatera Barat,Lima Puluh Kota,"Lembah Harau Sumatera Barat, Lima Puluh Kota, Sumatera Barat",gambar_wisata/Lembah_Harau_Sumatera_Barat,"Sumatera Barat (diakronimkan: Sumbar) adalah sebuah provinsi di Indonesia yang terletak di Pulau Sumatra dengan ibu kota Padang. Provinsi Sumatera Barat terletak sepanjang pesisir barat Sumatra bagian tengah, dataran tinggi Bukit Barisan di sebelah timur, dan sejumlah pulau di lepas pantainya seperti Kepulauan Mentawai."
lembah,Lembah Pinus Cianjur,-6.7161611,107.009978,"Arra Lembah Pinus Hotel, Gang Perintis, Kampung Parabo, Ciloto, Cianjur, Jawa Barat, Jawa, 43253, Indonesia",Jawa Barat,Cianjur,"Lembah Pinus Cianjur, Cianjur, Jawa Barat",gambar_wisata/Lembah_Pinus_Cianjur,"Kecelakaan kereta api (KKA) atau disebut juga peristiwa luar biasa hebat (PLH) adalah segala kejadian pada jalur kereta api yang merupakan gangguan atau membahayakan keamanan perjalanan kereta api atau membahayakan keselamatan orang yang disebabkan oleh karena gerak kereta api yang mengakibat kegagalan operasi kereta api. Sedangkan definisi KKA menurut  Komite Nasional kecelakaan transportasi (KNKT), adalah peristiwa atau kejadian pengoperasian sarana transportasi perkeretaapian yang mengakibatkan kerusakan sarana transportasi, korban jiwa, atau kerugian harta benda."
lembah,Lembah Sari Pekanbaru,0.5719251,101.4738236,"Lembah Sari, Rumbai Timur, Pekanbaru, Pekanbaru Kota, Riau, Sumatera, 26286, Indonesia",Riau,Pekanbaru,"Lembah Sari Pekanbaru, Pekanbaru, Riau",gambar_wisata/Lembah_Sari_Pekanbaru,"Kota Pekanbaru (Jawi:  ) adalah ibu kota dan kota terbesar di Provinsi Riau, Indonesia. Kota ini merupakan salah satu sentra ekonomi terbesar di pulau Sumatra dan termasuk kota dengan tingkat pertumbuhan, migrasi, dan urbanisasi yang tinggi."
mall,23 Paskal Shopping Center,-6.915388,107.5943024,"23 Paskal Shopping Center, 25-27, Jalan Kebon Jati, Ciroyom, Andir, Kota Bandung, Jawa Barat, Jawa, 40181, Indonesia",Jawa Barat,Kota Bandung,"23 Paskal Shopping Center, Kota Bandung, Jawa Barat",gambar_wisata/23_Paskal_Shopping_Center,"23 Paskal Shopping Center (dikenal 23 Paskal)  adalah pusat perbelanjaan yang terletak di kompleks Paskal Hyper Square, Bandung dengan luas NLA sebesar 40.000 m . Bangunan ini terbagi menjadi 3 bagian yaitu: mal 23 Paskal 3 lantai, Binus University 12 lantai, dan hotel Yello!"
mall,AEON Mall BSD,-6.3044091,106.6441572,"ÆON Mall, Jalan BSD Raya Utama, BSD City, Pagedangan, Kabupaten Tangerang, Banten, Jawa, 15345, Indonesia",Banten,Kabupaten Tangerang,"AEON Mall BSD, Kabupaten Tangerang, Banten",gambar_wisata/AEON_Mall_BSD,"ON Mall BSD City (atau biasa disebut juga  ON Mall BSD) adalah sebuah pusat perbelanjaan yang terletak di kawasan kota mandiri BSD City, Pagedangan, Kabupaten Tangerang, Banten."
mall,Bali Mall,-8.7282188,115.1680137,"Discovery Mall Bali, Jalan Kartika Plaza, Kuta, Badung, Bali, Nusa Tenggara, 80361, Indonesia",Bali,Badung,"Bali Mall, Badung, Bali",gambar_wisata/Bali_Mall,Deskripsi tidak ditemukan
mall,Bali Nusa Dua Center,-8.7960663,115.2259078,"Bali Nusa Dua Convention Center, 68, Jalan Pratama, Nusa Dua, Benoa, Kuta Selatan, Badung, Bali, Nusa Tenggara, 80362, Indonesia",Bali,Badung,"Bali Nusa Dua Center, Badung, Bali",gambar_wisata/Bali_Nusa_Dua_Center,Deskripsi tidak ditemukan
mall,Balikpapan Plaza,-1.2781938,116.8398348,"The Plaza Balikpapan, Jalan Jenderal Sudirman, Klandasan Ilir, Balikpapan Kota, Balikpapan, Kalimantan Timur, Kalimantan, 76121, Indonesia",Kalimantan Timur,Balikpapan,"Balikpapan Plaza, Balikpapan, Kalimantan Timur",gambar_wisata/Balikpapan_Plaza,"Plaza Balikpapan adalah pusat perbelanjaan yang ada di Balikpapan. Didirikan pada tahun 1992, Plaza Balikpapan merupakan mal pertama yang ada di Balikpapan."
mall,Bandung Indah Plaza,-6.9083381,107.6112548,"Bandung Indah Plaza, Jalan Sumatra, Citarum, Bandung Wetan, Kota Bandung, Jawa Barat, Jawa, 40117, Indonesia",Jawa Barat,Kota Bandung,"Bandung Indah Plaza, Kota Bandung, Jawa Barat",gambar_wisata/Bandung_Indah_Plaza,"Kota Bandung (bahasa Sunda:    , Pegon:  , Hanzi:  , translit. Bandung; pelafalan dalam bahasa Indonesia: [ban.du ] ) adalah sebuah kota sekaligus menjadi ibu kota provinsi di Provinsi Jawa Barat, Indonesia."
mall,Baywalk Mall Pluit,-6.1079134,106.7796191,"Baywalk Mall, Jalan Mandala Bahari, RW 10, Pluit, Penjaringan, Jakarta Utara, Daerah Khusus ibukota Jakarta, Jawa, 14450, Indonesia",,Daerah Khusus ibukota Jakarta,"Baywalk Mall Pluit, Daerah Khusus ibukota Jakarta, nan",gambar_wisata/Baywalk_Mall_Pluit,Deskripsi tidak ditemukan
mall,Canggu Plaza,-8.6600724,115.1308276,"Pantai Canggu, Canggu, Kuta Utara, Badung, Bali, Nusa Tenggara, Indonesia",Bali,Badung,"Canggu Plaza, Badung, Bali",gambar_wisata/Canggu_Plaza,Deskripsi tidak ditemukan
mall,Central Park Mall,-6.1773182,106.7914969,"Central Park Mall, Kav.28, Madison Park Apartment Access, RW 06, Tanjung Duren Selatan, Grogol Petamburan, Jakarta Barat, Daerah Khusus ibukota Jakarta, Jawa, 11470, Indonesia",,Daerah Khusus ibukota Jakarta,"Central Park Mall, Daerah Khusus ibukota Jakarta, nan",gambar_wisata/Central_Park_Mall,"Australia, dengan nama resmi Persemakmuran Australia (bahasa Inggris: Commonwealth of Australia), adalah sebuah negara di belahan Bumi selatan yang terdiri dari daratan utama benua Australia, Pulau Tasmania, dan berbagai pulau kecil di Samudra Hindia, dan Samudra Pasifik. Negara-negara yang bertetangga dengan Australia diantaranya adalah Indonesia, Timor Leste, dan Papua Nugini di utara; Kepulauan Solomon, Vanuatu, dan Kaledonia Baru di timur-laut; dan Selandia Baru di tenggara."
mall,Centre Point Mall Medan,3.5921824,98.6810916,"Centre Point, Jalan Jawa, Gang Buntu, Sei Rengas, Sidorame Barat I, Kota Medan ᯔᯩᯑᯉ᯲, Sumatera Utara, Sumatera, 20231, Indonesia",Sumatera Utara,Kota Medan ,"Centre Point Mall Medan, Kota Medan ᯔᯩᯑᯉ᯲, Sumatera Utara",gambar_wisata/Centre_Point_Mall_Medan,Deskripsi tidak ditemukan
mall,Cihampelas Walk,-6.8938203,107.6055658,"Cihampelas Walk (CiWalk), 160, Jalan Cihampelas, Cipaganti, Coblong, Kota Bandung, Jawa Barat, Jawa, 40131, Indonesia",Jawa Barat,Kota Bandung,"Cihampelas Walk, Kota Bandung, Jawa Barat",gambar_wisata/Cihampelas_Walk,"Cihampelas Walk (Ciwalk) adalah salah satu pusat perbelanjaan mewah di Kecamatan Coblong, Kota Bandung, Jawa Barat. Mall ini berdiri pada tahun 2004."
mall,Denpasar Mall,-8.669055,115.217715,"Ramayana Department Store Robinson Mall Denpasar, 20, P.B. Sudirman, Dauh Puri Kelod, Denpasar Barat, Denpasar ᬤᬾᬦ᭄ᬧᬲᬃ, Bali, Nusa Tenggara, 80210, Indonesia",Bali,Denpasar ,"Denpasar Mall, Denpasar ᬤᬾᬦ᭄ᬧᬲᬃ, Bali",gambar_wisata/Denpasar_Mall,"Kota Denpasar (bahasa Bali:   D npasar) adalah ibu kota dan sekaligus menjadi pusat pemerintahan dan perekonomian dari Provinsi Bali, Indonesia. Denpasar adalah kota terbesar di Kepulauan Nusa Tenggara dan kota terbesar kedua di wilayah Indonesia Timur setelah Kota Makassar."
mall,Discovery Shopping Mall,-8.7287042,115.1686537,"GM Discovery Shopping Mall Room, Jalan Kartika Plaza, Kuta, Badung, Bali, Nusa Tenggara, 80361, Indonesia",Bali,Badung,"Discovery Shopping Mall, Badung, Bali",gambar_wisata/Discovery_Shopping_Mall,"Discovery Shopping Mall adalah salah satu pusat perbelanjaan di kawasan Kuta, Bali. Lokasi mal ini berada di Jalan Kartika Plaza dimana terdapat sejumlah pertokoan, restoran, dan hotel."
mall,Discovery Shopping Mall Bali,-8.7287042,115.1686537,"GM Discovery Shopping Mall Room, Jalan Kartika Plaza, Kuta, Badung, Bali, Nusa Tenggara, 80361, Indonesia",Bali,Badung,"Discovery Shopping Mall Bali, Badung, Bali",gambar_wisata/Discovery_Shopping_Mall_Bali,"Discovery Shopping Mall adalah salah satu pusat perbelanjaan di kawasan Kuta, Bali. Lokasi mal ini berada di Jalan Kartika Plaza dimana terdapat sejumlah pertokoan, restoran, dan hotel."
mall,DP Mall Semarang,-6.9833201,110.4127632,"DP Mall Semarang, Jalan Simpang, RW 02, Sekayu, Semarang Tengah, Kota Semarang, Jawa Tengah, Jawa, 52041, Indonesia",Jawa Tengah,Kota Semarang,"DP Mall Semarang, Kota Semarang, Jawa Tengah",gambar_wisata/DP_Mall_Semarang,"DP Mall adalah sebuah pusat perbelanjaan di Semarang, Jawa Tengah. DP Mall dibuka pada tanggal 31 Agustus 2007 sebagai pusat perbelanjaan kedua di Jalan Pemuda, setelah Pasaraya Sri Ratu, dengan letak sebelah Balaikota Semarang dan Lawang Sewu."
mall,Emporium Pluit Mall,-6.1275786,106.790964,"Emporium Pluit Mall, Jalan Pluit Selatan Raya, RW 08, Penjaringan, Jakarta Utara, Daerah Khusus ibukota Jakarta, Jawa, 14430, Indonesia",,Daerah Khusus ibukota Jakarta,"Emporium Pluit Mall, Daerah Khusus ibukota Jakarta, nan",gambar_wisata/Emporium_Pluit_Mall,Deskripsi tidak ditemukan
mall,Galaxy Mall Surabaya,-7.2764017,112.7804951,"Galaxy Mall, Jalan Dharma Husada Indah II, RW 09, Mulyorejo, Surabaya, Jawa Timur, Jawa, 60115, Indonesia",Jawa Timur,Surabaya,"Galaxy Mall Surabaya, Surabaya, Jawa Timur",gambar_wisata/Galaxy_Mall_Surabaya,"Pakuwon Mall Surabaya atau Pakuwon Mall atau biasa disingkat PM (sebelumnya bernama Supermal Pakuwon Indah, terkadang dikenal dengan istilah Supermal Surabaya atau Surabaya Supermal) adalah pusat perbelanjaan terbesar di Indonesia dengan luas penyewa sebesar 200,000 m . Pusat perbelanjaan ini berdampingan dan menyatu dengan pusat pertokoan Pakuwon Trade Center (atau biasa disingkat PTC) dan Pakuwon Mall Home Pro."
mall,Gandaria City Mall,-6.2442757,106.7834863,"Gandaria City, Jalan Sultan Iskandar Muda, Gandaria City, Kebayoran Lama Utara, Kebayoran Lama, Jakarta Selatan, Daerah Khusus ibukota Jakarta, Jawa, 12240, Indonesia",,Daerah Khusus ibukota Jakarta,"Gandaria City Mall, Daerah Khusus ibukota Jakarta, nan",gambar_wisata/Gandaria_City_Mall,
mall,Grand Galaxy Park,-6.2707863,106.9722183,"Grand Galaxy Park, No.1, Jalan Pulo Minas, Kampung Utan, Galaxy, Jakasetia, Bekasi, Jawa Barat, Jawa, 17147, Indonesia",Jawa Barat,Bekasi,"Grand Galaxy Park, Bekasi, Jawa Barat",gambar_wisata/Grand_Galaxy_Park,"Grand Galaxy Park (disingkat GGP) merupakan retail tiga lantai yang berada di dalam kawasan perumahan Grand Galaxy City di Kota Bekasi, Jawa Barat dengan akses yang mudah yaitu melalui Jakarta Outer Ring Road maupun Jalan Tol Jakarta Cikampek, dengan area outdoor yang unik yaitu Alfresco Dining Area dan Festival District dan Function Hall yang terletak di lantai 2."
mall,Grand Indonesia,-6.1957452,106.8215929,"Grand Indonesia Shopping Town, Jalan Teluk Betung, RW 07, Kebon Melati, Tanah Abang, Jakarta Pusat, Daerah Khusus ibukota Jakarta, Jawa, 10230, Indonesia",,Daerah Khusus ibukota Jakarta,"Grand Indonesia, Daerah Khusus ibukota Jakarta, nan",gambar_wisata/Grand_Indonesia,"Santika Indonesia Hotels & Resorts adalah kelompok hotel lokal dibawah naungan PT. Grahawita Santika, yang merupakan anak unit bisnis Kompas Gramedia. Perusahaan ini didirikan pada tanggal 22 Agustus 1981, dengan properti pertamanya di Bandung."
mall,Grand Indonesia Mall,-6.1957452,106.8215929,"Grand Indonesia Shopping Town, Jalan Teluk Betung, RW 07, Kebon Melati, Tanah Abang, Jakarta Pusat, Daerah Khusus ibukota Jakarta, Jawa, 10230, Indonesia",,Daerah Khusus ibukota Jakarta,"Grand Indonesia Mall, Daerah Khusus ibukota Jakarta, nan",gambar_wisata/Grand_Indonesia_Mall,"Kota Padang adalah kota terbesar di pantai barat Pulau Sumatra sekaligus ibu kota provinsi Sumatera Barat, Indonesia. Kota ini adalah pintu gerbang barat Indonesia dari Samudra Hindia."
mall,Grand Indonesia Shopping Town,-6.1957452,106.8215929,"Grand Indonesia Shopping Town, Jalan Teluk Betung, RW 07, Kebon Melati, Tanah Abang, Jakarta Pusat, Daerah Khusus ibukota Jakarta, Jawa, 10230, Indonesia",,Daerah Khusus ibukota Jakarta,"Grand Indonesia Shopping Town, Daerah Khusus ibukota Jakarta, nan",gambar_wisata/Grand_Indonesia_Shopping_Town,Deskripsi tidak ditemukan
mall,Grand Mall Makassar,-5.0504787,119.5536309,"Grand Mall, Jalan Poros Makassar - Maros, RW 06 Baniaga Desa Taroada, RW 04 Dusun Padang Sessere, Maros, Kelurahan Hasanuddin, Sulawesi Selatan, Sulawesi, 90552, Indonesia",Sulawesi Selatan,Kelurahan Hasanuddin,"Grand Mall Makassar, Kelurahan Hasanuddin, Sulawesi Selatan",gambar_wisata/Grand_Mall_Makassar,"Bontoa (Lontara Bugis:  , transliterasi: Bonto ; Lontara Makassar:  , transliterasi: Bontoa) adalah nama sebuah kelurahan yang berada di wilayah Kecamatan Mandai, Kabupaten Maros, Provinsi Sulawesi Selatan, Indonesia. Kelurahan Bontoa berstatus sebagai kelurahan definitif dan tergolong pula sebagai kelurahan swasembada."
mall,Hartono Mall Yogyakarta,-7.7608045,110.4034239,"Reddoorz Near Hartono Mall 3 Condongcatur, Jalan Kyai Haji Wahid Hasyim, Condongcatur, Depok, Sleman, Daerah Istimewa Yogyakarta, Jawa, 55283, Indonesia",Daerah Istimewa Yogyakarta,Sleman,"Hartono Mall Yogyakarta, Sleman, Daerah Istimewa Yogyakarta",gambar_wisata/Hartono_Mall_Yogyakarta,"Daerah Istimewa Yogyakarta, disingkat DI Yogyakarta atau DIY adalah daerah Istimewa setingkat provinsi di Indonesia yang merupakan peleburan dari Negara Kesultanan Yogyakarta dan Negara Kadipaten Paku Alaman dengan ibu kota di Kota Yogyakarta. Daerah Istimewa Yogyakarta terletak di bagian selatan Pulau Jawa, dan berbatasan dengan Provinsi Jawa Tengah dan Samudra Hindia."
mall,Joger Bali,-8.7273774,115.1771411,"Pabrik Kata-Kata Joger, Jalan Raya Kuta, Kuta, Badung, Bali, Nusa Tenggara, 80631, Indonesia",Bali,Badung,"Joger Bali, Badung, Bali",gambar_wisata/Joger_Bali,Deskripsi tidak ditemukan
mall,Jogja City Mall,-7.7534032,110.3604711,"Jogja City Mall, Jalan Kutu Patran, Sinduadi, Mlati, Sleman, Daerah Istimewa Yogyakarta, Jawa, 55291, Indonesia",Daerah Istimewa Yogyakarta,Sleman,"Jogja City Mall, Sleman, Daerah Istimewa Yogyakarta",gambar_wisata/Jogja_City_Mall,"Daerah Istimewa Yogyakarta, disingkat DI Yogyakarta atau DIY adalah daerah Istimewa setingkat provinsi di Indonesia yang merupakan peleburan dari Negara Kesultanan Yogyakarta dan Negara Kadipaten Paku Alaman dengan ibu kota di Kota Yogyakarta. Daerah Istimewa Yogyakarta terletak di bagian selatan Pulau Jawa, dan berbatasan dengan Provinsi Jawa Tengah dan Samudra Hindia."
mall,Kendari Plaza,-3.9805964,122.5105961,"Hotel Plaza Inn Kendari by Horison, Jalan Jenderal Ahmad Yani, Mandonga, Kendari, Sulawesi Tenggara, Sulawesi, 93117, Indonesia",Sulawesi Tenggara,Kendari,"Kendari Plaza, Kendari, Sulawesi Tenggara",gambar_wisata/Kendari_Plaza,"Lippo Plaza Kendari adalah sebuah pusat perbelanjaan di Kendari, Sulawesi Tenggara. Didirikan pada tahun 2012, mal ini dikembangkan dan dimiliki oleh Lippo Karawaci melalui merek Lippo Malls."
mall,Kendari Town Square,-3.9700124,122.520082,"Kendari Town Square, Jalan Saranani, Korumba, Kendari, Sulawesi Tenggara, Sulawesi, 93111, Indonesia",Sulawesi Tenggara,Kendari,"Kendari Town Square, Kendari, Sulawesi Tenggara",gambar_wisata/Kendari_Town_Square,"Lippo Plaza Kendari adalah sebuah pusat perbelanjaan di Kendari, Sulawesi Tenggara. Didirikan pada tahun 2012, mal ini dikembangkan dan dimiliki oleh Lippo Karawaci melalui merek Lippo Malls."
mall,Krisna Oleh-oleh Bali,-8.7298532,115.1795782,"Krisna Oleh-Oleh (Bali Bypass), Jalan Bypass Ngurah Rai, Kuta, Badung, Bali, Nusa Tenggara, 80631, Indonesia",Bali,Badung,"Krisna Oleh-oleh Bali, Badung, Bali",gambar_wisata/Krisna_Oleh-oleh_Bali,Deskripsi tidak ditemukan
mall,Kuta Square,-8.7235249,115.1713214,"Kuta Square, Kuta, Badung, Bali, Nusa Tenggara, 80361, Indonesia",Bali,Badung,"Kuta Square, Badung, Bali",gambar_wisata/Kuta_Square,Deskripsi tidak ditemukan
mall,Level 21 Mall Denpasar,-8.6698662,115.2143241,"Level 21 Mall Bali, 1, Jalan Teuku Umar, Dauh Puri Kelod, Denpasar Barat, Denpasar ᬤᬾᬦ᭄ᬧᬲᬃ, Bali, Nusa Tenggara, 80113, Indonesia",Bali,Denpasar ,"Level 21 Mall Denpasar, Denpasar ᬤᬾᬦ᭄ᬧᬲᬃ, Bali",gambar_wisata/Level_21_Mall_Denpasar,Deskripsi tidak ditemukan
mall,Lippo Mall Kemang,-6.2612119,106.8126979,"Lippo Mall Kemang, Jalan Kemang Village, RW 05, Bangka, Mampang Prapatan, Jakarta Selatan, Daerah Khusus ibukota Jakarta, Jawa, 12730, Indonesia",,Daerah Khusus ibukota Jakarta,"Lippo Mall Kemang, Daerah Khusus ibukota Jakarta, nan",gambar_wisata/Lippo_Mall_Kemang,Deskripsi tidak ditemukan
mall,Lippo Mall Kuta,-8.735344,115.166501,"Lippo Mall Kuta, Jalan Kartika Plaza, Kuta, Badung, Bali, Nusa Tenggara, 80361, Indonesia",Bali,Badung,"Lippo Mall Kuta, Badung, Bali",gambar_wisata/Lippo_Mall_Kuta,"Lippo Mall Puri adalah salah salah satu pusat perbelanjaan di kawasan Puri Indah, Kembangan, Jakarta Barat resmi dibuka untuk umum pada 19 Juni 2014. Lippo Mall Puri merupakan bagian dari kawasan pembangunan Superblok The St."
mall,Living World Alam Sutera,-6.2448109,106.653052,"Living World Alam Sutera, Kav. 21, Jalan Alam Sutera Boulevard, Alam Sutera, Pakulonan, Serpong Utara, Tangerang Selatan, Banten, Jawa, 15325, Indonesia",Banten,Tangerang Selatan,"Living World Alam Sutera, Tangerang Selatan, Banten",gambar_wisata/Living_World_Alam_Sutera,"Living World Alam Sutera adalah sebuah Pusat perbelanjaan yang terletak di kawasan perumahan Alam Sutera, Serpong, Tangerang Selatan. Letaknya juga berdekatan dengan Rumah Sakit EMC Alam Sutera
Living World Alam Sutera juga merupakan satu-satunya Pusat perbelanjaan yang memposisikan dengan konsep Home Living and Eat-tertainment Center berlokasi di jantung Alam Sutera, Serpong Utara, Tangerang Selatan."
mall,Mal Taman Anggrek,-6.1775213,106.7928343,"IKEA, Jalan Tanjung Duren Timur II, RW 07, Tanjung Duren Selatan, Grogol Petamburan, Jakarta Barat, Daerah Khusus ibukota Jakarta, Jawa, 11440, Indonesia",,Daerah Khusus ibukota Jakarta,"Mal Taman Anggrek, Daerah Khusus ibukota Jakarta, nan",gambar_wisata/Mal_Taman_Anggrek,"Kota Padang adalah kota terbesar di pantai barat Pulau Sumatra sekaligus ibu kota provinsi Sumatera Barat, Indonesia. Kota ini adalah pintu gerbang barat Indonesia dari Samudra Hindia."
mall,Mall Ambon,-3.6707484,128.1986222,"MCM Malaku City Mall, Jalan Jenderal Sudirman, Hative Kecil, Ambon, Maluku, 97128, Indonesia",Maluku,Ambon,"Mall Ambon, Ambon, Maluku",gambar_wisata/Mall_Ambon,"Ambon Plaza, sering disingkat menjadi Amplaz, adalah sebuah pusat perbelanjaan di Ambon. Terletak di Jalan Sam Ratulangi, dekat dengan Pelabuhan Yos Soedarso, mal ini dibuka pada tahun 1995, menjadikannya sebagai mal tertua di Ambon."
mall,Mall Bali Galeria,-8.7230405,115.1842534,"Mall Bali Galeria, Under Pass Dewa Ruci, Kuta, Badung, Bali, Nusa Tenggara, 80361, Indonesia",Bali,Badung,"Mall Bali Galeria, Badung, Bali",gambar_wisata/Mall_Bali_Galeria,"Mal Bali Galeria, atau disingkat sebagai MBG, adalah sebuah pusat perbelanjaan yang terletak di Kuta, Bali. Berada di tepi Simpang Dewa Ruci, atau dikenal pula sebagai Simpang Siur, mal yang didirikan pada tahun 1995 ini merupakan salah satu mal pertama yang hadir di Pulau Dewata."
mall,Mall Daya Makassar,-5.110583,119.5102471,"Daya Grand Square, Jalan Garuda, Daya, Biringkanaya, Makassar, Sulawesi Selatan, Sulawesi, 90615, Indonesia",Sulawesi Selatan,Makassar,"Mall Daya Makassar, Makassar, Sulawesi Selatan",gambar_wisata/Mall_Daya_Makassar,"Kota Makassar (Lontara Makassar:    , transliterasi: Kota Mangkasara'), sebelumnya bernama Ujung Pandang (nama benteng suku makassar), adalah ibu kota provinsi Sulawesi Selatan, Indonesia. 
Sebelumnya, kota yang sejak 1971 hingga 1999 dikenal secara resmi sebagai Ujung Pandang ini merupakan kota terbesar di wilayah Indonesia Timur dan pusat kota terbesar ketujuh di Indonesia dari jumlah penduduk setelah Jakarta, Surabaya, Medan, Bandung, Semarang, dan Palembang."
mall,Mall GTC Makassar,-5.1695829,119.3907241,"Mall GTC, Jalan Metro Tanjung Bunga, Tanjung Merdeka, Tamalate, Makassar, Sulawesi Selatan, Sulawesi, 90134, Indonesia",Sulawesi Selatan,Makassar,"Mall GTC Makassar, Makassar, Sulawesi Selatan",gambar_wisata/Mall_GTC_Makassar,"Trans Studio Mall Makassar, sering disingkat menjadi TSM Makassar, adalah pusat perbelanjaan dan taman hiburan yang terletak di Makassar, Sulawesi Selatan. TSM Makassar merupakan properti pertama CT Corp yang mengusung konsep ""Trans Studio""."
mall,Mall Kelapa Gading,-6.1574342,106.9083434,"Mall Kelapa Gading, Jalan Boulevard Raya, RW 18, Kelapa Gading Timur, Kelapa Gading, Jakarta Utara, Daerah Khusus ibukota Jakarta, Jawa, 14240, Indonesia",,Daerah Khusus ibukota Jakarta,"Mall Kelapa Gading, Daerah Khusus ibukota Jakarta, nan",gambar_wisata/Mall_Kelapa_Gading,
mall,Mall Lembuswana Samarinda,-0.4751019,117.1472198,"Mall Lembuswana, Jalan Mayor Jenderal S. Parman, Gunung Kelua, Samarinda Ulu, Samarinda, Kalimantan Timur, Kalimantan, 75243, Indonesia",Kalimantan Timur,Samarinda,"Mall Lembuswana Samarinda, Samarinda, Kalimantan Timur",gambar_wisata/Mall_Lembuswana_Samarinda,"Big Mall Samarinda adalah salah satu pusat perbelanjaan di Samarinda, Kalimantan Timur. Terletak di tepi Sungai Mahakam, mal yang dibuka pada tahun 2014 ini dibangun oleh PT Borneo Inti Graha dan dikelola oleh PT Tata Optima Property, keduanya merupakan anak-anak usaha dari Govindo Group."
mall,Mall Mamuju,-2.669206,118.8917557,"Mamuju Town Square, Lorong Rawa Indah, Mamuju, Sulawesi Barat, Sulawesi, 91515, Indonesia",Sulawesi Barat,Mamuju,"Mall Mamuju, Mamuju, Sulawesi Barat",gambar_wisata/Mall_Mamuju,"Agora Mall adalah sebuah pusat perbelanjaan di Tanah Abang, Jakarta Pusat. Terletak di Jalan M.H. Thamrin, mal ini menempati lantai-lantai podium dari Autograph Tower dan Luminary Tower, dua gedung pencakar langit yang membentuk kawasan terpadu Thamrin Nine karya PT Putragaya Wahana."
mall,Mall Mesra Samarinda,-0.5010971,117.1465089,"Mesra Indah Mall, Jalan Jamrud, Pasar Pagi, Samarinda Kota, Samarinda, Kalimantan Timur, Kalimantan, 75129, Indonesia",Kalimantan Timur,Samarinda,"Mall Mesra Samarinda, Samarinda, Kalimantan Timur",gambar_wisata/Mall_Mesra_Samarinda,"Big Mall Samarinda adalah salah satu pusat perbelanjaan di Samarinda, Kalimantan Timur. Terletak di tepi Sungai Mahakam, mal yang dibuka pada tahun 2014 ini dibangun oleh PT Borneo Inti Graha dan dikelola oleh PT Tata Optima Property, keduanya merupakan anak-anak usaha dari Govindo Group."
mall,Mall Plaza Balikpapan,-1.2781938,116.8398348,"The Plaza Balikpapan, Jalan Jenderal Sudirman, Klandasan Ilir, Balikpapan Kota, Balikpapan, Kalimantan Timur, Kalimantan, 76121, Indonesia",Kalimantan Timur,Balikpapan,"Mall Plaza Balikpapan, Balikpapan, Kalimantan Timur",gambar_wisata/Mall_Plaza_Balikpapan,"Plaza Balikpapan adalah pusat perbelanjaan yang ada di Balikpapan. Didirikan pada tahun 1992, Plaza Balikpapan merupakan mal pertama yang ada di Balikpapan."
mall,Mall Ratu Indah,-5.1532849,119.4173215,"Mall Ratu Indah, Jalan Sam Ratulangi, Mamajang Luar, Mamajang, Makassar, Sulawesi Selatan, Sulawesi, 90131, Indonesia",Sulawesi Selatan,Makassar,"Mall Ratu Indah, Makassar, Sulawesi Selatan",gambar_wisata/Mall_Ratu_Indah,"Mal Ratu Indah, disingkat sebagai MaRI, adalah sebuah pusat perbelanjaan di Makassar, Sulawesi Selatan. Didirikan pada tahun 1999, mal ini mencetak sejarah sebagai mal pertama yang hadir di Makassar."
mall,Mall Samarinda Central Plaza,-0.5035318,117.1550694,"Samarinda Central Plaza (SCP), Jalan Pulau Irian, Pelabuhan, Samarinda Kota, Samarinda, Kalimantan Timur, Kalimantan, 75381, Indonesia",Kalimantan Timur,Samarinda,"Mall Samarinda Central Plaza, Samarinda, Kalimantan Timur",gambar_wisata/Mall_Samarinda_Central_Plaza,"Big Mall Samarinda adalah salah satu pusat perbelanjaan di Samarinda, Kalimantan Timur. Terletak di tepi Sungai Mahakam, mal yang dibuka pada tahun 2014 ini dibangun oleh PT Borneo Inti Graha dan dikelola oleh PT Tata Optima Property, keduanya merupakan anak-anak usaha dari Govindo Group."
mall,Mall Sulteng,-0.8834237,119.8426033,"Palu Grand Mall, Jalan Diponegoro, Kecamatan Ulujadi, Palu, Sulawesi Tengah, Sulawesi, 94221, Indonesia",Sulawesi Tengah,Palu,"Mall Sulteng, Palu, Sulawesi Tengah",gambar_wisata/Mall_Sulteng,"Kabupaten Poso adalah sebuah kabupaten yang berada di provinsi Sulawesi Tengah, Indonesia. Kabupaten ini mempunyai luas wilayah 7.112,25 km  dan berpenduduk sebanyak 248.325 jiwa (2021) dan Ibu kota kabupaten terletak di Kota Poso."
mall,Mall Tanjung Bunga,-5.1695829,119.3907241,"Mall GTC, Jalan Metro Tanjung Bunga, Tanjung Merdeka, Tamalate, Makassar, Sulawesi Selatan, Sulawesi, 90134, Indonesia",Sulawesi Selatan,Makassar,"Mall Tanjung Bunga, Makassar, Sulawesi Selatan",gambar_wisata/Mall_Tanjung_Bunga,"Kota Makassar (Lontara Makassar:    , transliterasi: Kota Mangkasara'), sebelumnya bernama Ujung Pandang (nama benteng suku makassar), adalah ibu kota provinsi Sulawesi Selatan, Indonesia. 
Sebelumnya, kota yang sejak 1971 hingga 1999 dikenal secara resmi sebagai Ujung Pandang ini merupakan kota terbesar di wilayah Indonesia Timur dan pusat kota terbesar ketujuh di Indonesia dari jumlah penduduk setelah Jakarta, Surabaya, Medan, Bandung, Semarang, dan Palembang."
mall,Mall Ternate,0.7914972,127.3905435,"Jatiland Mall, Jalan Sultan Iskandar Muhammad Djabir Syah, Santiong, Ternate, Maluku Utara, Maluku, 97712, Indonesia",Maluku Utara,Ternate,"Mall Ternate, Ternate, Maluku Utara",gambar_wisata/Mall_Ternate,"Kota Ternate adalah sebuah kota yang terletak di Provinsi Maluku Utara, Indonesia. Kota Ternate berada di bawah kaki gunung api Gamalama di Pulau Ternate."
mall,Manhattan Times Square Medan,3.5908426,98.6266558,"Manhattan Times Square, Jalan Gagak Hitam, Sunggal, Medan Sunggal, Kota Medan ᯔᯩᯑᯉ᯲, Sumatera Utara, Sumatera, 20123, Indonesia",Sumatera Utara,Kota Medan ,"Manhattan Times Square Medan, Kota Medan ᯔᯩᯑᯉ᯲, Sumatera Utara",gambar_wisata/Manhattan_Times_Square_Medan,Deskripsi tidak ditemukan
mall,Mega Mall Pontianak,-0.0513705,109.3446916,"Mega Mall Parking Area, Parit Tokaya, Pontianak, Kalimantan Barat, Kalimantan, 71127, Indonesia",Kalimantan Barat,Pontianak,"Mega Mall Pontianak, Pontianak, Kalimantan Barat",gambar_wisata/Mega_Mall_Pontianak,"Kota Pontianak (Jawi:    , Hanzi:  , Hakka: Khunt en) adalah ibu kota yang sekaligus menjadi pusat pemerintahan dan perekonomian dari provinsi Kalimantan Barat, Indonesia. Kota ini didirikan pertama kali sebagai pelabuhan perdagangan di Pulau Kalimantan, menempati area seluas 118,31 km2 di delta Sungai Kapuas yang menjadi titik temu dengan anak sungai utamanya, Sungai Landak."
mall,Pacific Place Jakarta,-6.2249656,106.809825,"Pacific Place Mall, Kav 52-53, Sudirman Central Business District Southway, RW 03, Senayan, Kebayoran Baru, Jakarta Selatan, Daerah Khusus ibukota Jakarta, Jawa, 12190, Indonesia",,Daerah Khusus ibukota Jakarta,"Pacific Place Jakarta, Daerah Khusus ibukota Jakarta, nan",gambar_wisata/Pacific_Place_Jakarta,"Australia, dengan nama resmi Persemakmuran Australia (bahasa Inggris: Commonwealth of Australia), adalah sebuah negara di belahan Bumi selatan yang terdiri dari daratan utama benua Australia, Pulau Tasmania, dan berbagai pulau kecil di Samudra Hindia, dan Samudra Pasifik. Negara-negara yang bertetangga dengan Australia diantaranya adalah Indonesia, Timor Leste, dan Papua Nugini di utara; Kepulauan Solomon, Vanuatu, dan Kaledonia Baru di timur-laut; dan Selandia Baru di tenggara."
mall,Pacific Place Mall,-6.2249656,106.809825,"Pacific Place Mall, Kav 52-53, Sudirman Central Business District Southway, RW 03, Senayan, Kebayoran Baru, Jakarta Selatan, Daerah Khusus ibukota Jakarta, Jawa, 12190, Indonesia",,Daerah Khusus ibukota Jakarta,"Pacific Place Mall, Daerah Khusus ibukota Jakarta, nan",gambar_wisata/Pacific_Place_Mall,
mall,Pakuwon Mall Jogja,-7.7582576,110.3994486,"TPB RRU Pakuwon Mall Jogja, Ring Road Utara, Condongcatur, Depok, Sleman, Daerah Istimewa Yogyakarta, Jawa, 55283, Indonesia",Daerah Istimewa Yogyakarta,Sleman,"Pakuwon Mall Jogja, Sleman, Daerah Istimewa Yogyakarta",gambar_wisata/Pakuwon_Mall_Jogja,"Pakuwon Mall Jogja (sebelumnya bernama Hartono Lifestyle Mall Yogyakarta atau Hartono Mall Yogyakarta) adalah pusat perbelanjaan yang terletak di Condongcatur, Depok, Sleman, Daerah Istimewa Yogyakarta. Didirikan pada tahun 2015 sebagai Hartono Mall Yogyakarta, mal ini bersalin nama pasca diakuisisi oleh Pakuwon Jati pada tahun 2020."
mall,Pakuwon Mall Surabaya,-7.28906,112.6756078,"Pakuwon Mall, Jalan Mayor Jenderal Jonosewojo, Pakuwon Indah, Babatan, Wiyung, Surabaya, Jawa Timur, Jawa, 60123, Indonesia",Jawa Timur,Surabaya,"Pakuwon Mall Surabaya, Surabaya, Jawa Timur",gambar_wisata/Pakuwon_Mall_Surabaya,"Pakuwon Mall Surabaya atau Pakuwon Mall atau biasa disingkat PM (sebelumnya bernama Supermal Pakuwon Indah, terkadang dikenal dengan istilah Supermal Surabaya atau Surabaya Supermal) adalah pusat perbelanjaan terbesar di Indonesia dengan luas penyewa sebesar 200,000 m . Pusat perbelanjaan ini berdampingan dan menyatu dengan pusat pertokoan Pakuwon Trade Center (atau biasa disingkat PTC) dan Pakuwon Mall Home Pro."
mall,Palangka Raya Mall,-2.2066227,113.9153434,"Palangka Raya Mall (PALMA), Jalan Kinibalu, Palangka, Palangka Raya, Kalimantan Tengah, Kalimantan, 74874, Indonesia",Kalimantan Tengah,Palangka Raya,"Palangka Raya Mall, Palangka Raya, Kalimantan Tengah",gambar_wisata/Palangka_Raya_Mall,"Lippo Plaza Palangka Raya adalah sebuah pusat perbelanjaan yang terletak di Palangka Raya, Kalimantan Tengah. Didirikan pada tahun 2012, mal ini dahulu menyandang nama Mega Town Square, atau sering disingkat pula menjadi Metos."
mall,Palembang Icon Mall,-2.9785785,104.7457881,"Palembang Icon, Jalan Angkatan 45, Ilir Barat I, Palembang, Sumatera Selatan, Sumatera, 30137, Indonesia",Sumatera Selatan,Palembang,"Palembang Icon Mall, Palembang, Sumatera Selatan",gambar_wisata/Palembang_Icon_Mall,"Palembang Icon, atau sering disingkat sebagai PI, adalah mal di Kota Palembang yang dikelola oleh Lippo Group dan dibuka pada tanggal 11 Desember 2013. Mal ini bersebelahan dengan Stadion Bumi Sriwijaya dan berhadapan dengan Kantor Dewan Perwakilan Rakyat Daerah Provinsi Sumatra Selatan."
mall,Palembang Square,-2.9761723,104.7418731,"Palembang Square, Jalan Angkatan 45, Ilir Barat I, Palembang, Sumatera Selatan, Sumatera, 30137, Indonesia",Sumatera Selatan,Palembang,"Palembang Square, Palembang, Sumatera Selatan",gambar_wisata/Palembang_Square,"Palembang Square, sering disingkat sebagai PS, adalah pusat perbelanjaan yang terletak di Palembang, tepatnya di Jalan Angkatan 45, Kelurahan Lorok Pakjo, Kecamatan Ilir Barat I. Mal ini didirikan pada tahun 2004, dengan lokasi dekat dengan Stadion Bumi Sriwijaya. Pada tahun 2008, Lippo Karawaci mengakuisisi Palembang Square dari pemilik sebelumnya, PT Bayu Jaya Lestari Sukses."
mall,Palu Grand Mall,-0.8834237,119.8426033,"Palu Grand Mall, Jalan Diponegoro, Kecamatan Ulujadi, Palu, Sulawesi Tengah, Sulawesi, 94221, Indonesia",Sulawesi Tengah,Palu,"Palu Grand Mall, Palu, Sulawesi Tengah",gambar_wisata/Palu_Grand_Mall,"Palu Grand Mall ( PGM ) adalah sebuah pusat perbelanjaan yang ada di Palu, Sulawesi Tengah. Didirikan pada tahun 2013, mal ini dimiliki dan dikelola oleh NWP Property (PT Nirvana Wastu Pratama) dan merupakan properti kedua mereka di Sulawesi, setelah Citimall Gorontalo."
mall,Paris Van Java Mall,-6.8890732,107.5960928,"Paris Van Java, Jalan Karang Tinggal, Cipedes, Sukasari, Kota Bandung, Jawa Barat, Jawa, 40161, Indonesia",Jawa Barat,Kota Bandung,"Paris Van Java Mall, Kota Bandung, Jawa Barat",gambar_wisata/Paris_Van_Java_Mall,"Paris Van Java Resort Lifestyle Place (Aksara Sunda Baku:        ) adalah sebuah pusat perbelanjaan yang terletak di Kota Bandung, Jawa Barat. Mal ini bisa dicapai beberapa jam dengan mengemudi dari Jalan Tol Purbaleunyi melalui gerbang tol Pasteur di Kecamatan Sukajadi."
mall,PIK Avenue,-6.1091097,106.7404406,"PIK Avenue, Jalan Marina Indah, RW 06, Kamal Muara, Penjaringan, Jakarta Utara, Daerah Khusus ibukota Jakarta, Jawa, 14470, Indonesia",,Daerah Khusus ibukota Jakarta,"PIK Avenue, Daerah Khusus ibukota Jakarta, nan",gambar_wisata/PIK_Avenue,Deskripsi tidak ditemukan
mall,Plaza Ambarrukmo Yogyakarta,-7.7817669,110.4013176,"Plaza Ambarrukmo, Jalan Laksda Adisucipto, Catur Tunggal, Depok, Sleman, Daerah Istimewa Yogyakarta, Jawa, 55281, Indonesia",Daerah Istimewa Yogyakarta,Sleman,"Plaza Ambarrukmo Yogyakarta, Sleman, Daerah Istimewa Yogyakarta",gambar_wisata/Plaza_Ambarrukmo_Yogyakarta,"Daerah Istimewa Yogyakarta, disingkat DI Yogyakarta atau DIY adalah daerah Istimewa setingkat provinsi di Indonesia yang merupakan peleburan dari Negara Kesultanan Yogyakarta dan Negara Kadipaten Paku Alaman dengan ibu kota di Kota Yogyakarta. Daerah Istimewa Yogyakarta terletak di bagian selatan Pulau Jawa, dan berbatasan dengan Provinsi Jawa Tengah dan Samudra Hindia."
mall,Plaza Balikpapan,-1.2781938,116.8398348,"The Plaza Balikpapan, Jalan Jenderal Sudirman, Klandasan Ilir, Balikpapan Kota, Balikpapan, Kalimantan Timur, Kalimantan, 76121, Indonesia",Kalimantan Timur,Balikpapan,"Plaza Balikpapan, Balikpapan, Kalimantan Timur",gambar_wisata/Plaza_Balikpapan,"Plaza Balikpapan adalah pusat perbelanjaan yang ada di Balikpapan. Didirikan pada tahun 1992, Plaza Balikpapan merupakan mal pertama yang ada di Balikpapan."
mall,Plaza Indonesia,-6.1934835,106.8228616,"Plaza Indonesia, Jalan Mohammad Husni Thamrin, RW 05, Gondangdia, Menteng, Jakarta Pusat, Daerah Khusus ibukota Jakarta, Jawa, 10350, Indonesia",,Daerah Khusus ibukota Jakarta,"Plaza Indonesia, Daerah Khusus ibukota Jakarta, nan",gambar_wisata/Plaza_Indonesia,"Kabupaten Bungo adalah kabupaten di provinsi Jambi, Indonesia. Kabupaten ini adalah hasil dari pemekaran kabupaten Bungo Tebo, pada tanggal 12 Oktober 1999."
mall,Plaza Palu,-0.8317762,119.8800634,"Baywalk Citraland Palu, Iradatpuri, Kecamatan Mantikulore, Palu, Sulawesi Tengah, Sulawesi, 94119, Indonesia",Sulawesi Tengah,Palu,"Plaza Palu, Palu, Sulawesi Tengah",gambar_wisata/Plaza_Palu,"Kota Palu adalah sebuah kota yang terletak di tepi laut dan sekaligus Ibukota dari provinsi Sulawesi Tengah, Indonesia. Palu merupakan kota yang terletak di Sulawesi Tengah, berbatasan dengan Kabupaten Donggala di sebelah barat dan utara, Kabupaten Sigi di sebelah selatan, dan Kabupaten Parigi Moutong di sebelah timur."
mall,Plaza Renon,-8.6730243,115.2441066,"Plaza Renon, Raya Puputan, Denpasar Timur, Denpasar ᬤᬾᬦ᭄ᬧᬲᬃ, Bali, Nusa Tenggara, 80235, Indonesia",Bali,Denpasar ,"Plaza Renon, Denpasar ᬤᬾᬦ᭄ᬧᬲᬃ, Bali",gambar_wisata/Plaza_Renon,Deskripsi tidak ditemukan
mall,Pluit Village,-6.1162602,106.789693,"WonderMind Pluit Village, Jalan Pluit Indah Raya, RW 04, Pluit, Penjaringan, Jakarta Utara, Daerah Khusus ibukota Jakarta, Jawa, 14450, Indonesia",,Daerah Khusus ibukota Jakarta,"Pluit Village, Daerah Khusus ibukota Jakarta, nan",gambar_wisata/Pluit_Village,Deskripsi tidak ditemukan
mall,Pondok Indah Mall,-6.2653276,106.7846567,"Pondok Indah Mall 1, Jalan Metro Pondok Indah, RW 03, Pondok Pinang, Kebayoran Lama, Jakarta Selatan, Daerah Khusus ibukota Jakarta, Jawa, 12310, Indonesia",,Daerah Khusus ibukota Jakarta,"Pondok Indah Mall, Daerah Khusus ibukota Jakarta, nan",gambar_wisata/Pondok_Indah_Mall,"Kota Tegal (bahasa Jawa: Hanacaraka:  , Pegon  , Hanzi:  , Belanda: Tagal) adalah sebuah satu kota di Provinsi Jawa Tengah, Indonesia. Kota ini pernah menjadi cikal-bakal berdirinya Korps Marinir seperti tercatat dalam Pangkalan IV ALRI Tegal dengan nama Corps Mariniers, pada 15 November 1945."
mall,Royal Plaza Surabaya,-7.3091349,112.7342835,"Royal Plaza, 16-18, Jalan Jenderal Achmad Yani, RW 04, Wonokromo, Surabaya, Jawa Timur, Jawa, 60231, Indonesia",Jawa Timur,Surabaya,"Royal Plaza Surabaya, Surabaya, Jawa Timur",gambar_wisata/Royal_Plaza_Surabaya,"Kota Surabaya (bahasa Jawa: Hanacaraka:  , Pegon:    , translit. Kuth  Sur b y ; pengucapan bahasa Jawa: [ku  sur b j ]; pelafalan dalam bahasa Indonesia: [sura baja] ) adalah ibu kota Provinsi Jawa Timur yang menjadi pusat pemerintahan dan perekonomian sekaligus kota terbesar di provinsi tersebut."
mall,Senayan City,-6.2273179,106.7971805,"Senayan City, Jalan Asia Afrika, RW 02, Gelora, Tanah Abang, Jakarta Pusat, Daerah Khusus ibukota Jakarta, Jawa, 10270, Indonesia",,Daerah Khusus ibukota Jakarta,"Senayan City, Daerah Khusus ibukota Jakarta, nan",gambar_wisata/Senayan_City,
mall,Solo Paragon Mall,-7.5624618,110.8099966,"Solo Paragon Mall, Jalan Yosodipuro, Purwosari, Surakarta, Jawa Tengah, Jawa, 57139, Indonesia",Jawa Tengah,Surakarta,"Solo Paragon Mall, Surakarta, Jawa Tengah",gambar_wisata/Solo_Paragon_Mall,"Solo Paragon Lifestyle Mall (bahasa Jawa: Hanacaraka,  ) merupakan salah satu pusat perbelanjaan di Surakarta, Jawa Tengah. Didirikan pada tahun 2011, mal ini membentuk kawasan serbaguna Solo Paragon di atas lahan seluas 4,1 hektare, bersama dengan hotel berbintang 4 dan apartemen di atasnya."
mall,Summarecon Mall Bekasi,-6.2259971,107.0010731,"Summarecon Mall Bekasi, Jalan Bulevar Ahmad Yani, Summarecon Bekasi, Summarecon, Margajaya, Bekasi, Jawa Barat, Jawa, 17142, Indonesia",Jawa Barat,Bekasi,"Summarecon Mall Bekasi, Bekasi, Jawa Barat",gambar_wisata/Summarecon_Mall_Bekasi,"Summarecon Mall Bekasi (juga dikenal sebagai SMB) adalah sebuah pusat perbelanjaan dan hiburan di Bekasi, Jawa Barat, Indonesia. Mal ini dibuka pada tanggal 28 Juni 2013 dan memiliki luas retail area lebih dari 80.000 m  (perkembangan tahap awal) dengan jumlah penyewa sebanyak 167 pertokoan."
mall,Summarecon Mall Serpong,-6.2406997,106.6284149,"Summarecon Mall Serpong, Jalan Boulevard Gading Serpong, Gading Serpong, Rumpak Sinang, Pakulonan Barat, Kelapa Dua, Kabupaten Tangerang, Jawa, 15811, Indonesia",,Kabupaten Tangerang,"Summarecon Mall Serpong, Kabupaten Tangerang, nan",gambar_wisata/Summarecon_Mall_Serpong,"Lippo Mall Kuta adalah sebuah pusat perbelanjaan yang terletak di Kuta, Bali. Didirikan pada tahun 2013, mal ini merupakan bagian dari jaringan Lippo Malls yang dibawahi oleh Lippo Karawaci."
mall,Sun Plaza Medan,3.5822609,98.6719101,"Sun Plaza, 7, Jalan Jenggala, Medan Polonia, Kota Medan ᯔᯩᯑᯉ᯲, Sumatera Utara, Sumatera, 20152, Indonesia",Sumatera Utara,Kota Medan ,"Sun Plaza Medan, Kota Medan ᯔᯩᯑᯉ᯲, Sumatera Utara",gambar_wisata/Sun_Plaza_Medan,Deskripsi tidak ditemukan
mall,Trans Studio Mall Bandung,-6.9256414,107.6367469,"Trans Studio Mall, #289, Maleer Indah I, Maleer, Batununggal, Kota Bandung, Jawa Barat, Jawa, 40273, Indonesia",Jawa Barat,Kota Bandung,"Trans Studio Mall Bandung, Kota Bandung, Jawa Barat",gambar_wisata/Trans_Studio_Mall_Bandung,"Kota Bandung (bahasa Sunda:    , Pegon:  , Hanzi:  , translit. Bandung; pelafalan dalam bahasa Indonesia: [ban.du ] ) adalah sebuah kota sekaligus menjadi ibu kota provinsi di Provinsi Jawa Barat, Indonesia."
mall,Tunjungan Plaza Surabaya,-7.2623869,112.739006,"Tunjungan Plaza, Jalan Mergoyoso, RW 10, Kedungdoro, Tegalsari, Surabaya, Jawa Timur, Jawa, 60011, Indonesia",Jawa Timur,Surabaya,"Tunjungan Plaza Surabaya, Surabaya, Jawa Timur",gambar_wisata/Tunjungan_Plaza_Surabaya,"Tunjungan Plaza (atau biasa disingkat TP) adalah sebuah pusat perbelanjaan di Surabaya, Jawa Timur, Indonesia yang didirikan pada tahun 1986. Tunjungan Plaza terletak di Surabaya Pusat tepatnya di Jl."
monumen,Monumen Kalteng,-0.9607732,114.8977017,"Monumen Panglima Batur, Jalan Manggis, Muara Teweh, Barito Utara, Kalimantan Tengah, Kalimantan, 73811, Indonesia",Kalimantan Tengah,Barito Utara,"Monumen Kalteng, Barito Utara, Kalimantan Tengah",gambar_wisata/Monumen_Kalteng,"Kabupaten Barito Utara adalah salah satu kabupaten di provinsi Kalimantan Tengah, Indonesia. Ibu kotanya adalah Muara Teweh."
monumen,Monumen Kaltim,-1.2792545,116.8222491,"Lingkungan Monumen Perjuangan Rakyat Balikpapan, Klandasan Ulu, Balikpapan Kota, Balikpapan, Kalimantan Timur, Kalimantan, Indonesia",Kalimantan Timur,Balikpapan,"Monumen Kaltim, Balikpapan, Kalimantan Timur",gambar_wisata/Monumen_Kaltim,"Kabupaten Kutai Kartanegara merupakan sebuah wilayah kabupaten yang terletak di provinsi Kalimantan Timur, Indonesia. Ibu kotanya berada di kecamatan Tenggarong, yang berbatasan dengan Kota Samarinda."
monumen,Monumen Kapal Selam,-7.265434,112.7503063,"Monumen Kapal Selam, 39, Jalan Pemuda, RW 05, Embong Kaliasin, Genteng, Surabaya, Jawa Timur, Jawa, 60272, Indonesia",Jawa Timur,Surabaya,"Monumen Kapal Selam, Surabaya, Jawa Timur",gambar_wisata/Monumen_Kapal_Selam,"Monumen Kapal Selam, atau disingkat Monkasel, adalah sebuah museum kapal selam yang terdapat di Embong Kaliasin, Genteng, Surabaya. Terletak 333
di pusat kota yaitu di Jalan Pemuda, tepat di sebelah Plaza Surabaya, dan terdapat pintu akses untuk mengakses mal dari dalam monumen."
monumen,Monumen Mandala,-5.1377059,119.4136222,"Monumen Mandala, Jalan Jenderal Sudirman, Sawerigading, Ujung Pandang, Makassar, Sulawesi Selatan, Sulawesi, 90114, Indonesia",Sulawesi Selatan,Makassar,"Monumen Mandala, Makassar, Sulawesi Selatan",gambar_wisata/Monumen_Mandala,
monumen,Monumen Nani Wartabone,0.5304033,123.0588683,"Monumen Nani Wartabone, Jalan Kalengkongan, Tenda, Gorontalo, Sulawesi, 96133, Indonesia",Gorontalo,Gorontalo,"Monumen Nani Wartabone, Gorontalo, Gorontalo",gambar_wisata/Monumen_Nani_Wartabone,"H. Nani Wartabone (30 April 1907   3 Januari 1986) adalah seorang politikus dan nasionalis Indonesia yang berasal dari Gorontalo.
Wartabone dikenal sebagai Proklamator Kemerdekaan Indonesia di Gorontalo pada tanggal 23 Januari 1942 atau dikenal dengan Hari Proklamasi Gorontalo."
monumen,Monumen Nasional,-6.1754024,106.8271692,"Monumen Nasional, Jalan Medan Merdeka Utara, RW 02, Gambir, Jakarta Pusat, Daerah Khusus ibukota Jakarta, Jawa, 10110, Indonesia",,Daerah Khusus ibukota Jakarta,"Monumen Nasional, Daerah Khusus ibukota Jakarta, nan",gambar_wisata/Monumen_Nasional,"Monumen Nasional yang disingkat dengan Monas atau Tugu Monas adalah monumen peringatan setinggi 132 meter (433 kaki), terletak tepat di tengah Lapangan Medan Merdeka, Jakarta Pusat. Monas didirikan untuk mengenang perlawanan dan perjuangan rakyat Indonesia dalam merebut kemerdekaan dari pemerintahan kolonial Kerajaan Belanda."
monumen,Monumen Pancasila Sakti,-6.2883341,106.9068968,"Monumen Pancasila Sakti, Gang Bahagia II, RW 09, Lubang Buaya, Cipayung, Jakarta Timur, Daerah Khusus ibukota Jakarta, Jawa, 13810, Indonesia",,Jakarta Timur,"Monumen Pancasila Sakti, Jakarta Timur, nan",gambar_wisata/Monumen_Pancasila_Sakti,
monumen,Monumen Pattimura,-3.3060388,128.9589707,"Monumen Ir. Soekarno, Jalan Kapitan Pattimura, Masohi, Maluku Tengah, Maluku, 97511, Indonesia",Maluku,Maluku Tengah,"Monumen Pattimura, Maluku Tengah, Maluku",gambar_wisata/Monumen_Pattimura,"Maluku adalah sebuah provinsi di Indonesia. Ibu kota provinsi ini terletak di Kota Ambon, yang juga merupakan kota terbesar di provinsi ini."
monumen,Monumen Tugu Pahlawan,-7.2454453,112.7378996,"UPTD Monumen Tugu Pahlawan Dan Museum Sepuluh Nopember, Jalan Pahlawan, RW 01, Alon-Alon Contong, Bubutan, Surabaya, Jawa Timur, Jawa, 60174, Indonesia",Jawa Timur,Surabaya,"Monumen Tugu Pahlawan, Surabaya, Jawa Timur",gambar_wisata/Monumen_Tugu_Pahlawan,"Tugu Pahlawan adalah sebuah monumen yang menjadi markah tanah Kota Surabaya. Tinggi monumen ini adalah 41,15 meter dan berbentuk lingga atau paku terbalik."
museum,Museum Aceh,5.5488323,95.3209836,"Museum Aceh, Jalan Baperis, Peuniti, Baiturrahman, Banda Aceh, Aceh, Sumatera, 23116, Indonesia",Aceh,Banda Aceh,"Museum Aceh, Banda Aceh, Aceh",gambar_wisata/Museum_Aceh,"Kota Banda Aceh (bahasa Aceh Jawo :     ) merupakan sebuah kota sekaligus menjadi ibu kota provinsi di provinsi Aceh, Indonesia. Sebagai pusat pemerintahan provinsi, Kota Banda Aceh menjadi pusat kegiatan ekonomi, politik, sosial dan budaya."
museum,Museum Agung Rai,-8.5228684,115.2647695,"Agung Rai Museum of Art (ARMA), Jalan Raya Pengosekan, Ubud, Kecamatan Ubud, Gianyar, Bali, Nusa Tenggara, 80571, Indonesia",Bali,Gianyar,"Museum Agung Rai, Gianyar, Bali",gambar_wisata/Museum_Agung_Rai,"Museum Seni Agung Rai atau Agung Rai Museum of Art (ARMA) merupakan salah satu museum seni rupa di Bali yang menyimpan berbagai koleksi lukisan yang berasal dari pelukis-pelukis ternama baik dari dalam negeri maupun mancanegara. Museum ini diresmikan oleh Menteri Pendidikan dan Kebudayaan Indonesia, Prof."
museum,Museum Angkut,-7.878829,112.5201389,"Museum Angkut, Jalan Terusan Sultan Agung, Pesanggrahan, Kota Batu, Jawa Timur, Jawa, 65314, Indonesia",Jawa Timur,Kota Batu,"Museum Angkut, Kota Batu, Jawa Timur",gambar_wisata/Museum_Angkut,"Kota Batu (bahasa Jawa:  Hanacaraka:  , Pegon:  ; pengucapan bahasa Jawa: [ bat u]) adalah sebuah kota wisata di Provinsi Jawa Timur, Indonesia. Kota ini terletak 90 km sebelah barat daya Surabaya atau 15 km sebelah barat laut Malang."
museum,Museum Angkut Batu,-7.878829,112.5201389,"Museum Angkut, Jalan Terusan Sultan Agung, Pesanggrahan, Kota Batu, Jawa Timur, Jawa, 65314, Indonesia",Jawa Timur,Kota Batu,"Museum Angkut Batu, Kota Batu, Jawa Timur",gambar_wisata/Museum_Angkut_Batu,"Kota Batu (bahasa Jawa:  Hanacaraka:  , Pegon:  ; pengucapan bahasa Jawa: [ bat u]) adalah sebuah kota wisata di Provinsi Jawa Timur, Indonesia. Kota ini terletak 90 km sebelah barat daya Surabaya atau 15 km sebelah barat laut Malang."
museum,Museum Bahari,-6.1268288,106.8083185,"Museum Bahari, Jalan Pasar Ikan, RW 04, Penjaringan, Jakarta Utara, Daerah Khusus ibukota Jakarta, Jawa, 14470, Indonesia",,Daerah Khusus ibukota Jakarta,"Museum Bahari, Daerah Khusus ibukota Jakarta, nan",gambar_wisata/Museum_Bahari,Sriwijaya adalah kedatuan bahari historis yang berasal dari Pulau Sumatra sekitar abad ke-7 sampai abad ke-11. Kehadirannya banyak memberi pengaruh pada perkembangan sejarah Asia Tenggara (terutama dalam kawasan Nusantara barat).
museum,Museum Bahari Jakarta,-6.1268288,106.8083185,"Museum Bahari, Jalan Pasar Ikan, RW 04, Penjaringan, Jakarta Utara, Daerah Khusus ibukota Jakarta, Jawa, 14470, Indonesia",,Daerah Khusus ibukota Jakarta,"Museum Bahari Jakarta, Daerah Khusus ibukota Jakarta, nan",gambar_wisata/Museum_Bahari_Jakarta,Sriwijaya adalah kedatuan bahari historis yang berasal dari Pulau Sumatra sekitar abad ke-7 sampai abad ke-11. Kehadirannya banyak memberi pengaruh pada perkembangan sejarah Asia Tenggara (terutama dalam kawasan Nusantara barat).
museum,Museum Balanga,-2.1956114,113.9016328,"Museum Balanga Kalimantan Tengah, Km 2.5, Jalan Tekukur II, Palangka, Palangka Raya, Kalimantan Tengah, Kalimantan, 73112, Indonesia",Kalimantan Tengah,Palangka Raya,"Museum Balanga, Palangka Raya, Kalimantan Tengah",gambar_wisata/Museum_Balanga,"Kota Palangka Raya adalah sebuah kota sekaligus ibu kota provinsi Kalimantan Tengah, Indonesia. Kota ini memiliki luas wilayah 2.853,12 km  dan jumlah penduduk pada akhir tahun 2024 sebanyak 315.153 jiwa, dengan kepadatan penduduk rata-rata 110 jiwa/km ."
museum,Museum Balaputera Dewa,-2.9504719,104.7302812,"Museum Balaputera Dewa, 288, Jalan Srijaya, Alang-Alang Lebar, Palembang, Sumatera Selatan, Sumatera, 30139, Indonesia",Sumatera Selatan,Palembang,"Museum Balaputera Dewa, Palembang, Sumatera Selatan",gambar_wisata/Museum_Balaputera_Dewa,"Museum Balaputra Deva atau secara resmi disebut Museum Negeri Provinsi Sumatera Selatan ""Balaputra Dewa"", adalah sebuah museum etnografi yang terletak di Kota Palembang, Sumatera Selatan, Indonesia. Museum ini adalah museum negeri Provinsi Sumatera Selatan."
museum,Museum Bali,-8.6575395,115.2186817,"Museum Bali, Gang I, Dangin Puri, Denpasar Timur, Denpasar ᬤᬾᬦ᭄ᬧᬲᬃ, Bali, Nusa Tenggara, 80232, Indonesia",Bali,Denpasar ,"Museum Bali, Denpasar ᬤᬾᬦ᭄ᬧᬲᬃ, Bali",gambar_wisata/Museum_Bali,"Kota Denpasar (bahasa Bali:   D npasar) adalah ibu kota dan sekaligus menjadi pusat pemerintahan dan perekonomian dari Provinsi Bali, Indonesia. Denpasar adalah kota terbesar di Kepulauan Nusa Tenggara dan kota terbesar kedua di wilayah Indonesia Timur setelah Kota Makassar."
museum,Museum Bank Indonesia,-6.1371853,106.8129483,"Museum Bank Indonesia, Jalan Kali Besar Timur, RW 06, Pinangsia, Taman Sari, Jakarta Barat, Daerah Khusus ibukota Jakarta, Jawa, 11110, Indonesia",,Daerah Khusus ibukota Jakarta,"Museum Bank Indonesia, Daerah Khusus ibukota Jakarta, nan",gambar_wisata/Museum_Bank_Indonesia,"Aceh adalah sebuah provinsi di Pulau Sumatra, Indonesia. Ibu kota provinsi ini berada di Kota Banda Aceh."
museum,Museum Bank Mandiri,-6.1381577,106.8133167,"Museum Bank Mandiri, 1, Jalan Asemka, RW 06, Pinangsia, Taman Sari, Jakarta Barat, Daerah Khusus ibukota Jakarta, Jawa, 11110, Indonesia",,Daerah Khusus ibukota Jakarta,"Museum Bank Mandiri, Daerah Khusus ibukota Jakarta, nan",gambar_wisata/Museum_Bank_Mandiri,"Kota Malang (bahasa Jawa: Hanacaraka:  , Pegon:  ; pengucapan bahasa Jawa: [ mala ]) adalah sebuah kota yang terletak di Provinsi Jawa Timur, Indonesia, Kota ini merupakan kota terbesar kedua di Jawa Timur setelah Surabaya, dan kota terbesar ke-12 di Indonesia. Kota ini didirikan pada masa Pemerintahan Belanda pada 1 April 1914 dengan E.K Broeveldt sebagai wali kota pertama."
museum,Museum Batik Pekalongan,-6.878642,109.675579,"Museum Batik Pekalongan, 1, Jalan Jetayu, Poncol, Pekalongan, Jawa Tengah, Jawa, 51142, Indonesia",Jawa Tengah,Pekalongan,"Museum Batik Pekalongan, Pekalongan, Jawa Tengah",gambar_wisata/Museum_Batik_Pekalongan,"Kota Pekalongan (Hanacaraka:  , Pegon:  , translit.  Pakalongan, Hanzi:  ; Pinyin: B i Ji  L ng  n, Belanda: Pacalongan) adalah salah satu kota di Provinsi Jawa Tengah, Indonesia."
museum,Museum Batik Yogyakarta,-7.795401,110.3773503,"Batik Museum, Jalan Dokter Sutomo, Baciro, Gondokusuman, Kota Yogyakarta, Daerah Istimewa Yogyakarta, Jawa, 55225, Indonesia",Daerah Istimewa Yogyakarta,Kota Yogyakarta,"Museum Batik Yogyakarta, Kota Yogyakarta, Daerah Istimewa Yogyakarta",gambar_wisata/Museum_Batik_Yogyakarta,"Kota Yogyakarta (bahasa Jawa:  , translit. Ngayogyakarta, pengucapan bahasa Jawa: [ku   ajogj kart ], atau dikenal oleh masyarakat setempat dengan sebutan nama Yogya atau Jogja) adalah ibu kota sekaligus pusat pemerintahan dan perekonomian dari provinsi Daerah Istimewa Yogyakarta, Indonesia."
museum,Museum Benteng Vredeburg,-7.8001537,110.3663364,"Benteng Vredeburg, Jalan Margo Mulyo, Kampung Ketandan, Prawirodirjan, Gondomanan, Kota Yogyakarta, Daerah Istimewa Yogyakarta, Jawa, 55122, Indonesia",Daerah Istimewa Yogyakarta,Kota Yogyakarta,"Museum Benteng Vredeburg, Kota Yogyakarta, Daerah Istimewa Yogyakarta",gambar_wisata/Museum_Benteng_Vredeburg,"Kota Yogyakarta (bahasa Jawa:  , translit. Ngayogyakarta, pengucapan bahasa Jawa: [ku   ajogj kart ], atau dikenal oleh masyarakat setempat dengan sebutan nama Yogya atau Jogja) adalah ibu kota sekaligus pusat pemerintahan dan perekonomian dari provinsi Daerah Istimewa Yogyakarta, Indonesia."
museum,Museum Bung Hatta Bukittinggi,-0.3062956,100.3688874,"Istana Bung Hatta, Jalan H. Agus Salim, Panorama, Kayu Kubu, Bukittinggi, Sumatera Barat, Sumatera, 26115, Indonesia",Sumatera Barat,Bukittinggi,"Museum Bung Hatta Bukittinggi, Bukittinggi, Sumatera Barat",gambar_wisata/Museum_Bung_Hatta_Bukittinggi,"Kota Bukittinggi (bahasa Minangkabau: Bukiktinggi; Jawi,    ) adalah kota dengan perekonomian terbesar kedua di Provinsi Sumatera Barat, Indonesia. Sebagai enklave dari Kabupaten Agam, kota ini pernah menjadi ibu kota Indonesia pada masa Pemerintahan Darurat Republik Indonesia."
museum,Museum Danar Hadi,-7.5687599,110.8163702,"House of Danar Hadi, Jalan Brigadir Jenderal Slamet Riyadi, Timuran, Surakarta, Jawa Tengah, Jawa, 57132, Indonesia",Jawa Tengah,Surakarta,"Museum Danar Hadi, Surakarta, Jawa Tengah",gambar_wisata/Museum_Danar_Hadi,"House of Danar Hadi (disingkat HDH) (bahasa Jawa:  , translit. Musyium Bathik Danar Hadhi) adalah sebuah kompleks wisata heritage terpadu tentang batik yang terletak di kota Solo di Jawa Tengah."
museum,Museum Dharma Wiratama,-7.782439,110.3754535,"Museum Pusat TNI AD ""Dharma Wiratama"", Jalan Cik di Tiro, Terban, Gondokusuman, Kota Yogyakarta, Daerah Istimewa Yogyakarta, Jawa, 55223, Indonesia",Daerah Istimewa Yogyakarta,Kota Yogyakarta,"Museum Dharma Wiratama, Kota Yogyakarta, Daerah Istimewa Yogyakarta",gambar_wisata/Museum_Dharma_Wiratama,"Daerah Istimewa Yogyakarta, disingkat DI Yogyakarta atau DIY adalah daerah Istimewa setingkat provinsi di Indonesia yang merupakan peleburan dari Negara Kesultanan Yogyakarta dan Negara Kadipaten Paku Alaman dengan ibu kota di Kota Yogyakarta. Daerah Istimewa Yogyakarta terletak di bagian selatan Pulau Jawa, dan berbatasan dengan Provinsi Jawa Tengah dan Samudra Hindia."
museum,Museum Dirgantara Mandala,-7.7897642,110.4161938,"Museum Dirgantara Mandala TNI AU, Jalan Lettu Tpt Sapardal, Banguntapan, Bantul, Daerah Istimewa Yogyakarta, Jawa, 55198, Indonesia",Daerah Istimewa Yogyakarta,Bantul,"Museum Dirgantara Mandala, Bantul, Daerah Istimewa Yogyakarta",gambar_wisata/Museum_Dirgantara_Mandala,
museum,Museum Dirgantara Mandala Yogyakarta,-7.7897642,110.4161938,"Museum Dirgantara Mandala TNI AU, Jalan Lettu Tpt Sapardal, Banguntapan, Bantul, Daerah Istimewa Yogyakarta, Jawa, 55198, Indonesia",Daerah Istimewa Yogyakarta,Bantul,"Museum Dirgantara Mandala Yogyakarta, Bantul, Daerah Istimewa Yogyakarta",gambar_wisata/Museum_Dirgantara_Mandala_Yogyakarta,
museum,Museum Fatahillah,-6.1351548,106.813289,"Museum Sejarah Jakarta, 1, Taman Fatahillah, RW 06, Pinangsia, Taman Sari, Jakarta Barat, Daerah Khusus ibukota Jakarta, Jawa, 11110, Indonesia",,Daerah Khusus ibukota Jakarta,"Museum Fatahillah, Daerah Khusus ibukota Jakarta, nan",gambar_wisata/Museum_Fatahillah,
museum,Museum Geologi Bandung,-6.9003424,107.620961,"Museum Geologi, 57, Jalan Diponegoro, Cihaurgeulis, Cibeunying Kaler, Kota Bandung, Jawa Barat, Jawa, 40122, Indonesia",Jawa Barat,Kota Bandung,"Museum Geologi Bandung, Kota Bandung, Jawa Barat",gambar_wisata/Museum_Geologi_Bandung,"Kota Bandung (bahasa Sunda:    , Pegon:  , Hanzi:  , translit. Bandung; pelafalan dalam bahasa Indonesia: [ban.du ] ) adalah sebuah kota sekaligus menjadi ibu kota provinsi di Provinsi Jawa Barat, Indonesia."
museum,Museum Kalimantan Barat,-0.0483232,109.3425506,"Museum Kalimantan Barat, Parit Tokaya, Pontianak, Kalimantan Barat, Kalimantan, Indonesia",Kalimantan Barat,Pontianak,"Museum Kalimantan Barat, Pontianak, Kalimantan Barat",gambar_wisata/Museum_Kalimantan_Barat,"Museum Provinsi Kalimantan Barat adalah sebuah museum yang berlokasi di Jalan Jenderal Ahmad Yani, Kota Pontianak, Provinsi Kalimantan Barat, Indonesia. Museum ini menyimpan berbagai benda-benda bernilai historis yang ada di Provinsi Kalimantan Barat salah satunya peninggalan-peninggalan sejarah dari peradaban beberapa jenis suku bangsa yang ada di Kalimantan Barat, yaitu: Suku Melayu, Suku Dayak, dan Suku Tionghoa."
museum,Museum Kalimantan Tengah,-2.1956114,113.9016328,"Museum Balanga Kalimantan Tengah, Km 2.5, Jalan Tekukur II, Palangka, Palangka Raya, Kalimantan Tengah, Kalimantan, 73112, Indonesia",Kalimantan Tengah,Palangka Raya,"Museum Kalimantan Tengah, Palangka Raya, Kalimantan Tengah",gambar_wisata/Museum_Kalimantan_Tengah,"Kota Palangka Raya adalah sebuah kota sekaligus ibu kota provinsi Kalimantan Tengah, Indonesia. Kota ini memiliki luas wilayah 2.853,12 km  dan jumlah penduduk pada akhir tahun 2024 sebanyak 315.153 jiwa, dengan kepadatan penduduk rata-rata 110 jiwa/km ."
museum,Museum Kalimantan Utara,-3.3024355,114.6091698,"STMIK Indonesia Banjarmasin, Jalan Museum Perjuangan, Sungai Jingah, Banjarmasin Utara, Banjarmasin, Kalimantan Selatan, Kalimantan, 70121, Indonesia",Kalimantan Selatan,Banjarmasin,"Museum Kalimantan Utara, Banjarmasin, Kalimantan Selatan",gambar_wisata/Museum_Kalimantan_Utara,Terdapat total 4 museum di Kalimantan Selatan yang terdaftar di Kemendikbud.
museum,Museum Kapuas,0.0833669,111.4914561,"Museum Dara Juanti, Pangeran Kuning, Kapuas Kiri Hulu, Sintang, Kalimantan Barat, Kalimantan, 78613, Indonesia",Kalimantan Barat,Sintang,"Museum Kapuas, Sintang, Kalimantan Barat",gambar_wisata/Museum_Kapuas,"Musem Dara Juanti merupakan museum yang menyimpan berbagai bukti sejarah perabadan daerah Sintang sekaligus sebagai bekas lokasi pusat pemerintahan Kerajaan Sintang, yakni Istana Al-Mukarramah. Museum yang juga bekas kompleks kerajaan Sintang hingga saat ini masih terawat baik dan menjadi tempat tinggal Sultan Sintang, Pangeran Ratu Sri Negara H.R.M. Ikhsan Perdana."
museum,Museum Kartini Jepara,-6.5887998,110.6675049,"Museum RA.Kartini, Jalan Patimura, Ujungbatu, Jepara, Jawa Tengah, Jawa, 59411, Indonesia",Jawa Tengah,Jepara,"Museum Kartini Jepara, Jepara, Jawa Tengah",gambar_wisata/Museum_Kartini_Jepara,"Jepara (bahasa Jawa:  , Pegon:  , Hanzi:  ) (atau disebut juga Jepara Kota) adalah ibu kota Kabupaten Jepara yang sekaligus menjadi pusat pemerintahan dan perekonomian dari Kabupaten Jepara. Jepara juga merupakan sebuah wilayah kecamatan yang terletak di Kabupaten Jepara, Provinsi Jawa Tengah, Indonesia."
museum,Museum Keprajuritan,-6.3056878,106.8968058,"Museum Keprajuritan Indonesia, Jalan Mabes Hankam, RW 02, Ceger, Cipayung, Jakarta Timur, Daerah Khusus ibukota Jakarta, Jawa, 13890, Indonesia",,Jakarta Timur,"Museum Keprajuritan, Jakarta Timur, nan",gambar_wisata/Museum_Keprajuritan,"Kabupaten Majalengka (aksara Sunda:  ) adalah sebuah wilayah kabupaten yang terletak di Provinsi Jawa Barat, Indonesia. Ibu kotanya adalah kecamatan Majalengka."
museum,Museum Keramik,-6.1342607,106.8144771,"Museum Seni Rupa dan Keramik, Jalan Kemukus, RW 06, Pinangsia, Taman Sari, Jakarta Barat, Daerah Khusus ibukota Jakarta, Jawa, 11110, Indonesia",,Daerah Khusus ibukota Jakarta,"Museum Keramik, Daerah Khusus ibukota Jakarta, nan",gambar_wisata/Museum_Keramik,"Kota Malang (bahasa Jawa: Hanacaraka:  , Pegon:  ; pengucapan bahasa Jawa: [ mala ]) adalah sebuah kota yang terletak di Provinsi Jawa Timur, Indonesia, Kota ini merupakan kota terbesar kedua di Jawa Timur setelah Surabaya, dan kota terbesar ke-12 di Indonesia. Kota ini didirikan pada masa Pemerintahan Belanda pada 1 April 1914 dengan E.K Broeveldt sebagai wali kota pertama."
museum,Museum Keraton Surakarta,-7.5784379,110.8283543,"Museum Keraton Surakarta, Jalan Mloyokusuman, Baluwarti, Surakarta, Kecamatan Pasar Kliwon, Jawa Tengah, Jawa, 57118, Indonesia",Jawa Tengah,Surakarta,"Museum Keraton Surakarta, Surakarta, Jawa Tengah",gambar_wisata/Museum_Keraton_Surakarta,Keraton Surakarta Hadiningrat atau Keraton Surakarta adalah istana resmi Kesunanan Surakarta Hadiningrat yang terletak di Kota Surakarta. Keraton ini didirikan oleh Sri Susuhunan Pakubuwana II sekitar tahun 1743-1744 sebagai pengganti Keraton Kartasura yang porak-poranda akibat Geger Pecinan pada tahun 1743.
museum,Museum Keris,-7.5689811,110.8109454,"Museum Keris Nusantara, Jalan Bhayangkara, Sriwedari, Surakarta, Jawa Tengah, Jawa, 57143, Indonesia",Jawa Tengah,Surakarta,"Museum Keris, Surakarta, Jawa Tengah",gambar_wisata/Museum_Keris,Jawa Tengah (atau juga diakronimkan sebagai Jateng) adalah sebuah wilayah provinsi di Indonesia yang terletak di bagian tengah Pulau Jawa. Ibu kota Provinsi Jawa Tengah berada di Kota Semarang.
museum,Museum Keris Nusantara Solo,-7.5689811,110.8109454,"Museum Keris Nusantara, Jalan Bhayangkara, Sriwedari, Surakarta, Jawa Tengah, Jawa, 57143, Indonesia",Jawa Tengah,Surakarta,"Museum Keris Nusantara Solo, Surakarta, Jawa Tengah",gambar_wisata/Museum_Keris_Nusantara_Solo,"Museum Keris Nusantara merupakan sebuah museum yang dibangun oleh Direktorat Jenderal Kebudayaan, Kementerian Pendidikan dan Kebudayaan melalui Direktorat Pelestarian Cagar Budaya dan Permuseuman sejak 2013 lalu diresmikan oleh Presiden Republik Indonesia, Joko Widodo pada tanggal 9 Agustus 2017. Museum Keris berada di lokasi eks gedung Rumah Sakit Jiwa Mangunjayan, dan direncanakan akan menyatu dengan ruang terbuka hijau (RTH) di kawasan Stadion R Maladi Sriwedari."
museum,Museum Konferensi Asia Afrika,-6.921073,107.6096452,"Museum Konferensi Asia-Afrika, 65, Jalan Asia Afrika, Braga, Sumur Bandung, Kota Bandung, Jawa Barat, Jawa, 40111, Indonesia",Jawa Barat,Kota Bandung,"Museum Konferensi Asia Afrika, Kota Bandung, Jawa Barat",gambar_wisata/Museum_Konferensi_Asia_Afrika,"Kota Bandung (bahasa Sunda:    , Pegon:  , Hanzi:  , translit. Bandung; pelafalan dalam bahasa Indonesia: [ban.du ] ) adalah sebuah kota sekaligus menjadi ibu kota provinsi di Provinsi Jawa Barat, Indonesia."
museum,Museum Kota Makassar,-5.134618,119.4086104,"Museum Kota Makassar, Jalan Balai Kota, Baru, Ujung Pandang, Makassar, Sulawesi Selatan, Sulawesi, 90171, Indonesia",Sulawesi Selatan,Makassar,"Museum Kota Makassar, Makassar, Sulawesi Selatan",gambar_wisata/Museum_Kota_Makassar,"Selat Makassar merupakan selat yang terletak di antara pulau Kalimantan dan Sulawesi di Indonesia serta masuk dalam wilayah tektonik kompleks di tepi lempeng Eurasia. Bagian utara selat Makassar yang berhubungan langsung dengan Laut Sulawesi merupakan bagian terdalam, yaitu mencapai 2500m."
museum,Museum La Galigo,-5.1345696,119.4057161,"Museum La Galigo, 2, Jalan Ujung Pandang, Bulogading, Ujung Pandang, Makassar, Sulawesi Selatan, Sulawesi, 90221, Indonesia",Sulawesi Selatan,Makassar,"Museum La Galigo, Makassar, Sulawesi Selatan",gambar_wisata/Museum_La_Galigo,"Museum La Galigo adalah sebuah museum provinsi Sulawesi Selatan yang terletak di Kota Makassar, Sulawesi Selatan, Indonesia. Terletak di Jl."
museum,Museum Layang-layang,-6.3078393,106.7906265,"Museum Layang-layang Indonesia, Jalan Haji Kamang, RW 10, Pondok Labu, Cilandak, Jakarta Selatan, Daerah Khusus ibukota Jakarta, Jawa, 12450, Indonesia",,Daerah Khusus ibukota Jakarta,"Museum Layang-layang, Daerah Khusus ibukota Jakarta, nan",gambar_wisata/Museum_Layang-layang,"Kerajaan Medang (Jawa kuno:    , translit. ka atwan m a ) atau sering disebut juga Medang Kuno adalah kerajaan agraris sekaligus talasokrasi yang berdiri di Jawa Tengah pada abad ke-8 Masehi, didirikan oleh Sanjaya, kemudian berpindah ke Jawa Timur pada abad ke-10 Masehi, pada masa Dyah Balitung dan Dyah Pu Sindok."
museum,Museum Le Mayeur,-8.674991,115.263716,"Museum Le Mayeur, Jalan Sanur Beach Street Walk, Sanur Kaja, Denpasar Selatan, Denpasar ᬤᬾᬦ᭄ᬧᬲᬃ, Bali, Nusa Tenggara, 80030, Indonesia",Bali,Denpasar ,"Museum Le Mayeur, Denpasar ᬤᬾᬦ᭄ᬧᬲᬃ, Bali",gambar_wisata/Museum_Le_Mayeur,Deskripsi tidak ditemukan
museum,Museum Lubang Buaya,-6.3008429,106.8914087,"Museum Indonesia, Jalan Taman Mini Indonesia Indah, Taman Mini Indonesia Indah (TMII), Cipayung, Jakarta Timur, Daerah Khusus ibukota Jakarta, Jawa, 13560, Indonesia",,Jakarta Timur,"Museum Lubang Buaya, Jakarta Timur, nan",gambar_wisata/Museum_Lubang_Buaya,Silakan kunjungi Pariwisata di Indonesia untuk informasi lebih lengkap.
museum,Museum Majapahit,-7.5600584,112.3805254,"Museum Majapahit Trowulan, Jalan Jayanegara 01, Trowulan, Mojokerto, Jawa Timur, Jawa, 61362, Indonesia",Jawa Timur,Trowulan,"Museum Majapahit, Trowulan, Jawa Timur",gambar_wisata/Museum_Majapahit,"Pusat Informasi Majapahit (PIM) atau yang lebih dikenal dengan Museum Trowulan adalah museum arkeologi yang terletak di Trowulan, Mojokerto, Jawa Timur, Indonesia. Museum ini dibangun untuk menyimpan berbagai artefak dan temuan arkeologi yang ditemukan di sekitar Trowulan."
museum,Museum Maluku Utara,2.0343944,128.2956849,"Museum Trikora, Jalan Mac Arthur - Trans Morotai, Gotalamo, Pulau Morotai, Maluku Utara, Maluku, Indonesia",Maluku Utara,Pulau Morotai,"Museum Maluku Utara, Pulau Morotai, Maluku Utara",gambar_wisata/Museum_Maluku_Utara,"Maluku adalah sebuah provinsi di Indonesia. Ibu kota provinsi ini terletak di Kota Ambon, yang juga merupakan kota terbesar di provinsi ini."
museum,Museum Mandala Wangsit Siliwangi,-6.9173055,107.6111041,"Museum Mandala Wangsit Siliwangi, 38, Jalan Lembong, Braga, Sumur Bandung, Kota Bandung, Jawa Barat, Jawa, 40111, Indonesia",Jawa Barat,Kota Bandung,"Museum Mandala Wangsit Siliwangi, Kota Bandung, Jawa Barat",gambar_wisata/Museum_Mandala_Wangsit_Siliwangi,"Museum Wangsit Mandala Siliwangi adalah museum militer yang berada di Kota Bandung, Jawa Barat. Siliwangi merupakan nama komando daerah militer TNI-AD di Jawa Barat dan Banten yang namanya diambil dari raja dari Kerajaan Sunda yang beribu kota di Pakuan Pajajaran yang kekuasaannya konon tak terbatas, juga arif dan bijaksana serta wibawa dalam menjalankan roda pemerintahan."
museum,Museum Mulawarman,-0.413277,116.9900654,"Museum Mulawarman, 26, Jalan Pangeran Diponegoro, Panji, Kutai Kartanegara, Kalimantan Timur, Kalimantan, 75513, Indonesia",Kalimantan Timur,Kutai Kartanegara,"Museum Mulawarman, Kutai Kartanegara, Kalimantan Timur",gambar_wisata/Museum_Mulawarman,"Museum Mulawarman adalah sebuah museum di kota Tenggarong, Provinsi Kalimantan Timur, Indonesia. Museum ini merupakan bekas istana dari Kesultanan Kutai Kartanegara yang dibangun pada tahun 1936 dan diresmikan sebagai Museum Kutai pada tanggal 25 November 1971 oleh Gubernur Abdoel Wahab Sjahranie, lalu diserahterimakan kepada Departemen Pendidikan dan Kebudayaan tanggal 18 Februari 1976 dan berganti nama menjadi Museum Negeri Provinsi Kalimantan Timur ""Mulawarman""."
museum,Museum Mulawarman Tenggarong,-0.413277,116.9900654,"Museum Mulawarman, 26, Jalan Pangeran Diponegoro, Panji, Kutai Kartanegara, Kalimantan Timur, Kalimantan, 75513, Indonesia",Kalimantan Timur,Kutai Kartanegara,"Museum Mulawarman Tenggarong, Kutai Kartanegara, Kalimantan Timur",gambar_wisata/Museum_Mulawarman_Tenggarong,"Tenggarong (disingkat: TGR) merupakan sebuah kecamatan sekaligus ibu kota dari Kabupaten Kutai Kartanegara, Kalimantan Timur, Indonesia.
Wilayah Tenggarong yang terbagi dalam 12 kelurahan dan 2 desa ini memiliki luas wilayah mencapai 270,00 km2 dengan jumlah penduduk sebanyak 114.039 jiwa (2023)."
museum,Museum Multatuli,-6.3605216,106.2472601,"Museum Multatuli, Jalan Abdi Negara, Rangkasbitung, Lebak, Jawa, 42312, Indonesia",,Rangkasbitung,"Museum Multatuli, Rangkasbitung, nan",gambar_wisata/Museum_Multatuli,Deskripsi tidak ditemukan
museum,Museum Musik Indonesia Malang,-7.9882707,112.6265568,"Museum Musik Indonesia, Jalan Nusa Kambangan No. 19, Jalan Nusa Kambangan, Kasin, Kota Malang, Jawa Timur, Jawa, 65117, Indonesia",Jawa Timur,Kota Malang,"Museum Musik Indonesia Malang, Kota Malang, Jawa Timur",gambar_wisata/Museum_Musik_Indonesia_Malang,"Museum Nasional Indonesia atau yang sering disebut dengan Museum Gajah adalah sebuah museum arkeologi, sejarah, etnografi, dan geografi yang berada dibawah naungan Museum dan Cagar Budaya,  Kementerian Kebudayaan Republik Indonesia dan terletak di Jalan Merdeka Barat 12, Jakarta Pusat. Museum ini merupakan museum pertama dan terbesar di Asia Tenggara."
museum,Museum Nasional Indonesia,-6.5987871,106.7938611,"Museum Nasional Sejarah Alam Indonesia, Jalan Kantor Batu, Bogor Tengah, Bogor, Jawa Barat, Jawa, 16122, Indonesia",Jawa Barat,Bogor,"Museum Nasional Indonesia, Bogor, Jawa Barat",gambar_wisata/Museum_Nasional_Indonesia,"Museum Nasional Indonesia atau yang sering disebut dengan Museum Gajah adalah sebuah museum arkeologi, sejarah, etnografi, dan geografi yang berada dibawah naungan Museum dan Cagar Budaya,  Kementerian Kebudayaan Republik Indonesia dan terletak di Jalan Merdeka Barat 12, Jakarta Pusat. Museum ini merupakan museum pertama dan terbesar di Asia Tenggara."
museum,Museum Negeri Banten,-6.116236,106.1500356,"Museum Negeri Banten, Jalan Brigadir Jenderal KH. Samun, Kotabaru, Serang, Serang ᮞᮦᮛᮀ, Jawa, 42112, Indonesia",,Serang ,"Museum Negeri Banten, Serang ᮞᮦᮛᮀ, nan",gambar_wisata/Museum_Negeri_Banten,Deskripsi tidak ditemukan
museum,Museum Negeri Mataram,-8.585067,116.0858857,"Museum Negeri NTB, Jalan Panji Tilar Negara, Kekalik Kijang, Kel. Kekalik Jaya, BTN Kekalik, Mataram, Kec. Ampenan, Nusa Tenggara Barat, Nusa Tenggara, 83215, Indonesia",Nusa Tenggara Barat,Mataram,"Museum Negeri Mataram, Mataram, Nusa Tenggara Barat",gambar_wisata/Museum_Negeri_Mataram,"Wilayah Metropolitan Mataram

Mataram Mataram merupakan kota terbesar sekaligus ibu kota dari Provinsi Nusa Tenggara Barat, Indonesia. Adat suku Sasak cukup mewarnai masyarakat di kota ini."
museum,Museum Negeri Nusa Tenggara Barat,-8.585067,116.0858857,"Museum Negeri NTB, Jalan Panji Tilar Negara, Kekalik Kijang, Kel. Kekalik Jaya, BTN Kekalik, Mataram, Kec. Ampenan, Nusa Tenggara Barat, Nusa Tenggara, 83215, Indonesia",Nusa Tenggara Barat,Mataram,"Museum Negeri Nusa Tenggara Barat, Mataram, Nusa Tenggara Barat",gambar_wisata/Museum_Negeri_Nusa_Tenggara_Barat,"Museum Negeri Nusa Tenggara Barat adalah museum yang terletak di Mataram, Lombok, Indonesia dan merupakan museum negeri provinsi Nusa Tenggara Barat. Museum ini mempunyai slogan ""Museum Sebagai Citra Peradaban Bangsa ."
museum,Museum Negeri Sulawesi Utara,1.4882902,124.8447485,"Museum Negeri Sulawesi Utara, W.R. Supratman, Titiwungen Utara, Manado, Sulawesi Utara, Sulawesi, 95111, Indonesia",Sulawesi Utara,Manado,"Museum Negeri Sulawesi Utara, Manado, Sulawesi Utara",gambar_wisata/Museum_Negeri_Sulawesi_Utara,"Sulawesi Utara (disingkat Sulut) adalah salah satu  provinsi yang terletak di ujung utara Pulau Sulawesi, Indonesia, dengan ibu kota terletak di kota Manado. Sulawesi Utara atau Sulut berbatasan dengan Laut Maluku dan Samudra Pasifik di sebelah timur, Laut Maluku dan Teluk Tomini di sebelah selatan, Laut Sulawesi dan Provinsi Gorontalo di sebelah barat, dan Provinsi Davao Occidental di sebelah utara."
museum,Museum Negeri Sumatera Utara,3.5680314,98.6962362,"Museum Negeri Sumatera Utara, 51, Jalan H.M. Joni, Teladan, Medan Kota, Kota Medan ᯔᯩᯑᯉ᯲, Sumatera Utara, Sumatera, 20217, Indonesia",Sumatera Utara,Kota Medan ,"Museum Negeri Sumatera Utara, Kota Medan ᯔᯩᯑᯉ᯲, Sumatera Utara",gambar_wisata/Museum_Negeri_Sumatera_Utara,Deskripsi tidak ditemukan
museum,Museum Neka,-8.4918367,115.2536188,"Neka Art Museum, Raya Sanggingan, Ubud, Kecamatan Ubud, Gianyar, Bali, Nusa Tenggara, 80571, Indonesia",Bali,Gianyar,"Museum Neka, Gianyar, Bali",gambar_wisata/Museum_Neka,"Beberapa daftar dibuat berdasarkan daftar anggota Asosiasi Museum Indonesia dan data master warisan budaya benda Kementerian Pendidikan dan Kebudayaan (Kemendikbud), maka dari itu beberapa daftar membedakan museum dan cagar budaya berdasarkan standar atau kode unik museum dan cagar budaya oleh Kemendikbud."
museum,Museum NTB,-8.585067,116.0858857,"Museum Negeri NTB, Jalan Panji Tilar Negara, Kekalik Kijang, Kel. Kekalik Jaya, BTN Kekalik, Mataram, Kec. Ampenan, Nusa Tenggara Barat, Nusa Tenggara, 83215, Indonesia",Nusa Tenggara Barat,Mataram,"Museum NTB, Mataram, Nusa Tenggara Barat",gambar_wisata/Museum_NTB,"Museum Negeri Nusa Tenggara Barat adalah museum yang terletak di Mataram, Lombok, Indonesia dan merupakan museum negeri provinsi Nusa Tenggara Barat. Museum ini mempunyai slogan ""Museum Sebagai Citra Peradaban Bangsa ."
museum,Museum Nusa Tenggara Barat,-10.1589523,123.6196131,"Museum Daerah Nusa Tenggara Timur, Jalan Frans-Seda, Perumahan Artha Graha, Kec. Kelapa Lima, TDM, Kupang, Nusa Tenggara Timur, Nusa Tenggara, 85228, Indonesia",Nusa Tenggara Timur,Kupang,"Museum Nusa Tenggara Barat, Kupang, Nusa Tenggara Timur",gambar_wisata/Museum_Nusa_Tenggara_Barat,"Museum Daerah Nusa Tenggara Timur adalah sebuah museum provinsi Nusa Tenggara Timur (NTT) yang terletak di Kota Kupang, Nusa Tenggara Timur. Terletak di Jalan Raya Eltari II. Museum ini didirikan pada 1977."
museum,Museum Nusa Tenggara Timur,-10.1589523,123.6196131,"Museum Daerah Nusa Tenggara Timur, Jalan Frans-Seda, Perumahan Artha Graha, Kec. Kelapa Lima, TDM, Kupang, Nusa Tenggara Timur, Nusa Tenggara, 85228, Indonesia",Nusa Tenggara Timur,Kupang,"Museum Nusa Tenggara Timur, Kupang, Nusa Tenggara Timur",gambar_wisata/Museum_Nusa_Tenggara_Timur,"Museum Daerah Nusa Tenggara Timur adalah sebuah museum provinsi Nusa Tenggara Timur (NTT) yang terletak di Kota Kupang, Nusa Tenggara Timur. Terletak di Jalan Raya Eltari II. Museum ini didirikan pada 1977."
museum,Museum Palangka Raya,-2.1956114,113.9016328,"Museum Balanga Kalimantan Tengah, Km 2.5, Jalan Tekukur II, Palangka, Palangka Raya, Kalimantan Tengah, Kalimantan, 73112, Indonesia",Kalimantan Tengah,Palangka Raya,"Museum Palangka Raya, Palangka Raya, Kalimantan Tengah",gambar_wisata/Museum_Palangka_Raya,"Kota Palangka Raya adalah sebuah kota sekaligus ibu kota provinsi Kalimantan Tengah, Indonesia. Kota ini memiliki luas wilayah 2.853,12 km  dan jumlah penduduk pada akhir tahun 2024 sebanyak 315.153 jiwa, dengan kepadatan penduduk rata-rata 110 jiwa/km ."
museum,Museum Palu,-0.9021152,119.8538483,"Museum Negeri Provinsi Sulawesi Tengah - Palu, 23, Jalan Kemiri, Kecamatan Ulujadi, Palu, Sulawesi Tengah, Sulawesi, 94111, Indonesia",Sulawesi Tengah,Palu,"Museum Palu, Palu, Sulawesi Tengah",gambar_wisata/Museum_Palu,"Kota Palu adalah sebuah kota yang terletak di tepi laut dan sekaligus Ibukota dari provinsi Sulawesi Tengah, Indonesia. Palu merupakan kota yang terletak di Sulawesi Tengah, berbatasan dengan Kabupaten Donggala di sebelah barat dan utara, Kabupaten Sigi di sebelah selatan, dan Kabupaten Parigi Moutong di sebelah timur."
museum,Museum Pasifika,-8.7998998,115.2307568,"Museum Pasifika, 777, Wirayudha, Nusa Dua, Benoa, Kuta Selatan, Badung, Bali, Nusa Tenggara, 80361, Indonesia",Bali,Badung,"Museum Pasifika, Badung, Bali",gambar_wisata/Museum_Pasifika,"Museum Pasifika (Nusa Dua Bali) adalah museum seni di Bali, Indonesia. yang menyajikan kebudayaan Asia dan Pasifik dan berbagai macam lukisan serta artefak budaya."
museum,Museum Pendidikan Indonesia,-8.0344195,112.64949,"Museum Pendidikan Indonesia Kota Malang, Jl. Raya Tlogowaru, Tlogowaru, Kec. Kedungkandang, Kota Malang, Jawa Timur, Jalan Tlogowaru, RW.04, KEL. TLOGOWARU, KOTA MALANG, Tlogowaru, Kota Malang, Jawa Timur, Jawa, 65133, Indonesia",Jawa Timur,Kota Malang,"Museum Pendidikan Indonesia, Kota Malang, Jawa Timur",gambar_wisata/Museum_Pendidikan_Indonesia,"Jawa Timur (atau juga diakronimkan sebagai Jatim) adalah sebuah wilayah provinsi yang terletak di bagian timur Pulau Jawa, Indonesia. Ibu kotanya adalah Kota Surabaya."
museum,Museum Pendidikan Nasional,-6.8597725,107.5941677,"Museum Pendidikan Nasional UPI, 229, Jalan Muh Yamin, Isola, Sukajadi, Kota Bandung, Jawa Barat, Jawa, 40154, Indonesia",Jawa Barat,Kota Bandung,"Museum Pendidikan Nasional, Kota Bandung, Jawa Barat",gambar_wisata/Museum_Pendidikan_Nasional,"Kota Bandung (bahasa Sunda:    , Pegon:  , Hanzi:  , translit. Bandung; pelafalan dalam bahasa Indonesia: [ban.du ] ) adalah sebuah kota sekaligus menjadi ibu kota provinsi di Provinsi Jawa Barat, Indonesia."
museum,Museum Prasasti,-6.1723713,106.8195429,"Museum Taman Prasasti, Jalan Tanah Abang I, RW 08, Petojo Selatan, Gambir, Jakarta Pusat, Daerah Khusus ibukota Jakarta, Jawa, 10320, Indonesia",,Daerah Khusus ibukota Jakarta,"Museum Prasasti, Daerah Khusus ibukota Jakarta, nan",gambar_wisata/Museum_Prasasti,"Kerajaan Medang (Jawa kuno:    , translit. ka atwan m a ) atau sering disebut juga Medang Kuno adalah kerajaan agraris sekaligus talasokrasi yang berdiri di Jawa Tengah pada abad ke-8 Masehi, didirikan oleh Sanjaya, kemudian berpindah ke Jawa Timur pada abad ke-10 Masehi, pada masa Dyah Balitung dan Dyah Pu Sindok."
museum,Museum Prasasti Jakarta,-6.1723713,106.8195429,"Museum Taman Prasasti, Jalan Tanah Abang I, RW 08, Petojo Selatan, Gambir, Jakarta Pusat, Daerah Khusus ibukota Jakarta, Jawa, 10320, Indonesia",,Daerah Khusus ibukota Jakarta,"Museum Prasasti Jakarta, Daerah Khusus ibukota Jakarta, nan",gambar_wisata/Museum_Prasasti_Jakarta,Sriwijaya adalah kedatuan bahari historis yang berasal dari Pulau Sumatra sekitar abad ke-7 sampai abad ke-11. Kehadirannya banyak memberi pengaruh pada perkembangan sejarah Asia Tenggara (terutama dalam kawasan Nusantara barat).
museum,Museum Puri Lukisan,-8.5050909,115.2603669,"Museum Puri Lukisan, Jalan Raya Ubud, Ubud, Kecamatan Ubud, Gianyar, Bali, Nusa Tenggara, 80571, Indonesia",Bali,Gianyar,"Museum Puri Lukisan, Gianyar, Bali",gambar_wisata/Museum_Puri_Lukisan,Museum Puri Lukisan (bernama lengkap Museum Puri Lukisan Ratna Wartha) adalah museum yang menjadi tempat dari berbagai koleksi kesenian budaya Bali berupa lukisan dan hasil ukiran kayu dari yang tradisional sampai yang modern. Museum ini merupakan museum seni tertua di Bali yang menyimpan koleksi sejak tahun 1930 hingga saat ini.
museum,Museum Puri Lukisan Bali,-8.5050909,115.2603669,"Museum Puri Lukisan, Jalan Raya Ubud, Ubud, Kecamatan Ubud, Gianyar, Bali, Nusa Tenggara, 80571, Indonesia",Bali,Gianyar,"Museum Puri Lukisan Bali, Gianyar, Bali",gambar_wisata/Museum_Puri_Lukisan_Bali,"Pulau Bali adalah destinasi tempat wisata terpopuler di Indonesia. Total kunjungan wisatawan mancanegara ke Indonesia melalui pintu masuk Bandara Ngurah Rai mencapai 40% terhitung sampai bulan Oktober 2016, dengan nilai penerimaan devisa Bali untuk Indonesia dari sektor pariwisata sebesar 70 Triliun Rupiah."
museum,Museum Purna Bhakti Pertiwi,-6.3006024,106.8873113,"Museum Purna Bhakti Pertiwi, Gerbang 1 TMII, Taman Mini Indonesia Indah (TMII), Cipayung, Jakarta Timur, Daerah Khusus ibukota Jakarta, Jawa, 13240, Indonesia",,Jakarta Timur,"Museum Purna Bhakti Pertiwi, Jakarta Timur, nan",gambar_wisata/Museum_Purna_Bhakti_Pertiwi,Deskripsi tidak ditemukan
museum,Museum Radya Pustaka,-7.5686713,110.814407,"Museum Radya Pustaka, Jalan Brigadir Jenderal Slamet Riyadi, Timuran, Surakarta, Jawa Tengah, Jawa, 57132, Indonesia",Jawa Tengah,Surakarta,"Museum Radya Pustaka, Surakarta, Jawa Tengah",gambar_wisata/Museum_Radya_Pustaka,"Museum Radya Pustaka (bahasa Jawa:  , translit. Musyium Radya Pustaka) adalah sebuah museum yang terletak di Surakarta, Jawa Tengah, Indonesia."
museum,Museum Ranggawarsita,-6.9860374,110.3839468,"Museum Ranggawarsita, Jalan Abdul Rahman Saleh, RW 05, Kalibanteng Kidul, Semarang Barat, Kota Semarang, Jawa Tengah, Jawa, 50148, Indonesia",Jawa Tengah,Kota Semarang,"Museum Ranggawarsita, Kota Semarang, Jawa Tengah",gambar_wisata/Museum_Ranggawarsita,"Museum Ranggawarsita adalah Museum Negeri yang terletak di Semarang, Indonesia. Sebagai Museum Negeri, Museum Ranggawarsita secara resmi dikenal sebagai Museum Negeri Provinsi Jawa Tengah."
museum,Museum Rudana,-8.5294046,115.2715408,"Museum Rudana, 44, Jalan Cok Rai Pudak, Peliatan, Kecamatan Ubud, Gianyar, Bali, Nusa Tenggara, 80571, Indonesia",Bali,Gianyar,"Museum Rudana, Gianyar, Bali",gambar_wisata/Museum_Rudana,"Ubud (aksara Bali:  ) adalah sebuah desa adat sekaligus menjadi kawasan destinasi pariwisata yang berada di wilayah tengah pulau Bali, Indonesia.
Ubud terutama terkenal diantara para wisatawan mancanegara karena terletak di antara sawah dan hutan yang berjurang-jurang yang membuat pemandangan alam sangat indah."
museum,Museum Sangiran,-7.4559497,110.834048,"Museum Manusia Purba Sangiran, Jalan Barokah, Gondangrejo, Karanganyar, Jawa Tengah, Jawa, Indonesia",Jawa Tengah,Karanganyar,"Museum Sangiran, Karanganyar, Jawa Tengah",gambar_wisata/Museum_Sangiran,"Museum Manusia Purba Sangiran atau Museum Sangiran adalah museum arkeologi yang terletak di dua kabupaten, yaitu Sragen dan Karanganyar. Memiliki lima klaster, empat di antaranya terletak di Kabupaten Sragen, sedangkan satu klaster terletak di Kabupaten Karanganyar."
museum,Museum Satria Mandala,-6.2310834,106.8189045,"Museum Satria Mandala, Kuningan Barat, Mampang Prapatan, Jakarta Selatan, Daerah Khusus ibukota Jakarta, Jawa, Indonesia",,Daerah Khusus ibukota Jakarta,"Museum Satria Mandala, Daerah Khusus ibukota Jakarta, nan",gambar_wisata/Museum_Satria_Mandala,
museum,Museum Sejarah Jakarta,-6.1351503,106.8133668,"Museum Sejarah Jakarta, Taman Fatahillah, RW 06, Pinangsia, Taman Sari, Jakarta Barat, Daerah Khusus ibukota Jakarta, Jawa, 11110, Indonesia",,Daerah Khusus ibukota Jakarta,"Museum Sejarah Jakarta, Daerah Khusus ibukota Jakarta, nan",gambar_wisata/Museum_Sejarah_Jakarta,"Monumen Nasional yang disingkat dengan Monas atau Tugu Monas adalah monumen peringatan setinggi 132 meter (433 kaki), terletak tepat di tengah Lapangan Medan Merdeka, Jakarta Pusat. Monas didirikan untuk mengenang perlawanan dan perjuangan rakyat Indonesia dalam merebut kemerdekaan dari pemerintahan kolonial Kerajaan Belanda."
museum,Museum Seni Rupa dan Keramik,-6.1342607,106.8144771,"Museum Seni Rupa dan Keramik, Jalan Kemukus, RW 06, Pinangsia, Taman Sari, Jakarta Barat, Daerah Khusus ibukota Jakarta, Jawa, 11110, Indonesia",,Daerah Khusus ibukota Jakarta,"Museum Seni Rupa dan Keramik, Daerah Khusus ibukota Jakarta, nan",gambar_wisata/Museum_Seni_Rupa_dan_Keramik,"Kota Malang (bahasa Jawa: Hanacaraka:  , Pegon:  ; pengucapan bahasa Jawa: [ mala ]) adalah sebuah kota yang terletak di Provinsi Jawa Timur, Indonesia, Kota ini merupakan kota terbesar kedua di Jawa Timur setelah Surabaya, dan kota terbesar ke-12 di Indonesia. Kota ini didirikan pada masa Pemerintahan Belanda pada 1 April 1914 dengan E.K Broeveldt sebagai wali kota pertama."
museum,Museum Setia Darma,-8.533909,115.2795977,"Setia Darma, Jalan Tegal Bingin, Mas, Kecamatan Ubud, Gianyar, Bali, Nusa Tenggara, 80571, Indonesia",Bali,Gianyar,"Museum Setia Darma, Gianyar, Bali",gambar_wisata/Museum_Setia_Darma,"Beberapa daftar dibuat berdasarkan daftar anggota Asosiasi Museum Indonesia dan data master warisan budaya benda Kementerian Pendidikan dan Kebudayaan (Kemendikbud), maka dari itu beberapa daftar membedakan museum dan cagar budaya berdasarkan standar atau kode unik museum dan cagar budaya oleh Kemendikbud."
museum,Museum Si Pitung,-6.0969265,106.9588827,"Rumah si Pitung, Jalan Marunda Pulo, RW 07, Marunda, Cilincing, Jakarta Utara, Daerah Khusus ibukota Jakarta, Jawa, 14230, Indonesia",,Daerah Khusus ibukota Jakarta,"Museum Si Pitung, Daerah Khusus ibukota Jakarta, nan",gambar_wisata/Museum_Si_Pitung,Deskripsi tidak ditemukan
museum,Museum Siwalima,-3.7123684,128.1519337,"Museum Siwalima, Jalan Dokter Malaihollo, Nusaniwe, Ambon, Maluku, 97117, Indonesia",Maluku,Ambon,"Museum Siwalima, Ambon, Maluku",gambar_wisata/Museum_Siwalima,"Maluku adalah sebuah provinsi di Indonesia. Ibu kota provinsi ini terletak di Kota Ambon, yang juga merupakan kota terbesar di provinsi ini."
museum,Museum Sonobudoyo,-7.8023442,110.3644129,"Museum Sonobudoyo Unit I, 06, Jalan Pangurakan, Kampung Ketandan, Prawirodirjan, Gondomanan, Kota Yogyakarta, Daerah Istimewa Yogyakarta, Jawa, 55122, Indonesia",Daerah Istimewa Yogyakarta,Kota Yogyakarta,"Museum Sonobudoyo, Kota Yogyakarta, Daerah Istimewa Yogyakarta",gambar_wisata/Museum_Sonobudoyo,"Kota Yogyakarta (bahasa Jawa:  , translit. Ngayogyakarta, pengucapan bahasa Jawa: [ku   ajogj kart ], atau dikenal oleh masyarakat setempat dengan sebutan nama Yogya atau Jogja) adalah ibu kota sekaligus pusat pemerintahan dan perekonomian dari provinsi Daerah Istimewa Yogyakarta, Indonesia."
museum,Museum Sulawesi Barat,1.4882902,124.8447485,"Museum Negeri Sulawesi Utara, W.R. Supratman, Titiwungen Utara, Manado, Sulawesi Utara, Sulawesi, 95111, Indonesia",Sulawesi Utara,Manado,"Museum Sulawesi Barat, Manado, Sulawesi Utara",gambar_wisata/Museum_Sulawesi_Barat,"Sulawesi Utara (disingkat Sulut) adalah salah satu  provinsi yang terletak di ujung utara Pulau Sulawesi, Indonesia, dengan ibu kota terletak di kota Manado. Sulawesi Utara atau Sulut berbatasan dengan Laut Maluku dan Samudra Pasifik di sebelah timur, Laut Maluku dan Teluk Tomini di sebelah selatan, Laut Sulawesi dan Provinsi Gorontalo di sebelah barat, dan Provinsi Davao Occidental di sebelah utara."
museum,Museum Sulawesi Tenggara,-3.9771924,122.5177405,"Museum Negeri Provinsi Sulawesi Tenggara, 113, Jalan Sao Sao, Mandonga, Kendari, Sulawesi Tenggara, Sulawesi, 93461, Indonesia",Sulawesi Tenggara,Kendari,"Museum Sulawesi Tenggara, Kendari, Sulawesi Tenggara",gambar_wisata/Museum_Sulawesi_Tenggara,Museum Negeri Provinsi Sulawesi Tenggara adalah sebuah museum yang terletak di Jl. Abunawas No.
museum,Museum Sultan Mahmud Badaruddin II,-2.99029,104.7610605,"Museum Sultan Mahmud Badaruddin II, 19, Jalan Dokter AK. Gani, RW 06 Kel. 19 Ilir Kec. Bukit Kecil, Bukit Kecil, Palembang, Sumatera Selatan, Sumatera, 30113, Indonesia",Sumatera Selatan,Palembang,"Museum Sultan Mahmud Badaruddin II, Palembang, Sumatera Selatan",gambar_wisata/Museum_Sultan_Mahmud_Badaruddin_II,"Museum Sultan Mahmud Badaruddin II adalah museum di kota Palembang, Sumatera Selatan, Indonesia. Museum ini didirikan di bekas bangunan rumah residen kolonial Sumatera Selatan abad ke-19."
museum,Museum Sumpah Pemuda,-6.1838168,106.8430499,"Museum Sumpah Pemuda, Jalan Kramat Raya, RW 09, Kwitang, Senen, Jakarta Pusat, Daerah Khusus ibukota Jakarta, Jawa, 10450, Indonesia",,Daerah Khusus ibukota Jakarta,"Museum Sumpah Pemuda, Daerah Khusus ibukota Jakarta, nan",gambar_wisata/Museum_Sumpah_Pemuda,"Monumen Nasional yang disingkat dengan Monas atau Tugu Monas adalah monumen peringatan setinggi 132 meter (433 kaki), terletak tepat di tengah Lapangan Medan Merdeka, Jakarta Pusat. Monas didirikan untuk mengenang perlawanan dan perjuangan rakyat Indonesia dalam merebut kemerdekaan dari pemerintahan kolonial Kerajaan Belanda."
museum,Museum Taman Prasasti,-6.1723713,106.8195429,"Museum Taman Prasasti, Jalan Tanah Abang I, RW 08, Petojo Selatan, Gambir, Jakarta Pusat, Daerah Khusus ibukota Jakarta, Jawa, 10320, Indonesia",,Daerah Khusus ibukota Jakarta,"Museum Taman Prasasti, Daerah Khusus ibukota Jakarta, nan",gambar_wisata/Museum_Taman_Prasasti,"Kerajaan Medang (Jawa kuno:    , translit. ka atwan m a ) atau sering disebut juga Medang Kuno adalah kerajaan agraris sekaligus talasokrasi yang berdiri di Jawa Tengah pada abad ke-8 Masehi, didirikan oleh Sanjaya, kemudian berpindah ke Jawa Timur pada abad ke-10 Masehi, pada masa Dyah Balitung dan Dyah Pu Sindok."
museum,Museum Tani Jawa Indonesia,-7.9243964,110.3715199,"Museum Tani Jawa Indonesia, Jalan Imogiri Siluk Panggang, Kebonagung, Imogiri, Bantul, Daerah Istimewa Yogyakarta, Jawa, 55782, Indonesia",Daerah Istimewa Yogyakarta,Kebonagung,"Museum Tani Jawa Indonesia, Kebonagung, Daerah Istimewa Yogyakarta",gambar_wisata/Museum_Tani_Jawa_Indonesia,
museum,Museum Tanjung Redeb,2.1599252,117.4918973,"Museum Batiwakkal, Jalan Manunggal, Tanjung Redeb, Berau, Kalimantan Timur, Kalimantan, 77311, Indonesia",Kalimantan Timur,Berau,"Museum Tanjung Redeb, Berau, Kalimantan Timur",gambar_wisata/Museum_Tanjung_Redeb,"Kabupaten Berau adalah salah satu kabupaten di Provinsi Kalimantan Timur, Indonesia. Ibu kota kabupaten ini terletak di kecamatan Tanjung Redeb."
museum,Museum Tekstil,-6.1879368,106.8096058,"Museum Tekstil, Jalan Aipda Karel Satsuit Tubun, RW 01, Kota Bambu Selatan, Palmerah, Jakarta Barat, Daerah Khusus ibukota Jakarta, Jawa, 11260, Indonesia",,Daerah Khusus ibukota Jakarta,"Museum Tekstil, Daerah Khusus ibukota Jakarta, nan",gambar_wisata/Museum_Tekstil,
museum,Museum Tosan Aji,-7.7110119,110.0097575,"Museum Tosan Aji, 10, Jalan Mayjen Sutoyo, Purworejo, Jawa Tengah, Jawa, 54151, Indonesia",Jawa Tengah,Purworejo,"Museum Tosan Aji, Purworejo, Jawa Tengah",gambar_wisata/Museum_Tosan_Aji,"Kabupaten Purworejo (bahasa Jawa:  Hanacaraka:  , Pegon:  , translit. Purw r j ) adalah sebuah wilayah kabupaten di Provinsi Jawa Tengah, Indonesia."
museum,Museum Trinil Ngawi,-7.3743213,111.357806,"Museum Trinil Ngawi, Jalan Raya Solo - Ngawi, Sukosari, Gemarang, Ngawi, Jawa Timur, Jawa, Indonesia",Jawa Timur,Ngawi,"Museum Trinil Ngawi, Ngawi, Jawa Timur",gambar_wisata/Museum_Trinil_Ngawi,"Kabupaten Ngawi (bahasa Jawa:  Hanacaraka:  , Pegon:  , translit. Ngaw ; pengucapan bahasa Jawa: [ a wi]) adalah sebuah kabupaten yang berada di Provinsi Jawa Timur, Indonesia."
museum,Museum Tsunami Aceh,5.5478201,95.3151652,"Museum Tsunami Aceh, Jalan Sultan Iskandar Muda, Suka Ramai, Baiturrahman, Banda Aceh, Aceh, Sumatera, 23116, Indonesia",Aceh,Banda Aceh,"Museum Tsunami Aceh, Banda Aceh, Aceh",gambar_wisata/Museum_Tsunami_Aceh,"Aceh adalah sebuah provinsi di Pulau Sumatra, Indonesia. Ibu kota provinsi ini berada di Kota Banda Aceh."
museum,Museum Ullen Sentalu,-7.5976484,110.4233962,"Museum Ullen Sentalu, Taman Kaliurang, Kaliurang, Hargobinangun, Pakem, Sleman, Daerah Istimewa Yogyakarta, Jawa, 55583, Indonesia",Daerah Istimewa Yogyakarta,Hargobinangun,"Museum Ullen Sentalu, Hargobinangun, Daerah Istimewa Yogyakarta",gambar_wisata/Museum_Ullen_Sentalu,Deskripsi tidak ditemukan
museum,Museum Wayang,-7.5147128,109.2942576,"Museum Wayang Banyumas, 1, Jalan Alun-Alun, Banyumas, Jawa Tengah, Jawa, 53192, Indonesia",Jawa Tengah,Banyumas,"Museum Wayang, Banyumas, Jawa Tengah",gambar_wisata/Museum_Wayang,"Museum Wayang adalah sebuah museum yang berlokasi di Jalan Pintu Besar Utara Nomor 27, Jakarta Barat."
museum,Museum Wayang Jakarta,-6.1348145,106.8125091,"Wayang Museum, Taman Fatahillah, RW 06, Pinangsia, Taman Sari, Jakarta Barat, Daerah Khusus ibukota Jakarta, Jawa, 11110, Indonesia",,Daerah Khusus ibukota Jakarta,"Museum Wayang Jakarta, Daerah Khusus ibukota Jakarta, nan",gambar_wisata/Museum_Wayang_Jakarta,"Kerajaan Medang (Jawa kuno:    , translit. ka atwan m a ) atau sering disebut juga Medang Kuno adalah kerajaan agraris sekaligus talasokrasi yang berdiri di Jawa Tengah pada abad ke-8 Masehi, didirikan oleh Sanjaya, kemudian berpindah ke Jawa Timur pada abad ke-10 Masehi, pada masa Dyah Balitung dan Dyah Pu Sindok."
museum,Museum Zoologi Bogor,-6.6035575,106.7969138,"Museum Zoologi, 9, Jalan Otto Iskandardinata, Bogor Tengah, Bogor, Jawa Barat, Jawa, 16122, Indonesia",Jawa Barat,Bogor,"Museum Zoologi Bogor, Bogor, Jawa Barat",gambar_wisata/Museum_Zoologi_Bogor,"Museum Zoologi Bogor (bahasa Sunda:      , translit. Musieum Zoologi Bogor) adalah museum yang terletak di Bogor, memiliki koleksi yang berkaitan dengan dunia satwa seperti berbagai spesimen yang diawetkan maupun fosil hewan."
pantai,Ancol Beach,-6.117558,106.8581403,"Ancol Beach City Mall, Pasir Putih Raya, Kawasan Wisata Ancol, Ancol, Pademangan, Jakarta Utara, Daerah Khusus ibukota Jakarta, Jawa, 14430, Indonesia",,Daerah Khusus ibukota Jakarta,"Ancol Beach, Daerah Khusus ibukota Jakarta, nan",gambar_wisata/Ancol_Beach,
pantai,Pantai Air Saga,-2.7260361,107.6298609,"Hotel Bunga Pantai, Jalan Pattimura, Tanjung Pendam, Belitung, Kepulauan Bangka Belitung, Sumatera, 33415, Indonesia",Kepulauan Bangka Belitung,Belitung,"Pantai Air Saga, Belitung, Kepulauan Bangka Belitung",gambar_wisata/Pantai_Air_Saga,"Pentacity Shopping Venue adalah sebuah pusat perbelanjaan yang terletak di Balikpapan, Kalimantan Timur. Didirikan pada tahun 2015, mal ini berada di kawasan serbaguna Balikpapan Superblock (BSB) karya PAM (Pintu Air Mas) Group."
pantai,Pantai Amed,-8.3305768,115.638125,"Weston Pantai Rumah, Jalan. I Ketut Natih, Purwa Kerthi, Kecamatan Abang, Karangasem, Bali, Nusa Tenggara, 80852, Indonesia",Bali,Karangasem,"Pantai Amed, Karangasem, Bali",gambar_wisata/Pantai_Amed,Kabupaten Karangasem (bahasa Bali: aksara Bali:   Kabupat n Kara as m) adalah salah satu kabupaten di provinsi Bali yang terletak di bagian timur pulau Bali. Ibu kotanya adalah kota Amlapura.
pantai,Pantai Balangan,-8.7923274,115.1231962,"Pantai Balangan, Balangan, Jimbaran, Kuta Selatan, Badung, Bali, Nusa Tenggara, Indonesia",Bali,Badung,"Pantai Balangan, Badung, Bali",gambar_wisata/Pantai_Balangan,Deskripsi tidak ditemukan
pantai,Pantai Balekambang,-8.4030438,112.5364708,"Pantai Balekambang Malang, Jalan Balaikambang, Balaikambang, Kabupaten Malang, Jawa Timur, Jawa, 65179, Indonesia",Jawa Timur,Kabupaten Malang,"Pantai Balekambang, Kabupaten Malang, Jawa Timur",gambar_wisata/Pantai_Balekambang,"Pantai Balekambang adalah sebuah pantai di pesisir selatan yang terletak di tepi Samudra Indonesia secara administratif masuk wilayah Dusun Sumber Jambe, Desa Srigonco, Kecamatan Bantur, Kabupaten Malang, Jawa Timur dan merupakan salah satu wisata di Kabupaten Malang sejak 1985 hingga kini. Pantai ini berjarak sekitar 65 km dari pusat Kota Malang dan dapat ditempuh dalam waktu 2-3 jam."
pantai,Pantai Balian,-8.499574,114.9650184,"Jalan Pantai Balian, Suraberata, Tabanan, Bali, Nusa Tenggara, Indonesia",Bali,Tabanan,"Pantai Balian, Tabanan, Bali",gambar_wisata/Pantai_Balian,"Bali adalah sebuah provinsi di Indonesia yang terletak pada bagian barat Kepulauan Nusa Tenggara dan beribu kota di Kota Denpasar. Pulau Bali, yang merupakan pulau terbesar di Provinsi Bali, memiliki beberapa julukan, di antaranya Pulau Dewata dan Pulau Seribu Pura."
pantai,Pantai Bandealit,-8.4817059,113.7107356,"Pantai Bandealit, Kebonpantai, Jember, Jawa Timur, Jawa, Indonesia",Jawa Timur,Jember,"Pantai Bandealit, Jember, Jawa Timur",gambar_wisata/Pantai_Bandealit,Deskripsi tidak ditemukan
pantai,Pantai Bandengan,-6.5541815,110.6512845,"Pantai Bandengan, Jalan Tirto Samudro, Kalijengking, Cikal, Jepara, Jawa Tengah, Jawa, 59417, Indonesia",Jawa Tengah,Jepara,"Pantai Bandengan, Jepara, Jawa Tengah",gambar_wisata/Pantai_Bandengan,"Bandengan adalah sebuah desa di Kecamatan Jepara, Jepara, Jawa Tengah, Indonesia."
pantai,Pantai Baron,-8.1289468,110.5491797,"Pantai Baron, Kemadang, Tanjungsari, Kabupaten Gunungkidul ꦏꦧꦸꦥꦠꦺꦤ꧀ꦒꦸꦤꦸꦁꦏꦶꦢꦸꦭ꧀, Daerah Istimewa Yogyakarta, Jawa, Indonesia",Daerah Istimewa Yogyakarta,Kabupaten Gunungkidul ,"Pantai Baron, Kabupaten Gunungkidul ꦏꦧꦸꦥꦠꦺꦤ꧀ꦒꦸꦤꦸꦁꦏꦶꦢꦸꦭ꧀, Daerah Istimewa Yogyakarta",gambar_wisata/Pantai_Baron,Deskripsi tidak ditemukan
pantai,Pantai Batu Bedaun,-1.8193085,106.1177357,"Pantai Batu Bedaun Resort, Bangka, Kepulauan Bangka Belitung, Sumatera, Indonesia",Kepulauan Bangka Belitung,Bangka,"Pantai Batu Bedaun, Bangka, Kepulauan Bangka Belitung",gambar_wisata/Pantai_Batu_Bedaun,Deskripsi tidak ditemukan
pantai,Pantai Batu Layar,-8.4990433,116.0481663,"Jalan Pantai Senggigi, Dusun Loco Dalam, Senggigi, Lombok Barat, Nusa Tenggara Barat, Nusa Tenggara, 83355, Indonesia",Nusa Tenggara Barat,Lombok Barat,"Pantai Batu Layar, Lombok Barat, Nusa Tenggara Barat",gambar_wisata/Pantai_Batu_Layar,Nusa Tenggara Barat (disingkat NTB) ialah sebuah provinsi di Indonesia yang berada di bagian tengah Kepulauan Nusa Tenggara di antara provinsi Bali di sebelah barat dan provinsi Nusa Tenggara Timur di sebelah Timur. Pusat pemerintahan dan ibu kota provinsi ini berada di Kota Mataram.
pantai,Pantai Baubau,-5.5239244,122.5679746,"Pantai Nirwana, Baubau, Sulawesi Tenggara, Sulawesi, Indonesia",Sulawesi Tenggara,Baubau,"Pantai Baubau, Baubau, Sulawesi Tenggara",gambar_wisata/Pantai_Baubau,"Kota Baubau adalah sebuah kota di Provinsi Sulawesi Tenggara, Indonesia. Kota ini terletak di Pulau Buton, pulau terbesar di provinsi tersebut."
pantai,Pantai Bentar,-7.7800155,113.2762115,"Pantai Bentar, Probolinggo, Jawa Timur, Jawa, Indonesia",Jawa Timur,Probolinggo,"Pantai Bentar, Probolinggo, Jawa Timur",gambar_wisata/Pantai_Bentar,"Kabupaten Probolinggo (disingkat Proling, Hanacaraka:  , Pegon:  , Hanzi:  , pelafalan dalam bahasa Indonesia: [pr b li g ]) adalah salah satu kabupaten di Provinsi Jawa Timur, Indonesia. Ibu kota kabupaten ini terletak di  Kecamatan Kraksaan."
pantai,Pantai Bira,-5.6076102,120.4434226,"Pantai Bara (Bara beach), Pelabuhan Feri Bira, Bulukumba, Bira, Sulawesi Selatan, Sulawesi, 92551, Indonesia",Sulawesi Selatan,Sulawesi,"Pantai Bira, Sulawesi, Sulawesi Selatan",gambar_wisata/Pantai_Bira,"Sulawesi Selatan (diakronimkan: Sulsel; Lontara:     ) adalah sebuah provinsi di semenanjung bagian selatan pulau Sulawesi, Indonesia. Kepulauan Selayar di bagian selatan pulau Sulawesi juga merupakan bagian dari provinsi tersebut."
pantai,Pantai Bontang,0.113411,117.4819838,"BRI, Jalan Sultan Hasanuddin, Berbas Tengah, Bontang, Kalimantan Timur, Kalimantan, 77435, Indonesia",Kalimantan Timur,Bontang,"Pantai Bontang, Bontang, Kalimantan Timur",gambar_wisata/Pantai_Bontang,Deskripsi tidak ditemukan
pantai,Pantai Boom,-8.2067756,114.3837475,"Pantai Boom, Krajan, Banyuwangi, Kampungmandar, Banyuwangi, Jawa Timur, Jawa, 68419, Indonesia",Jawa Timur,Banyuwangi,"Pantai Boom, Banyuwangi, Jawa Timur",gambar_wisata/Pantai_Boom,"Pantai Boom adalah sebuah pantai yang terletak di Kelurahan Kampung Mandar, Kecamatan Banyuwangi, Banyuwangi, Jawa Timur. Pantai ini dulunya merupakan pelabuhan."
pantai,Pantai Bunaken,1.6186573,124.7662841,"Loket Pintu Masuk Pantai Liang, Public Harbour, Bunaken, Manado, Sulawesi Utara, Sulawesi, 95231, Indonesia",Sulawesi Utara,Manado,"Pantai Bunaken, Manado, Sulawesi Utara",gambar_wisata/Pantai_Bunaken,"Sulawesi Utara (disingkat Sulut) adalah salah satu  provinsi yang terletak di ujung utara Pulau Sulawesi, Indonesia, dengan ibu kota terletak di kota Manado. Sulawesi Utara atau Sulut berbatasan dengan Laut Maluku dan Samudra Pasifik di sebelah timur, Laut Maluku dan Teluk Tomini di sebelah selatan, Laut Sulawesi dan Provinsi Gorontalo di sebelah barat, dan Provinsi Davao Occidental di sebelah utara."
pantai,Pantai Candidasa,-8.5121812,115.5766859,"Jalan Pantai Indah, Candi Dasa 1, Candidasa, Kecamatan Karangasem, Karangasem, Bali, Nusa Tenggara, 80851, Indonesia",Bali,Karangasem,"Pantai Candidasa, Karangasem, Bali",gambar_wisata/Pantai_Candidasa,Kabupaten Karangasem (bahasa Bali: aksara Bali:   Kabupat n Kara as m) adalah salah satu kabupaten di provinsi Bali yang terletak di bagian timur pulau Bali. Ibu kotanya adalah kota Amlapura.
pantai,Pantai Canggu,-8.6600724,115.1308276,"Pantai Canggu, Canggu, Kuta Utara, Badung, Bali, Nusa Tenggara, Indonesia",Bali,Badung,"Pantai Canggu, Badung, Bali",gambar_wisata/Pantai_Canggu,Deskripsi tidak ditemukan
pantai,Pantai Carita,-6.3042114,105.8416302,"Kondominium Pantai Carita Selatan, 3, Sukajadi, Pandeglang, Jawa, 42273, Indonesia",,Pandeglang,"Pantai Carita, Pandeglang, nan",gambar_wisata/Pantai_Carita,Silakan kunjungi Pariwisata di Indonesia untuk informasi lebih lengkap.
pantai,Pantai Cemara,-8.8893538,116.5070133,"Pantai Cemara, Jalan Tanjung Ringgit, Repoksampih, Jerowaru, Lombok Timur, Nusa Tenggara Barat, Nusa Tenggara, 83672, Indonesia",Nusa Tenggara Barat,nan,"Pantai Cemara, nan, Nusa Tenggara Barat",gambar_wisata/Pantai_Cemara,"Kabupaten Manggarai Timur adalah salah satu kabupaten yang berada di provinsi Nusa Tenggara Timur, Indonesia. Kabupaten Manggarai Timur merupakan hasil pemekaran dari Kabupaten Manggarai, tepatnya pada tanggal 17 Juli 2007."
pantai,Pantai Ciputih,-6.7007006,105.5495308,"Pondok Pantai Ciputih, Jalan Taman Nasional Ujung Kulon, Tanjungsari, Cihonje, Pandeglang, Banten, Jawa, Indonesia",Banten,Pandeglang,"Pantai Ciputih, Pandeglang, Banten",gambar_wisata/Pantai_Ciputih,Deskripsi tidak ditemukan
pantai,Pantai Depok,-8.0139962,110.2926462,"Pantai Depok, Parangtritis, Kretek, Bantul, Daerah Istimewa Yogyakarta, Jawa, Indonesia",Daerah Istimewa Yogyakarta,Bantul,"Pantai Depok, Bantul, Daerah Istimewa Yogyakarta",gambar_wisata/Pantai_Depok,"Daerah Istimewa Yogyakarta, disingkat DI Yogyakarta atau DIY adalah daerah Istimewa setingkat provinsi di Indonesia yang merupakan peleburan dari Negara Kesultanan Yogyakarta dan Negara Kadipaten Paku Alaman dengan ibu kota di Kota Yogyakarta. Daerah Istimewa Yogyakarta terletak di bagian selatan Pulau Jawa, dan berbatasan dengan Provinsi Jawa Tengah dan Samudra Hindia."
pantai,Pantai Dreamland,-8.7991734,115.1175866,"Pantai Dreamland, Pecatu, Kuta Selatan, Badung, Bali, Nusa Tenggara, 80163, Indonesia",Bali,Badung,"Pantai Dreamland, Badung, Bali",gambar_wisata/Pantai_Dreamland,Deskripsi tidak ditemukan
pantai,Pantai Drini,-8.1380974,110.5783985,"Pantai Drini, Banjarejo, Tanjungsari, Kabupaten Gunungkidul ꦏꦧꦸꦥꦠꦺꦤ꧀ꦒꦸꦤꦸꦁꦏꦶꦢꦸꦭ꧀, Daerah Istimewa Yogyakarta, Jawa, Indonesia",Daerah Istimewa Yogyakarta,Kabupaten Gunungkidul ,"Pantai Drini, Kabupaten Gunungkidul ꦏꦧꦸꦥꦠꦺꦤ꧀ꦒꦸꦤꦸꦁꦏꦶꦢꦸꦭ꧀, Daerah Istimewa Yogyakarta",gambar_wisata/Pantai_Drini,Deskripsi tidak ditemukan
pantai,Pantai Gerupuk,-8.6127174,116.1061556,"Jalan Pantai Gerupuk, Perumahan Pagutan, Kel. Pagutan, Bajur, Mataram, Kec. Mataram, Nusa Tenggara Barat, Nusa Tenggara, 83117, Indonesia",Nusa Tenggara Barat,Mataram,"Pantai Gerupuk, Mataram, Nusa Tenggara Barat",gambar_wisata/Pantai_Gerupuk,
pantai,Pantai Glagah,-7.9046994,110.0774413,"Pantai Glagah, Glagah, Temon, Kulonprogo, Daerah Istimewa Yogyakarta, Jawa, 55654, Indonesia",Daerah Istimewa Yogyakarta,Kulonprogo,"Pantai Glagah, Kulonprogo, Daerah Istimewa Yogyakarta",gambar_wisata/Pantai_Glagah,"Daerah Istimewa Yogyakarta, disingkat DI Yogyakarta atau DIY adalah daerah Istimewa setingkat provinsi di Indonesia yang merupakan peleburan dari Negara Kesultanan Yogyakarta dan Negara Kadipaten Paku Alaman dengan ibu kota di Kota Yogyakarta. Daerah Istimewa Yogyakarta terletak di bagian selatan Pulau Jawa, dan berbatasan dengan Provinsi Jawa Tengah dan Samudra Hindia."
pantai,Pantai Gorontalo,0.4483029,123.1258975,"Pantai Botutonuo, Molutabu Barat, Bone Bolango, Gorontalo, Sulawesi, Indonesia",Gorontalo,Bone Bolango,"Pantai Gorontalo, Bone Bolango, Gorontalo",gambar_wisata/Pantai_Gorontalo,"Gorontalo adalah sebuah provinsi di Indonesia yang terletak di Semenanjung Minahasa, di bagian utara Pulau Sulawesi dengan ibu kota di Kota Gorontalo. Provinsi Gorontalo lahir pada 5 Desember 2000 berdasarkan Undang-Undang Nomor 38 Tahun 2000."
pantai,Pantai Hunimua,-3.5161745,128.3486454,"Pantai Hunimua-Liang, Batudua, Maluku Tengah, Maluku, Indonesia",Maluku,Maluku Tengah,"Pantai Hunimua, Maluku Tengah, Maluku",gambar_wisata/Pantai_Hunimua,"Salahutu adalah sebuah kecamatan di Kabupaten Maluku Tengah, Maluku, Indonesia yang berada di bagian timur laut Pulau Ambon. Ibu kotanya berada di Negeri Tulehu."
pantai,Pantai Indrayanti,-8.1498929,110.6113168,"Pantai Indrayanti, Tepus, Kabupaten Gunungkidul ꦏꦧꦸꦥꦠꦺꦤ꧀ꦒꦸꦤꦸꦁꦏꦶꦢꦸꦭ꧀, Daerah Istimewa Yogyakarta, Jawa, Indonesia",Daerah Istimewa Yogyakarta,Kabupaten Gunungkidul ,"Pantai Indrayanti, Kabupaten Gunungkidul ꦏꦧꦸꦥꦠꦺꦤ꧀ꦒꦸꦤꦸꦁꦏꦶꦢꦸꦭ꧀, Daerah Istimewa Yogyakarta",gambar_wisata/Pantai_Indrayanti,Deskripsi tidak ditemukan
pantai,Pantai Jatimalang,-7.8792731,109.9832511,"Pantai Dewaruci Jatimalang, Jatimalang, Purwodadi, Purworejo, Jawa Tengah, Jawa, Indonesia",Jawa Tengah,Purworejo,"Pantai Jatimalang, Purworejo, Jawa Tengah",gambar_wisata/Pantai_Jatimalang,Deskripsi tidak ditemukan
pantai,Pantai Jimbaran,-8.7923274,115.1231962,"Pantai Balangan, Balangan, Jimbaran, Kuta Selatan, Badung, Bali, Nusa Tenggara, Indonesia",Bali,Badung,"Pantai Jimbaran, Badung, Bali",gambar_wisata/Pantai_Jimbaran,Deskripsi tidak ditemukan
pantai,Pantai Jogan,-8.1802349,110.67649,"Pantai Jogan, Purwodadi, Tepus, Kabupaten Gunungkidul ꦏꦧꦸꦥꦠꦺꦤ꧀ꦒꦸꦤꦸꦁꦏꦶꦢꦸꦭ꧀, Daerah Istimewa Yogyakarta, Jawa, 55882, Indonesia",Daerah Istimewa Yogyakarta,Kabupaten Gunungkidul ,"Pantai Jogan, Kabupaten Gunungkidul ꦏꦧꦸꦥꦠꦺꦤ꧀ꦒꦸꦤꦸꦁꦏꦶꦢꦸꦭ꧀, Daerah Istimewa Yogyakarta",gambar_wisata/Pantai_Jogan,Deskripsi tidak ditemukan
pantai,Pantai Kartini,-6.5880078,110.6453129,"taman pantai kartini, Bulu, Jepara, Jawa Tengah, Jawa, Indonesia",Jawa Tengah,Jepara,"Pantai Kartini, Jepara, Jawa Tengah",gambar_wisata/Pantai_Kartini,"Pantai Kartini adalah objek wisata pantai di Desa Bulu, Jepara, Jawa Tengah. Pantai ini terletak 2,5 km arah barat dari pendopo Kantor Bupati Jepara."
pantai,Pantai Kerandangan,-8.4866,116.0355411,"Pantai Kerandangan II, Lombok Barat, Nusa Tenggara Barat, Nusa Tenggara, Indonesia",Nusa Tenggara Barat,Lombok Barat,"Pantai Kerandangan, Lombok Barat, Nusa Tenggara Barat",gambar_wisata/Pantai_Kerandangan,Deskripsi tidak ditemukan
pantai,Pantai Klayar,-8.2246926,110.9484172,"Pantai Klayar, Pacitan, Jawa Timur, Jawa, Indonesia",Jawa Timur,Pacitan,"Pantai Klayar, Pacitan, Jawa Timur",gambar_wisata/Pantai_Klayar,"Pantai Klayar adalah sebuah pantai dengan pasir putih dan batu karang serta tebing-tebing batu yang mengelilingi. Pantai ini terletak di Pacitan, Jawa Timur dan berbatasan dengan Wonogiri, Jawa Tengah."
pantai,Pantai Krakal,-8.1317391,110.5449125,"Pantai Krakal Barat, Kanigoro, Saptosari, Kabupaten Gunungkidul ꦏꦧꦸꦥꦠꦺꦤ꧀ꦒꦸꦤꦸꦁꦏꦶꦢꦸꦭ꧀, Daerah Istimewa Yogyakarta, Jawa, Indonesia",Daerah Istimewa Yogyakarta,Kabupaten Gunungkidul ,"Pantai Krakal, Kabupaten Gunungkidul ꦏꦧꦸꦥꦠꦺꦤ꧀ꦒꦸꦤꦸꦁꦏꦶꦢꦸꦭ꧀, Daerah Istimewa Yogyakarta",gambar_wisata/Pantai_Krakal,Deskripsi tidak ditemukan
pantai,Pantai Kukup,-8.1334793,110.5538855,"Pantai Kukup, Kemadang, Tanjungsari, Kabupaten Gunungkidul ꦏꦧꦸꦥꦠꦺꦤ꧀ꦒꦸꦤꦸꦁꦏꦶꦢꦸꦭ꧀, Daerah Istimewa Yogyakarta, Jawa, Indonesia",Daerah Istimewa Yogyakarta,Kabupaten Gunungkidul ,"Pantai Kukup, Kabupaten Gunungkidul ꦏꦧꦸꦥꦠꦺꦤ꧀ꦒꦸꦤꦸꦁꦏꦶꦢꦸꦭ꧀, Daerah Istimewa Yogyakarta",gambar_wisata/Pantai_Kukup,Deskripsi tidak ditemukan
pantai,Pantai Kulisusu,-4.7691904,123.1729134,"Jalan Pantai Loji, L O J I, Kulisusu, Buton Utara, Sulawesi Tenggara, Sulawesi, Indonesia",Sulawesi Tenggara,Buton Utara,"Pantai Kulisusu, Buton Utara, Sulawesi Tenggara",gambar_wisata/Pantai_Kulisusu,"Sulawesi Tenggara (disingkat Sultra) adalah sebuah provinsi di Indonesia yang terletak bagian tenggara pulau Sulawesi, dengan ibu kota Kendari. Sulawesi Tenggara awalnya merupakan nama salah satu kabupaten di provinsi Sulawesi Selatan dengan ibukotanya adalah kecamatan Baubau."
pantai,Pantai Kuta,-8.7182136,115.1687568,"Pantai Kuta, Kuta, Badung, Bali, Nusa Tenggara, Indonesia",Bali,Badung,"Pantai Kuta, Badung, Bali",gambar_wisata/Pantai_Kuta,"Kecamatan Kuta (Aksara Bali:  ) adalah sebuah kecamatan di Kabupaten Badung, Provinsi Bali, Indonesia. Wilayah ini yang seluas 17,52 km  memiliki tempat wisata di Indonesia yang terkenal hingga ke manca negara, yaitu pantai Kuta, terutama bagi penggemar olahraga selancar."
pantai,Pantai Kuta Lombok,-8.893944,116.2833729,"Pantai Kuta Lombok / Kuta Mandalika, Jalan Selong Belanak - Kuta, Sedin Kesik, Kuta, Lombok Tengah, Nusa Tenggara Barat, Nusa Tenggara, 83573, Indonesia",Nusa Tenggara Barat,Lombok Tengah,"Pantai Kuta Lombok, Lombok Tengah, Nusa Tenggara Barat",gambar_wisata/Pantai_Kuta_Lombok,Nusa Tenggara Barat (disingkat NTB) ialah sebuah provinsi di Indonesia yang berada di bagian tengah Kepulauan Nusa Tenggara di antara provinsi Bali di sebelah barat dan provinsi Nusa Tenggara Timur di sebelah Timur. Pusat pemerintahan dan ibu kota provinsi ini berada di Kota Mataram.
pantai,Pantai Labuan Bajo,-8.5087436,119.877941,"Jalan Pantai Pede, Wae Mata, Labuan Bajo, Manggarai Barat, Nusa Tenggara Timur, Nusa Tenggara, 86753, Indonesia",Nusa Tenggara Timur,Labuan Bajo,"Pantai Labuan Bajo, Labuan Bajo, Nusa Tenggara Timur",gambar_wisata/Pantai_Labuan_Bajo,"Labuan Bajo merupakan salah satu kelurahan yang berada di Kecamatan Komodo, Kabupaten Manggarai Barat, Provinsi Nusa Tenggara Timur, Indonesia. Labuan Bajo juga merupakan pusat pemerintahan dari Kecamatan Komodo dan sekaligus merupakan ibu kota Kabupaten Manggarai Barat."
pantai,Pantai Lasiana,-10.131952,123.6691231,"Pantai Lasiana, Jalan Cendawan, Lasiana, Kupang, Nusa Tenggara Timur, Nusa Tenggara, 85361, Indonesia",Nusa Tenggara Timur,Kupang,"Pantai Lasiana, Kupang, Nusa Tenggara Timur",gambar_wisata/Pantai_Lasiana,"Provinsi Nusa Tenggara Timur terdiri dari 21 kabupaten, 1 kotamadya, 309 kecamatan, 327 kelurahan, dan 3.026 desa."
pantai,Pantai Losari,-5.14338,119.4075742,"Anjungan Pantai Losari, Maloku, Ujung Pandang, Makassar, Sulawesi Selatan, Sulawesi, Indonesia",Sulawesi Selatan,Makassar,"Pantai Losari, Makassar, Sulawesi Selatan",gambar_wisata/Pantai_Losari,"Pantai Losari (Makassar adalah sebuah pantai yang terletak di sebelah barat Kota Makassar, Provinsi Sulawesi Selatan, Indonesia. Pantai ini menjadi tempat bagi warga Makassar untuk menghabiskan waktu pada pagi, sore, dan malam hari menikmati pemandangan matahari tenggelam yang sangat indah."
pantai,Pantai Lovina,-8.1611877,115.0244312,"Pantai Lovina, Jalan Mawar, Kaliasem, Buleleng, Bali, Nusa Tenggara, 00362, Indonesia",Bali,Buleleng,"Pantai Lovina, Buleleng, Bali",gambar_wisata/Pantai_Lovina,Pantai Lovina atau Lovina adalah pesisir pantai yang terletak sekitar 9 km sebelah barat kota Singaraja. Daerah ini merupakan salah satu objek wisata yang ada di Bali Utara.
pantai,Pantai Malalayang,1.4603363,124.7923249,"Pantai Malalayang, Manado, Sulawesi Utara, Sulawesi, 95162, Indonesia",Sulawesi Utara,Manado,"Pantai Malalayang, Manado, Sulawesi Utara",gambar_wisata/Pantai_Malalayang,"Malalayang adalah sebuah kecamatan di Kota Manado, Sulawesi Utara, Indonesia."
pantai,Pantai Malimbu,-8.4400336,116.0392101,"Pantai Nipah, Jalan Raya Malimbu, Dusun Setangi, Lombok Utara, Nusa Tenggara Barat, Nusa Tenggara, Indonesia",Nusa Tenggara Barat,Lombok Utara,"Pantai Malimbu, Lombok Utara, Nusa Tenggara Barat",gambar_wisata/Pantai_Malimbu,Deskripsi tidak ditemukan
pantai,Pantai Mamuju,-2.6707339,118.8893381,"Pantai Manakarra, Mamuju, Sulawesi Barat, Sulawesi, Indonesia",Sulawesi Barat,Mamuju,"Pantai Mamuju, Mamuju, Sulawesi Barat",gambar_wisata/Pantai_Mamuju,"Sulawesi Barat (disingkat Sulbar, Lontara:    ) adalah sebuah provinsi yang terletak di bagian barat pulau Sulawesi, Indonesia. Daerah ini pernah menjadi bagian dari provinsi Sulawesi Selatan hingga pemekaran provinsi pada 2004."
pantai,Pantai Mandalika,-8.893944,116.2833729,"Pantai Kuta Lombok / Kuta Mandalika, Jalan Selong Belanak - Kuta, Sedin Kesik, Kuta, Lombok Tengah, Nusa Tenggara Barat, Nusa Tenggara, 83573, Indonesia",Nusa Tenggara Barat,Lombok Tengah,"Pantai Mandalika, Lombok Tengah, Nusa Tenggara Barat",gambar_wisata/Pantai_Mandalika,Nusa Tenggara Barat (disingkat NTB) ialah sebuah provinsi di Indonesia yang berada di bagian tengah Kepulauan Nusa Tenggara di antara provinsi Bali di sebelah barat dan provinsi Nusa Tenggara Timur di sebelah Timur. Pusat pemerintahan dan ibu kota provinsi ini berada di Kota Mataram.
pantai,Pantai Melawai,-1.2787968,116.8099832,"Pantai Melawai, Jalan Jenderal Sudirman, Prapatan, Balikpapan Kota, Balikpapan, Kalimantan Timur, Kalimantan, 76111, Indonesia",Kalimantan Timur,Balikpapan,"Pantai Melawai, Balikpapan, Kalimantan Timur",gambar_wisata/Pantai_Melawai,"Kalimantan (toponim: Kalamantan, Cal mantan, Kal mantan, Kelamantan, Kilamantan, Klamantan, Kl mantan, K'lemantan, Quallamontan), atau juga disebut Borneo oleh dunia internasional, adalah pulau terbesar ketiga di dunia yang terletak di sebelah utara Pulau Jawa dan di sebelah barat Pulau Sulawesi. Pulau Kalimantan dibagi menjadi wilayah Indonesia (73%), Malaysia (26%), dan Brunei (1%)."
pantai,Pantai Merah Muda,-8.6013697,119.5205211,"Pantai Merah Muda, Komodo, Manggarai Barat, Nusa Tenggara Timur, Nusa Tenggara, Indonesia",Nusa Tenggara Timur,Manggarai Barat,"Pantai Merah Muda, Manggarai Barat, Nusa Tenggara Timur",gambar_wisata/Pantai_Merah_Muda,"Labuan Bajo merupakan salah satu kelurahan yang berada di Kecamatan Komodo, Kabupaten Manggarai Barat, Provinsi Nusa Tenggara Timur, Indonesia. Labuan Bajo juga merupakan pusat pemerintahan dari Kecamatan Komodo dan sekaligus merupakan ibu kota Kabupaten Manggarai Barat."
pantai,Pantai Minahasa,1.3955103,124.5897766,"Pantai Kumu Village, Kumu, Minahasa, Sulawesi Utara, Sulawesi, Indonesia",Sulawesi Utara,Sulawesi,"Pantai Minahasa, Sulawesi, Sulawesi Utara",gambar_wisata/Pantai_Minahasa,"Sulawesi Utara (disingkat Sulut) adalah salah satu  provinsi yang terletak di ujung utara Pulau Sulawesi, Indonesia, dengan ibu kota terletak di kota Manado. Sulawesi Utara atau Sulut berbatasan dengan Laut Maluku dan Samudra Pasifik di sebelah timur, Laut Maluku dan Teluk Tomini di sebelah selatan, Laut Sulawesi dan Provinsi Gorontalo di sebelah barat, dan Provinsi Davao Occidental di sebelah utara."
pantai,Pantai Murung Raya,-0.5888837,114.2568886,"Pantai Laga, Murung Raya, Kalimantan Tengah, Kalimantan, Indonesia",Kalimantan Tengah,Murung Raya,"Pantai Murung Raya, Murung Raya, Kalimantan Tengah",gambar_wisata/Pantai_Murung_Raya,"Kabupaten Murung Raya adalah sebuah wilayah kabupaten yang terletak di provinsi Kalimantan Tengah, Indonesia. Ibu kotanya adalah Puruk Cahu."
pantai,Pantai Mutun,-5.5095584,105.2568023,"PANTAI MUTUN, Jalan Lempasing - Padang Cermin, Hurun, Pesawaran, Lampung, Sumatera, 35450, Indonesia",Lampung,Pesawaran,"Pantai Mutun, Pesawaran, Lampung",gambar_wisata/Pantai_Mutun,"Kota Bandar Lampung (sebelumnya bernama Tanjungkarang Telukbetung) adalah sebuah kota sekaligus menjadi ibu kota provinsi di Provinsi Lampung, Indonesia. Jumlah penduduk Kota Bandar Lampung pada pertengahan tahun 2024 sebanyak 1.073.451 jiwa."
pantai,Pantai Mutun Lampung,-5.5095584,105.2568023,"PANTAI MUTUN, Jalan Lempasing - Padang Cermin, Hurun, Pesawaran, Lampung, Sumatera, 35450, Indonesia",Lampung,Pesawaran,"Pantai Mutun Lampung, Pesawaran, Lampung",gambar_wisata/Pantai_Mutun_Lampung,"Kota Bandar Lampung (sebelumnya bernama Tanjungkarang Telukbetung) adalah sebuah kota sekaligus menjadi ibu kota provinsi di Provinsi Lampung, Indonesia. Jumlah penduduk Kota Bandar Lampung pada pertengahan tahun 2024 sebanyak 1.073.451 jiwa."
pantai,Pantai Nambo,-4.0006455,122.6175135,"Pantai Nambo, Nambo, Kendari, Sulawesi Tenggara, Sulawesi, 93234, Indonesia",Sulawesi Tenggara,Kendari,"Pantai Nambo, Kendari, Sulawesi Tenggara",gambar_wisata/Pantai_Nambo,"Kota Kendari adalah sebuah kota sekaligus ibu kota dan pusat pemerintahan dari Provinsi Sulawesi Tenggara, Indonesia. Kendari diresmikan sebagai kotamadya (kini kota) dengan UU RI No."
pantai,Pantai Natsepa,-3.6215875,128.2914815,"Pantai Natsepa, Jalan Raya Utama Tulehu, Suli, Maluku Tengah, Maluku, Indonesia",Maluku,Maluku Tengah,"Pantai Natsepa, Maluku Tengah, Maluku",gambar_wisata/Pantai_Natsepa,"Maluku adalah sebuah provinsi di Indonesia. Ibu kota provinsi ini terletak di Kota Ambon, yang juga merupakan kota terbesar di provinsi ini."
pantai,Pantai Nemberala,-10.8898977,122.8223329,"Pantai Nemberala, Rote Ndao, Nusa Tenggara Timur, Nusa Tenggara, Indonesia",Nusa Tenggara Timur,Rote Ndao,"Pantai Nemberala, Rote Ndao, Nusa Tenggara Timur",gambar_wisata/Pantai_Nemberala,"Rote Ndao adalah kabupaten di ujung selatan Provinsi Nusa Tenggara Timur, Indonesia. Ibu kota kabupaten ini terletak di Baa."
pantai,Pantai Nglambor,-8.1823453,110.6792506,"Pantai Nglambor, Purwodadi, Tepus, Kabupaten Gunungkidul ꦏꦧꦸꦥꦠꦺꦤ꧀ꦒꦸꦤꦸꦁꦏꦶꦢꦸꦭ꧀, Daerah Istimewa Yogyakarta, Jawa, 55882, Indonesia",Daerah Istimewa Yogyakarta,Kabupaten Gunungkidul ,"Pantai Nglambor, Kabupaten Gunungkidul ꦏꦧꦸꦥꦠꦺꦤ꧀ꦒꦸꦤꦸꦁꦏꦶꦢꦸꦭ꧀, Daerah Istimewa Yogyakarta",gambar_wisata/Pantai_Nglambor,Deskripsi tidak ditemukan
pantai,Pantai Nipah,-8.4400336,116.0392101,"Pantai Nipah, Lombok Utara, Nusa Tenggara Barat, Nusa Tenggara, Indonesia",Nusa Tenggara Barat,Lombok Utara,"Pantai Nipah, Lombok Utara, Nusa Tenggara Barat",gambar_wisata/Pantai_Nipah,"Pemenang adalah salah satu Kecamatan di Kabupaten Lombok Utara, Nusa Tenggara Barat, Indonesia. Kecamatan ini berjarak sekitar 9 Km dari ibu kota Kabupaten Lombok Utara."
pantai,Pantai Nusa Dua,-8.8064165,115.2267684,"Jalan Pantai Mengiat, Nusa Dua, Benoa, Kuta Selatan, Badung, Bali, Nusa Tenggara, 80363, Indonesia",Bali,Badung,"Pantai Nusa Dua, Badung, Bali",gambar_wisata/Pantai_Nusa_Dua,"Bali adalah sebuah provinsi di Indonesia yang terletak pada bagian barat Kepulauan Nusa Tenggara dan beribu kota di Kota Denpasar. Pulau Bali, yang merupakan pulau terbesar di Provinsi Bali, memiliki beberapa julukan, di antaranya Pulau Dewata dan Pulau Seribu Pura."
pantai,Pantai Oesapa,-10.140084,123.6554493,"Jalan Pantai Warna Oesapa, Oesapa, Kupang, Nusa Tenggara Timur, Nusa Tenggara, 85228, Indonesia",Nusa Tenggara Timur,Kupang,"Pantai Oesapa, Kupang, Nusa Tenggara Timur",gambar_wisata/Pantai_Oesapa,Deskripsi tidak ditemukan
pantai,Pantai Padang Padang,-8.8112154,115.103637,"Pantai Padang Padang, Pecatu, Kuta Selatan, Badung, Bali, Nusa Tenggara, 80361, Indonesia",Bali,Badung,"Pantai Padang Padang, Badung, Bali",gambar_wisata/Pantai_Padang_Padang,"Kabupaten Badung (Bali:   Kabupat n Bad n ) adalah sebuah kabupaten yang terletak di Provinsi Bali, Indonesia. Ibu kota Badung berada di Mangupura, (Kecamatan Mengwi) yang sebelumnya ibukota Badung berada di Kota Denpasar."
pantai,Pantai Palippis,-3.5108786,119.0962293,"Pantai Palippis, Polewali Mandar, Sulawesi Barat, Sulawesi, Indonesia",Sulawesi Barat,Polewali Mandar,"Pantai Palippis, Polewali Mandar, Sulawesi Barat",gambar_wisata/Pantai_Palippis,Deskripsi tidak ditemukan
pantai,Pantai Palu,-0.8644432,119.877316,"Pantai Kampung Nelayan, Palu, Sulawesi Tengah, Sulawesi, 94119, Indonesia",Sulawesi Tengah,Palu,"Pantai Palu, Palu, Sulawesi Tengah",gambar_wisata/Pantai_Palu,"Kota Palu adalah sebuah kota yang terletak di tepi laut dan sekaligus Ibukota dari provinsi Sulawesi Tengah, Indonesia. Palu merupakan kota yang terletak di Sulawesi Tengah, berbatasan dengan Kabupaten Donggala di sebelah barat dan utara, Kabupaten Sigi di sebelah selatan, dan Kabupaten Parigi Moutong di sebelah timur."
pantai,Pantai Pangandaran,-7.7003082,108.6558083,"Pantai Barat Pangandaran, Dusun Pangandaran Barat, Pangandaran, Desa Pagandaran, Pangandaran, Jawa Barat, Jawa, Indonesia",Jawa Barat,Desa Pagandaran,"Pantai Pangandaran, Desa Pagandaran, Jawa Barat",gambar_wisata/Pantai_Pangandaran,Deskripsi tidak ditemukan
pantai,Pantai Parangtritis,-8.0272827,110.3370078,"Pantai Parangtritis, Parangtritis, Kretek, Bantul, Daerah Istimewa Yogyakarta, Jawa, Indonesia",Daerah Istimewa Yogyakarta,Bantul,"Pantai Parangtritis, Bantul, Daerah Istimewa Yogyakarta",gambar_wisata/Pantai_Parangtritis,"Daerah Istimewa Yogyakarta, disingkat DI Yogyakarta atau DIY adalah daerah Istimewa setingkat provinsi di Indonesia yang merupakan peleburan dari Negara Kesultanan Yogyakarta dan Negara Kadipaten Paku Alaman dengan ibu kota di Kota Yogyakarta. Daerah Istimewa Yogyakarta terletak di bagian selatan Pulau Jawa, dan berbatasan dengan Provinsi Jawa Tengah dan Samudra Hindia."
pantai,Pantai Pasir Padi,-2.1116955,106.1719255,"Pantai Pasir Padi, Pangkalpinang, Bangka Tengah, Kepulauan Bangka Belitung, Sumatera, Indonesia",Kepulauan Bangka Belitung,Pangkalpinang,"Pantai Pasir Padi, Pangkalpinang, Kepulauan Bangka Belitung",gambar_wisata/Pantai_Pasir_Padi,"Kepulauan Bangka Belitung adalah sebuah provinsi di Indonesia yang terdiri dari dua pulau utama yaitu Pulau Bangka dan Pulau Belitung serta ratusan pulau-pulau kecil, total pulau yang telah bernama berjumlah 470 pulau dan yang berpenghuni hanya 50 pulau. Kepulauan Bangka Belitung terletak di bagian timur Pulau Sumatra, berbatasan dengan Provinsi Sumatera Selatan."
pantai,Pantai Pasir Putih,-3.831786,102.2827747,"Pantai Pasir Putih, Padang Harapan, Bengkulu, Ratu Samban, Bengkulu, Sumatera, 38225, Indonesia",Bengkulu,Bengkulu,"Pantai Pasir Putih, Bengkulu, Bengkulu",gambar_wisata/Pantai_Pasir_Putih,"Kota Bengkulu (bahasa Inggris: Bencoolen; Rejang:  , abjad Jawi:    ) adalah sebuah kota sekaligus menjadi ibu kota provinsi di Provinsi Bengkulu, Indonesia. Kota ini merupakan kota terbesar kedua di pantai barat Pulau Sumatra, setelah Kota Padang."
pantai,Pantai Pelang,-8.2587216,111.4248831,"Pantai Pelang, Trenggalek, Jawa Timur, Jawa, 66364, Indonesia",Jawa Timur,Trenggalek,"Pantai Pelang, Trenggalek, Jawa Timur",gambar_wisata/Pantai_Pelang,Deskripsi tidak ditemukan
pantai,Pantai Pink,-8.8595798,116.5757111,"Pantai Pink, Nusa Tenggara Barat, Nusa Tenggara, Indonesia",Nusa Tenggara Barat,nan,"Pantai Pink, nan, Nusa Tenggara Barat",gambar_wisata/Pantai_Pink,Silakan kunjungi Pariwisata di Indonesia untuk informasi lebih lengkap.
pantai,Pantai Plengkung,-8.7314822,114.3494883,"Pantai Plengkung, G-Land, Banyuwangi, Jawa Timur, Jawa, Indonesia",Jawa Timur,Banyuwangi,"Pantai Plengkung, Banyuwangi, Jawa Timur",gambar_wisata/Pantai_Plengkung,"Pantai Plengkung, atau lebih dikenal dengan nama G-Land, adalah pantai yang terletak dalam kawasan Taman Nasional Alas Purwo, Kabupaten Banyuwangi, Jawa Timur. Plengkung dapat dicapai selama setengah hari perjalanan darat dari Bali."
pantai,Pantai Pok Tunggal,-8.1554823,110.6218792,"Pantai Pok Tunggal, Tepus, Kabupaten Gunungkidul ꦏꦧꦸꦥꦠꦺꦤ꧀ꦒꦸꦤꦸꦁꦏꦶꦢꦸꦭ꧀, Daerah Istimewa Yogyakarta, Jawa, Indonesia",Daerah Istimewa Yogyakarta,Kabupaten Gunungkidul ,"Pantai Pok Tunggal, Kabupaten Gunungkidul ꦏꦧꦸꦥꦠꦺꦤ꧀ꦒꦸꦤꦸꦁꦏꦶꦢꦸꦭ꧀, Daerah Istimewa Yogyakarta",gambar_wisata/Pantai_Pok_Tunggal,Deskripsi tidak ditemukan
pantai,Pantai Popoh,-8.2494031,111.8087741,"Jalan Pantai Popoh, Tulungagung, Jawa Timur, Jawa, Indonesia",Jawa Timur,Tulungagung,"Pantai Popoh, Tulungagung, Jawa Timur",gambar_wisata/Pantai_Popoh,"Pantai Popoh adalah sebuah pantai yang terletak di Desa Besole, Kota Tulungagung, Jawa Timur, Indonesia. Lokasi Pantai Popoh berhadapan langsung dengan Samudra Hindia dan di ujung timur Pegunungan Kidul."
pantai,Pantai Rajegwesi,-8.5594036,113.9360312,"Pantai Rajegwesi, Rajegwesi, Banyuwangi, Jawa Timur, Jawa, Indonesia",Jawa Timur,Banyuwangi,"Pantai Rajegwesi, Banyuwangi, Jawa Timur",gambar_wisata/Pantai_Rajegwesi,"Pantai Rajegwesi adalah sebuah pantai yang terletak di Desa Sarongan, Kecamatan Pesanggaran, Banyuwangi, Jawa Timur.
Pantai Rajegwesi terletak dalam kawasan Taman Nasional Meru Betiri."
pantai,Pantai Sadranan,-8.1457925,110.6044298,"Pantai Sadranan, Sidoharjo, Tepus, Kabupaten Gunungkidul ꦏꦧꦸꦥꦠꦺꦤ꧀ꦒꦸꦤꦸꦁꦏꦶꦢꦸꦭ꧀, Daerah Istimewa Yogyakarta, Jawa, Indonesia",Daerah Istimewa Yogyakarta,Kabupaten Gunungkidul ,"Pantai Sadranan, Kabupaten Gunungkidul ꦏꦧꦸꦥꦠꦺꦤ꧀ꦒꦸꦤꦸꦁꦏꦶꦢꦸꦭ꧀, Daerah Istimewa Yogyakarta",gambar_wisata/Pantai_Sadranan,Deskripsi tidak ditemukan
pantai,Pantai Samas,-8.0055784,110.2660484,"Pantai Samas, Srigading, Sanden, Bantul, Daerah Istimewa Yogyakarta, Jawa, Indonesia",Daerah Istimewa Yogyakarta,Bantul,"Pantai Samas, Bantul, Daerah Istimewa Yogyakarta",gambar_wisata/Pantai_Samas,"Daerah Istimewa Yogyakarta, disingkat DI Yogyakarta atau DIY adalah daerah Istimewa setingkat provinsi di Indonesia yang merupakan peleburan dari Negara Kesultanan Yogyakarta dan Negara Kadipaten Paku Alaman dengan ibu kota di Kota Yogyakarta. Daerah Istimewa Yogyakarta terletak di bagian selatan Pulau Jawa, dan berbatasan dengan Provinsi Jawa Tengah dan Samudra Hindia."
pantai,Pantai Sanur,-8.6737949,115.2626771,"pantai sanur, Jalan Hang Tuah, Sanur Kaja, Denpasar Selatan, Denpasar ᬤᬾᬦ᭄ᬧᬲᬃ, Bali, Nusa Tenggara, 80030, Indonesia",Bali,Denpasar ,"Pantai Sanur, Denpasar ᬤᬾᬦ᭄ᬧᬲᬃ, Bali",gambar_wisata/Pantai_Sanur,"Kota Denpasar (bahasa Bali:   D npasar) adalah ibu kota dan sekaligus menjadi pusat pemerintahan dan perekonomian dari Provinsi Bali, Indonesia. Denpasar adalah kota terbesar di Kepulauan Nusa Tenggara dan kota terbesar kedua di wilayah Indonesia Timur setelah Kota Makassar."
pantai,Pantai Sawarna,-6.9872744,106.3232487,"Pantai Legon Pari, Sawarna, Lebak, Jawa, Indonesia",,Lebak,"Pantai Sawarna, Lebak, nan",gambar_wisata/Pantai_Sawarna,Deskripsi tidak ditemukan
pantai,Pantai Sekotong,-8.6112353,116.1068754,"Jalan Pantai Sekotong, Perumahan Pagutan, Kel. Pagutan Barat, Lingk. Bukit Ngandang, Mataram, Kec. Mataram, Nusa Tenggara Barat, Nusa Tenggara, 83117, Indonesia",Nusa Tenggara Barat,Mataram,"Pantai Sekotong, Mataram, Nusa Tenggara Barat",gambar_wisata/Pantai_Sekotong,Nusa Tenggara Barat (disingkat NTB) ialah sebuah provinsi di Indonesia yang berada di bagian tengah Kepulauan Nusa Tenggara di antara provinsi Bali di sebelah barat dan provinsi Nusa Tenggara Timur di sebelah Timur. Pusat pemerintahan dan ibu kota provinsi ini berada di Kota Mataram.
pantai,Pantai Selong Belanak,-8.8700693,116.1607277,"Pantai Selong Belanak, batas Dusun Selong Belanak, Selong Belanak, Lombok Tengah, Nusa Tenggara Barat, Nusa Tenggara, Indonesia",Nusa Tenggara Barat,Lombok Tengah,"Pantai Selong Belanak, Lombok Tengah, Nusa Tenggara Barat",gambar_wisata/Pantai_Selong_Belanak,"Templat:Desaserangan
Selong Belanak adalah salah satu desa yang terletak di Kecamatan Praya Barat, Kabupaten Lombok Tengah, Provinsi Nusa Tenggara Barat, Indonesia. Desa ini sebagian besar penduduknya bersuku Sasak."
pantai,Pantai Sembalun,-8.6010084,116.0752593,"Jalan Pantai Tanjung Karang, Lingk. Bendega, Kel. Tanjung Karang, Mataram, Kec. Sekarbela, Nusa Tenggara Barat, Nusa Tenggara, 83115, Indonesia",Nusa Tenggara Barat,Mataram,"Pantai Sembalun, Mataram, Nusa Tenggara Barat",gambar_wisata/Pantai_Sembalun,Nusa Tenggara Barat (disingkat NTB) ialah sebuah provinsi di Indonesia yang berada di bagian tengah Kepulauan Nusa Tenggara di antara provinsi Bali di sebelah barat dan provinsi Nusa Tenggara Timur di sebelah Timur. Pusat pemerintahan dan ibu kota provinsi ini berada di Kota Mataram.
pantai,Pantai Seminyak,-8.6841122,115.1523646,"Pantai Seminyak, Seminyak, Kuta, Kuta Utara, Badung, Bali, Nusa Tenggara, Indonesia",Bali,Badung,"Pantai Seminyak, Badung, Bali",gambar_wisata/Pantai_Seminyak,"Seminyak adalah kelurahan di Kecamatan , Kabupaten Badung, Provinsi Bali, Republik Indonesia. Pantai yang terdapat di Kelurahan Seminyak antara lain Pantai KuDeTa, Pantai Seminyak (Pantai Camplung/Pantai Gado Gado), dan Pantai Double Six."
pantai,Pantai Senggigi,-8.4982125,116.0453563,"Pantai Senggigi, Senggigi, Lombok Barat, Nusa Tenggara Barat, Nusa Tenggara, Indonesia",Nusa Tenggara Barat,Lombok Barat,"Pantai Senggigi, Lombok Barat, Nusa Tenggara Barat",gambar_wisata/Pantai_Senggigi,Nusa Tenggara Barat (disingkat NTB) ialah sebuah provinsi di Indonesia yang berada di bagian tengah Kepulauan Nusa Tenggara di antara provinsi Bali di sebelah barat dan provinsi Nusa Tenggara Timur di sebelah Timur. Pusat pemerintahan dan ibu kota provinsi ini berada di Kota Mataram.
pantai,Pantai Seseh,-8.645371,115.1143403,"Jalan Raya Pantai Seseh, Pererenan, Badung, Bali, Nusa Tenggara, 08456, Indonesia",Bali,Badung,"Pantai Seseh, Badung, Bali",gambar_wisata/Pantai_Seseh,Deskripsi tidak ditemukan
pantai,Pantai Sire,-8.6029369,116.1300819,"Jalan Pantai Sire, Lingk. Abian Tubuh Selatan, Kel. Abian Tubuh Baru, Mataram, Kec. Cakranegara, Nusa Tenggara Barat, Nusa Tenggara, 83232, Indonesia",Nusa Tenggara Barat,Mataram,"Pantai Sire, Mataram, Nusa Tenggara Barat",gambar_wisata/Pantai_Sire,Nusa Tenggara Barat (disingkat NTB) ialah sebuah provinsi di Indonesia yang berada di bagian tengah Kepulauan Nusa Tenggara di antara provinsi Bali di sebelah barat dan provinsi Nusa Tenggara Timur di sebelah Timur. Pusat pemerintahan dan ibu kota provinsi ini berada di Kota Mataram.
pantai,Pantai Siung,-8.1821587,110.6839762,"Pantai Siung, Purwodadi, Tepus, Kabupaten Gunungkidul ꦏꦧꦸꦥꦠꦺꦤ꧀ꦒꦸꦤꦸꦁꦏꦶꦢꦸꦭ꧀, Daerah Istimewa Yogyakarta, Jawa, Indonesia",Daerah Istimewa Yogyakarta,Kabupaten Gunungkidul ,"Pantai Siung, Kabupaten Gunungkidul ꦏꦧꦸꦥꦠꦺꦤ꧀ꦒꦸꦤꦸꦁꦏꦶꦢꦸꦭ꧀, Daerah Istimewa Yogyakarta",gambar_wisata/Pantai_Siung,Deskripsi tidak ditemukan
pantai,Pantai Soge,-8.2475592,111.2634287,"Pantai Soge, Pacitan, Jawa Timur, Jawa, 63572, Indonesia",Jawa Timur,Pacitan,"Pantai Soge, Pacitan, Jawa Timur",gambar_wisata/Pantai_Soge,Deskripsi tidak ditemukan
pantai,Pantai Sorong,-0.7673552,131.4133775,"Batu Lobang Pantai, Sorong, Papua Barat Daya, Western New Guinea, Indonesia",Papua Barat Daya,Sorong,"Pantai Sorong, Sorong, Papua Barat Daya",gambar_wisata/Pantai_Sorong,"Papua Barat Daya adalah sebuah provinsi di Indonesia, dan merupakan pemekaran dari provinsi Papua Barat pada tahun 2022. Papua Barat Daya menjadi provinsi ke-38 di Indonesia."
pantai,Pantai Sulamadaha,0.8626597,127.3352817,"Pantai Sulamadaha, Ternate, Maluku Utara, Maluku, Indonesia",Maluku Utara,Ternate,"Pantai Sulamadaha, Ternate, Maluku Utara",gambar_wisata/Pantai_Sulamadaha,"Kota Ternate adalah sebuah kota yang terletak di Provinsi Maluku Utara, Indonesia. Kota Ternate berada di bawah kaki gunung api Gamalama di Pulau Ternate."
pantai,Pantai Sundak,-8.1471841,110.6080799,"Pantai Sundak, Sidoharjo, Tepus, Kabupaten Gunungkidul ꦏꦧꦸꦥꦠꦺꦤ꧀ꦒꦸꦤꦸꦁꦏꦶꦢꦸꦭ꧀, Daerah Istimewa Yogyakarta, Jawa, Indonesia",Daerah Istimewa Yogyakarta,Kabupaten Gunungkidul ,"Pantai Sundak, Kabupaten Gunungkidul ꦏꦧꦸꦥꦠꦺꦤ꧀ꦒꦸꦤꦸꦁꦏꦶꦢꦸꦭ꧀, Daerah Istimewa Yogyakarta",gambar_wisata/Pantai_Sundak,Deskripsi tidak ditemukan
pantai,Pantai Tambakrejo,-8.3159075,112.1444142,"Pantai Tambakrejo, Jalan Pantai, Tambakrejo, Blitar, Jawa Timur, Jawa, Indonesia",Jawa Timur,Blitar,"Pantai Tambakrejo, Blitar, Jawa Timur",gambar_wisata/Pantai_Tambakrejo,"Pantai Tambakrejo merupakan sebuah pantai yang berada di Desa Tambakrejo, Kecamatan Wonotirto, Kabupaten Blitar, Jawa Timur.
Pantai berpasir putih yang terletak kurang lebih 30 km sebelah selatan Kota Blitar ini terletak di sebuah teluk dengan garis pantai mencapai 10 km."
pantai,Pantai Tanah Merah,-1.0475821,117.1014597,"Jalan Pantai Tanah Merah, Tanjung Harapan, Kutai Kartanegara, Kalimantan Timur, Kalimantan, Indonesia",Kalimantan Timur,Kutai Kartanegara,"Pantai Tanah Merah, Kutai Kartanegara, Kalimantan Timur",gambar_wisata/Pantai_Tanah_Merah,"Kabupaten Kutai Timur adalah salah satu kabupaten di provinsi Kalimantan Timur, Indonesia. Ibu kota kabupaten ini terletak di Sangatta."
pantai,Pantai Tanjung,-2.9327697,132.2991496,"Wagom Pantai, Tanjung Wagom, Wagom Pantai, Fakfak, Papua Barat, Western New Guinea, 98100, Indonesia",Papua Barat,Fakfak,"Pantai Tanjung, Fakfak, Papua Barat",gambar_wisata/Pantai_Tanjung,"Kota Sorong adalah ibu kota provinsi Papua Barat Daya, Indonesia. Kota ini dikenal dengan sebutan Kota Minyak, di mana Nederlands Nieuw-Guinea Petroleum Maatschappij (NNGPM) mulai melakukan aktivitas pengeboran minyak bumi di Sorong sejak tahun 1935."
pantai,Pantai Teleng Ria,-8.2211573,111.0788703,"Pantai Teleng Ria, Pacitan, Jawa Timur, Jawa, Indonesia",Jawa Timur,Pacitan,"Pantai Teleng Ria, Pacitan, Jawa Timur",gambar_wisata/Pantai_Teleng_Ria,"Kabupaten Pacitan (bahasa Jawa: Hanacaraka:  , Pegon:  ; pengucapan bahasa Jawa: [pa t it an]) adalah sebuah wilayah kabupaten yang terletak di Provinsi Jawa Timur, Indonesia. Ibu kotanya adalah Kecamatan Pacitan."
pantai,Pantai Teluk Lombok,0.3774549,117.5599753,"Pantai Teluk Lombok, Kutai Timur, Kalimantan Timur, Kalimantan, Indonesia",Kalimantan Timur,Kutai Timur,"Pantai Teluk Lombok, Kutai Timur, Kalimantan Timur",gambar_wisata/Pantai_Teluk_Lombok,"Kabupaten Kutai Timur adalah salah satu kabupaten di provinsi Kalimantan Timur, Indonesia. Ibu kota kabupaten ini terletak di Sangatta."
pantai,Pantai Teluk Penyu,-7.7344586,109.0212913,"Pantai Teluk penyu, Jalan Penyu, RW 15 Kelurahan Cilacap, Cilacap, Kelurahan Cilacap Kecamatan Cilacap, Cilacap, Jawa Tengah, Jawa, 53212, Indonesia",Jawa Tengah,Kelurahan Cilacap Kecamatan Cilacap,"Pantai Teluk Penyu, Kelurahan Cilacap Kecamatan Cilacap, Jawa Tengah",gambar_wisata/Pantai_Teluk_Penyu,"Kabupaten Cilacap (Hanacaraka:  , Aksara Sunda:  , Pegon:  ) adalah sebuah wilayah kabupaten yang terletak di Provinsi Jawa Tengah, Indonesia. Kabupaten ini beribukota di Cilacap."
pantai,Pantai Ternate,0.8626597,127.3352817,"Pantai Sulamadaha, Ternate, Maluku Utara, Maluku, Indonesia",Maluku Utara,Ternate,"Pantai Ternate, Ternate, Maluku Utara",gambar_wisata/Pantai_Ternate,"Kota Ternate adalah sebuah kota yang terletak di Provinsi Maluku Utara, Indonesia. Kota Ternate berada di bawah kaki gunung api Gamalama di Pulau Ternate."
pantai,Pantai Tikus Emas,-1.8867156,106.175657,"Pantai Tikus Emas, Bangka, Kepulauan Bangka Belitung, Sumatera, Indonesia",Kepulauan Bangka Belitung,Bangka,"Pantai Tikus Emas, Bangka, Kepulauan Bangka Belitung",gambar_wisata/Pantai_Tikus_Emas,Deskripsi tidak ditemukan
pantai,Pantai Timang,-8.1756475,110.6632846,"Pantai Timang, Purwodadi, Tepus, Kabupaten Gunungkidul ꦏꦧꦸꦥꦠꦺꦤ꧀ꦒꦸꦤꦸꦁꦏꦶꦢꦸꦭ꧀, Daerah Istimewa Yogyakarta, Jawa, Indonesia",Daerah Istimewa Yogyakarta,Kabupaten Gunungkidul ,"Pantai Timang, Kabupaten Gunungkidul ꦏꦧꦸꦥꦠꦺꦤ꧀ꦒꦸꦤꦸꦁꦏꦶꦢꦸꦭ꧀, Daerah Istimewa Yogyakarta",gambar_wisata/Pantai_Timang,Deskripsi tidak ditemukan
pantai,Pantai Waisai,-0.4284786,130.8219783,"Pantai WTC (WAISAI TORANG CINTA), Waisai, Raja Ampat, Papua Barat Daya, Western New Guinea, 98482, Indonesia",Papua Barat Daya,Raja Ampat,"Pantai Waisai, Raja Ampat, Papua Barat Daya",gambar_wisata/Pantai_Waisai,"Kota Waisai adalah salah satu distrik yang berada di Kabupaten Raja Ampat, provinsi Papua Barat Daya, Indonesia. Kota Waisai juga merupakan ibu kota dan pusat pemerintahan Kabupaten Raja Ampat."
pantai,Pantai Wakatobi,-5.3662198,123.4998643,"Pantai Oawolio, Wakatobi, Sulawesi Tenggara, Sulawesi, Indonesia",Sulawesi Tenggara,Wakatobi,"Pantai Wakatobi, Wakatobi, Sulawesi Tenggara",gambar_wisata/Pantai_Wakatobi,"Kabupaten Wakatobi adalah salah satu kabupaten di provinsi Sulawesi Tenggara, Indonesia. Ibu kota kabupaten ini terletak di Kecamatan Wangiwangi, dibentuk berdasarkan Undang-undang Republik Indonesia Nomor 29 Tahun 2003, tanggal 18 Desember 2003."
pantai,Pantai Watu Karung,-8.2402291,110.9828998,"Pantai Kasap, Watu Karung, Pacitan, Jawa Timur, Jawa, Indonesia",Jawa Timur,Pacitan,"Pantai Watu Karung, Pacitan, Jawa Timur",gambar_wisata/Pantai_Watu_Karung,"Kabupaten Pacitan (bahasa Jawa: Hanacaraka:  , Pegon:  ; pengucapan bahasa Jawa: [pa t it an]) adalah sebuah wilayah kabupaten yang terletak di Provinsi Jawa Timur, Indonesia. Ibu kotanya adalah Kecamatan Pacitan."
pantai,Pantai Wediombo,-8.1873165,110.7103524,"Pantai Wediombo, Jepitu, Girisubo, Kabupaten Gunungkidul ꦏꦧꦸꦥꦠꦺꦤ꧀ꦒꦸꦤꦸꦁꦏꦶꦢꦸꦭ꧀, Daerah Istimewa Yogyakarta, Jawa, Indonesia",Daerah Istimewa Yogyakarta,Kabupaten Gunungkidul ,"Pantai Wediombo, Kabupaten Gunungkidul ꦏꦧꦸꦥꦠꦺꦤ꧀ꦒꦸꦤꦸꦁꦏꦶꦢꦸꦭ꧀, Daerah Istimewa Yogyakarta",gambar_wisata/Pantai_Wediombo,Deskripsi tidak ditemukan
rumah adat,Rumah Adat Banjar Kalimantan Selatan,-2.634037,115.0957531,"Rumah Adat Banjar Bubungan Tinggi Habirau, Jalan Raya Negara, Habirau, Hulu Sungai Selatan, Kalimantan Selatan, Kalimantan, Indonesia",Kalimantan Selatan,Hulu Sungai Selatan,"Rumah Adat Banjar Kalimantan Selatan, Hulu Sungai Selatan, Kalimantan Selatan",gambar_wisata/Rumah_Adat_Banjar_Kalimantan_Selatan,"Kalimantan Selatan  adalah sebuah provinsi yang berada di pulau Kalimantan, Indonesia. Sejak 16 Maret 2022, ibu kota provinsi ini resmi dipindah ke Kota Banjarbaru untuk menggantikan Kota Banjarmasin."
rumah adat,Rumah Adat Buton Baubau,-4.6872524,123.0221566,"Rumah Adat Lambale, Jalan Poros Ereke-Baubau, Kulisusu Barat, Kotawo, Kulisusu Barat, Buton Utara, Sulawesi Tenggara, Sulawesi, Indonesia",Sulawesi Tenggara,Buton Utara,"Rumah Adat Buton Baubau, Buton Utara, Sulawesi Tenggara",gambar_wisata/Rumah_Adat_Buton_Baubau,"Suku Buton (Jawi:     ) adalah suku bangsa yang menempati wilayah Sulawesi Tenggara tepatnya di Kepulauan Buton. Suku Buton juga dapat ditemui dengan jumlah yang signifikan di luar Sulawesi Tenggara seperti di Maluku Utara, Kalimantan Timur, Kepulauan Riau, Maluku, dan Papua dikarenakan migrasi orang Buton di akhir tahun 1920-an."
rumah adat,Rumah Adat Dayak Kalimantan,0.3852633,109.9339283,"Radakng Aya Landak (Rumah Adat Dayak), Vila Del Fia, Ngabang, Landak, Kalimantan Barat, Kalimantan, 79357, Indonesia",Kalimantan Barat,Landak,"Rumah Adat Dayak Kalimantan, Landak, Kalimantan Barat",gambar_wisata/Rumah_Adat_Dayak_Kalimantan,"Kalimantan Barat adalah sebuah provinsi di Indonesia, yang berada di pulau Kalimantan, dengan ibu kota atau pusat pemerintahan berada di kota Pontianak. 
Luas wilayah provinsi Kalimantan Barat adalah 147.307,00 km  (7,53% luas Indonesia)."
rumah adat,Rumah Adat Enrekang Sulawesi Selatan,-3.6103967,119.8797063,"Rumah Adat Matakali, Jalan Poros Maiwa - Bungin, Matakali, Maiwa, Enrekang, Sulawesi Selatan, Sulawesi, Indonesia",Sulawesi Selatan,Sulawesi,"Rumah Adat Enrekang Sulawesi Selatan, Sulawesi, Sulawesi Selatan",gambar_wisata/Rumah_Adat_Enrekang_Sulawesi_Selatan,"Sulawesi Selatan (diakronimkan: Sulsel; Lontara:     ) adalah sebuah provinsi di semenanjung bagian selatan pulau Sulawesi, Indonesia. Kepulauan Selayar di bagian selatan pulau Sulawesi juga merupakan bagian dari provinsi tersebut."
rumah adat,Rumah Adat Gadang Sumatera Barat,-1.4595663,101.0315028,"rumah adat, Pasir Talang, Solok Selatan, Sumatera Barat, Sumatera, Indonesia",Sumatera Barat,Solok Selatan,"Rumah Adat Gadang Sumatera Barat, Solok Selatan, Sumatera Barat",gambar_wisata/Rumah_Adat_Gadang_Sumatera_Barat,"Sumatera Barat (diakronimkan: Sumbar) adalah sebuah provinsi di Indonesia yang terletak di Pulau Sumatra dengan ibu kota Padang. Provinsi Sumatera Barat terletak sepanjang pesisir barat Sumatra bagian tengah, dataran tinggi Bukit Barisan di sebelah timur, dan sejumlah pulau di lepas pantainya seperti Kepulauan Mentawai."
rumah adat,Rumah Adat Lamin Kalimantan Timur,0.1978164,117.4729648,"Rumah Adat Lamin Kutai Guntung, Jalan Tari Gong, Guntung, Bontang, Kalimantan Timur, Kalimantan, 75321, Indonesia",Kalimantan Timur,Bontang,"Rumah Adat Lamin Kalimantan Timur, Bontang, Kalimantan Timur",gambar_wisata/Rumah_Adat_Lamin_Kalimantan_Timur,"Kalimantan Timur adalah sebuah Provinsi di pulau Kalimantan, Indonesia. Luas total Kalimantan Timur adalah 127.346,92 km ."
rumah adat,Rumah Adat Toraja,-3.0044673,119.9566412,"rumah adat toraja, Jalan Potos Buntao - Sangalla, Buntao Pitung Penanian, Toraja Utara, Sulawesi Selatan, Sulawesi, Indonesia",Sulawesi Selatan,Toraja Utara,"Rumah Adat Toraja, Toraja Utara, Sulawesi Selatan",gambar_wisata/Rumah_Adat_Toraja,"Kabupaten Toraja Utara adalah sebuah kabupaten di Provinsi Sulawesi Selatan, Indonesia. Ibu kota kabupaten ini berada di Kecamatan Rantepao."
rumah adat,Rumah Adat Toraja Utara,-2.9860708,119.9527722,"rumah adat, Jalan Andi Achmand, Tondon, Toraja Utara, Sulawesi Selatan, Sulawesi, 91813, Indonesia",Sulawesi Selatan,Toraja Utara,"Rumah Adat Toraja Utara, Toraja Utara, Sulawesi Selatan",gambar_wisata/Rumah_Adat_Toraja_Utara,"Kabupaten Toraja Utara adalah sebuah kabupaten di Provinsi Sulawesi Selatan, Indonesia. Ibu kota kabupaten ini berada di Kecamatan Rantepao."
taman,Taman Anggrek Mall,-6.1783746,106.7922761,"Mall Taman Anggrek, Kav. 21, Jalan Tanjung Duren Timur II, RW 07, Tanjung Duren Selatan, Grogol Petamburan, Jakarta Barat, Daerah Khusus ibukota Jakarta, Jawa, 11470, Indonesia",,Daerah Khusus ibukota Jakarta,"Taman Anggrek Mall, Daerah Khusus ibukota Jakarta, nan",gambar_wisata/Taman_Anggrek_Mall,"Kota Tegal (bahasa Jawa: Hanacaraka:  , Pegon  , Hanzi:  , Belanda: Tagal) adalah sebuah satu kota di Provinsi Jawa Tengah, Indonesia. Kota ini pernah menjadi cikal-bakal berdirinya Korps Marinir seperti tercatat dalam Pangkalan IV ALRI Tegal dengan nama Corps Mariniers, pada 15 November 1945."
taman,Taman Ayodya,-6.2452139,106.7945886,"Taman Ayodya, Kramat Pela, Kebayoran Baru, Jakarta Selatan, Daerah Khusus ibukota Jakarta, Jawa, Indonesia",,Daerah Khusus ibukota Jakarta,"Taman Ayodya, Daerah Khusus ibukota Jakarta, nan",gambar_wisata/Taman_Ayodya,Deskripsi tidak ditemukan
taman,Taman Ayun,-8.5418493,115.1724926,"Pura Taman Ayun, 10, Gang Nuri VI, Gulingan, Badung, Bali, Nusa Tenggara, 80351, Indonesia",Bali,Badung,"Taman Ayun, Badung, Bali",gambar_wisata/Taman_Ayun,Deskripsi tidak ditemukan
taman,Taman Bunga Nusantara,-6.7277478,107.0794088,"Taman Bunga Nusantara, Kawungluwuk, Cianjur, Jawa Barat, Jawa, Indonesia",Jawa Barat,Cianjur,"Taman Bunga Nusantara, Cianjur, Jawa Barat",gambar_wisata/Taman_Bunga_Nusantara,"Taman Bunga Nusantara adalah sebuah taman bunga seluas 35 hektare yang terletak dekat Gunung Gede Pangrango dan Kebun Teh Bogor dengan jarak tempuh sekitar 2,5 - 3 jam perjalanan dari Jakarta, tepatnya berada di antara dua desa yaitu, Kawungluwuk, Sukaresmi, Cianjur dengan Sukawangi, Sukamakmur, Jonggol. Di taman ini disimpan berbagai tipe bunga dari seluruh dunia yang tumbuh di tempat ini, dalam hal ini terutama budi daya anggrek."
taman,Taman Cagar Alam Gunung Ambang,0.7518555,124.4170723,"Taman Wisata Alam Gunung Ambang, Moat, Bolaang Mongondow Timur, Sulawesi Utara, Sulawesi, Indonesia",Sulawesi Utara,Bolaang Mongondow Timur,"Taman Cagar Alam Gunung Ambang, Bolaang Mongondow Timur, Sulawesi Utara",gambar_wisata/Taman_Cagar_Alam_Gunung_Ambang,"Semenanjung Minahasa atau Semenanjung Utara Sulawesi adalah semenanjung yang terletak di bagian lengan utara pulau Sulawesi di Indonesia.
Luasnya lebih dari 40 ribu km , populasinya sekitar 4,5 juta orang."
taman,Taman Hutan Raya Ir. H. Juanda,-6.8411686,107.6503782,"Taman Hutan Raya Ir. H. Juanda, Coblong, Langensari, Bandung Barat, Jawa Barat, Jawa, Indonesia",Jawa Barat,Bandung Barat,"Taman Hutan Raya Ir. H. Juanda, Bandung Barat, Jawa Barat",gambar_wisata/Taman_Hutan_Raya_Ir._H._Juanda,"Taman Hutan Raya Ir. H. Djuanda (Tahura Djuanda) merupakan kawasan konservasi yang terpadu antara alam sekunder dengan hutan tanaman dengan jenis Pinus (Pinus merkusil) yang terletak di Sub-Daerah Aliran Sungai Cikapundung dan DAS Citarum yang membentang mulai dari Curug Dago, Dago Pakar sampai Curug Maribaya yang merupakan bagian dari kelompok hutan Gunung Pulosari."
taman,Taman Ismail Marzuki,-6.1891551,106.8398854,"Taman Ismail Marzuki, 73, Cikini, Menteng, Jakarta Pusat, Daerah Khusus ibukota Jakarta, Jawa, 10330, Indonesia",,Daerah Khusus ibukota Jakarta,"Taman Ismail Marzuki, Daerah Khusus ibukota Jakarta, nan",gambar_wisata/Taman_Ismail_Marzuki,
taman,Taman Jepun,-8.6675057,115.2443466,"Istana Taman Jepun, 104H-106H, Jalan Hayam Wuruk, Denpasar Timur, Denpasar ᬤᬾᬦ᭄ᬧᬲᬃ, Bali, Nusa Tenggara, 80235, Indonesia",Bali,Denpasar ,"Taman Jepun, Denpasar ᬤᬾᬦ᭄ᬧᬲᬃ, Bali",gambar_wisata/Taman_Jepun,Deskripsi tidak ditemukan
taman,Taman Kota Bontang,0.1355253,117.4678902,"Kantor PDAM Tirta Taman Kota Bontang, Jalan Brigadir Jenderal Katamso, Belimbing, Bontang, Kalimantan Timur, Kalimantan, 75313, Indonesia",Kalimantan Timur,Bontang,"Taman Kota Bontang, Bontang, Kalimantan Timur",gambar_wisata/Taman_Kota_Bontang,"Kota Bontang adalah sebuah kota di provinsi Kalimantan Timur, Indonesia. Kota ini terletak sekitar 120 kilometer dari Kota Samarinda, berbatasan langsung dengan Kabupaten Kutai Timur di bagian utara dan barat, Kabupaten Kutai Kartanegara di selatan dan Selat Makassar di timur."
taman,Taman Kota Kendari,-3.9736474,122.5129244,"Taman Kota Kendari, Mandonga, Kendari, Sulawesi Tenggara, Sulawesi, Indonesia",Sulawesi Tenggara,Kendari,"Taman Kota Kendari, Kendari, Sulawesi Tenggara",gambar_wisata/Taman_Kota_Kendari,"Kabupaten Wakatobi adalah salah satu kabupaten di provinsi Sulawesi Tenggara, Indonesia. Ibu kota kabupaten ini terletak di Kecamatan Wangiwangi, dibentuk berdasarkan Undang-undang Republik Indonesia Nomor 29 Tahun 2003, tanggal 18 Desember 2003."
taman,Taman Kota Makassar,-5.182353,119.4293122,"Taman, Mannuruki, Tamalate, Makassar, Sulawesi Selatan, Sulawesi, Indonesia",Sulawesi Selatan,Makassar,"Taman Kota Makassar, Makassar, Sulawesi Selatan",gambar_wisata/Taman_Kota_Makassar,"Kota Makassar (Lontara Makassar:    , transliterasi: Kota Mangkasara'), sebelumnya bernama Ujung Pandang (nama benteng suku makassar), adalah ibu kota provinsi Sulawesi Selatan, Indonesia. 
Sebelumnya, kota yang sejak 1971 hingga 1999 dikenal secara resmi sebagai Ujung Pandang ini merupakan kota terbesar di wilayah Indonesia Timur dan pusat kota terbesar ketujuh di Indonesia dari jumlah penduduk setelah Jakarta, Surabaya, Medan, Bandung, Semarang, dan Palembang."
taman,Taman Kota Palangkaraya,-2.2158757,113.9193856,"Taman Kota, Langkai, Palangka Raya, Kalimantan Tengah, Kalimantan, Indonesia",Kalimantan Tengah,Palangka Raya,"Taman Kota Palangkaraya, Palangka Raya, Kalimantan Tengah",gambar_wisata/Taman_Kota_Palangkaraya,"Kota Palangka Raya adalah sebuah kota sekaligus ibu kota provinsi Kalimantan Tengah, Indonesia. Kota ini memiliki luas wilayah 2.853,12 km  dan jumlah penduduk pada akhir tahun 2024 sebanyak 315.153 jiwa, dengan kepadatan penduduk rata-rata 110 jiwa/km ."
taman,Taman Kota Palu,-0.9002119,119.8894116,"Lapangan Vatulemo Palu (Taman Kota), Tanamodindi, Kecamatan Mantikulore, Palu, Sulawesi Tengah, Sulawesi, Indonesia",Sulawesi Tengah,Palu,"Taman Kota Palu, Palu, Sulawesi Tengah",gambar_wisata/Taman_Kota_Palu,"Kota Palu adalah sebuah kota yang terletak di tepi laut dan sekaligus Ibukota dari provinsi Sulawesi Tengah, Indonesia. Palu merupakan kota yang terletak di Sulawesi Tengah, berbatasan dengan Kabupaten Donggala di sebelah barat dan utara, Kabupaten Sigi di sebelah selatan, dan Kabupaten Parigi Moutong di sebelah timur."
taman,Taman Kota Pontianak,-0.0494311,109.3436,"TAMAN BUDAYA, Parit Tokaya, Pontianak, Kalimantan Barat, Kalimantan, Indonesia",Kalimantan Barat,Pontianak,"Taman Kota Pontianak, Pontianak, Kalimantan Barat",gambar_wisata/Taman_Kota_Pontianak,"Kota Pontianak (Jawi:    , Hanzi:  , Hakka: Khunt en) adalah ibu kota yang sekaligus menjadi pusat pemerintahan dan perekonomian dari provinsi Kalimantan Barat, Indonesia. Kota ini didirikan pertama kali sebagai pelabuhan perdagangan di Pulau Kalimantan, menempati area seluas 118,31 km2 di delta Sungai Kapuas yang menjadi titik temu dengan anak sungai utamanya, Sungai Landak."
taman,Taman Kota Samarinda,-0.491098,117.1532192,"Gang Taman, Pelita, Samarinda Ilir, Samarinda, Kalimantan Timur, Kalimantan, 75242, Indonesia",Kalimantan Timur,Samarinda,"Taman Kota Samarinda, Samarinda, Kalimantan Timur",gambar_wisata/Taman_Kota_Samarinda,"Samarinda merupakan kota sekaligus ibu kota provinsi dari Provinsi Kalimantan Timur, Indonesia. Kota ini juga merupakan kota dengan penduduk terbesar di Pulau Kalimantan, yaitu dengan jumlah penduduk sebanyak 881.225 jiwa (2024)."
taman,Taman Kota Singkawang,0.9124179,108.9904002,"Taman Burung, Singkawang Barat, Singkawang, Kalimantan Barat, Kalimantan, Indonesia",Kalimantan Barat,Singkawang,"Taman Kota Singkawang, Singkawang, Kalimantan Barat",gambar_wisata/Taman_Kota_Singkawang,"Singkawang Grand Mall (disingkat sebagai SGM) adalah pusat perbelanjaan di Singkawang. Mal ini dibuka untuk umum pada tanggal 21 Januari 2015 setelah dibangun selama hampir 2 tahun, namun baru diresmikan oleh Wakil Gubernur Kalimantan Barat Christiandy Sanjaya pada tanggal 11 Februari 2017."
taman,Taman Laut Banda,-4.5201649,129.924145,"Taman Wisata Perairan Laut Banda, Selamon, Maluku, Indonesia",Maluku,Maluku,"Taman Laut Banda, Maluku, Maluku",gambar_wisata/Taman_Laut_Banda,Maluku Utara (diakronimkan: Malut) merupakan sebuah provinsi di Indonesia. Ibu kota provinsi ini terletak di Sofifi (Kota Tidore Kepulauan).
taman,Taman Laut Banda Neira,-4.5201649,129.924145,"Taman Wisata Perairan Laut Banda, Selamon, Maluku, Indonesia",Maluku,Maluku,"Taman Laut Banda Neira, Maluku, Maluku",gambar_wisata/Taman_Laut_Banda_Neira,Deskripsi tidak ditemukan
taman,Taman Mayura,-8.586649,116.1331976,"Taman Mayura, Lingk. Ukir Kawi, Kel. Cakranegara Timur, Cakranegara Utara, Mataram, Kec. Cakranegara, Nusa Tenggara Barat, Nusa Tenggara, Indonesia",Nusa Tenggara Barat,Mataram,"Taman Mayura, Mataram, Nusa Tenggara Barat",gambar_wisata/Taman_Mayura,"Universitas Mataram (Aksara Sasak:  , disingkat UNRAM) adalah sebuah Perguruan Tinggi Negeri di kota Mataram, provinsi Nusa Tenggara Barat, Indonesia.Universitas ini didirikan pada 1 Oktober 1962."
taman,Taman Menteng,-6.1959974,106.8295739,"Taman Menteng, Menteng, Jakarta Pusat, Daerah Khusus ibukota Jakarta, Jawa, 10310, Indonesia",,Daerah Khusus ibukota Jakarta,"Taman Menteng, Daerah Khusus ibukota Jakarta, nan",gambar_wisata/Taman_Menteng,
taman,Taman Narmada,-8.5960238,116.2053339,"taman wisata narmada, Lingk. Muhajirin Narmada, Krama Jaya, Narmada, Lombok Barat, Nusa Tenggara Barat, Nusa Tenggara, Indonesia",Nusa Tenggara Barat,Lombok Barat,"Taman Narmada, Lombok Barat, Nusa Tenggara Barat",gambar_wisata/Taman_Narmada,Nusa Tenggara Barat (disingkat NTB) ialah sebuah provinsi di Indonesia yang berada di bagian tengah Kepulauan Nusa Tenggara di antara provinsi Bali di sebelah barat dan provinsi Nusa Tenggara Timur di sebelah Timur. Pusat pemerintahan dan ibu kota provinsi ini berada di Kota Mataram.
taman,Taman Nasional Aketajawe-Lolobata,0.5894491,127.7387051,"Taman Nasional Aketajawe Lolobata, Halmahera Tengah, Maluku Utara, Maluku, Indonesia",Maluku Utara,Halmahera Tengah,"Taman Nasional Aketajawe-Lolobata, Halmahera Tengah, Maluku Utara",gambar_wisata/Taman_Nasional_Aketajawe-Lolobata,"Halmahera adalah pulau terbesar di Kepulauan Maluku. Pulau ini merupakan bagian dari provinsi Maluku Utara, Indonesia."
taman,Taman Nasional Alas Purwo,-8.6135534,114.3981629,"Taman Nasional Alas Purwo, Banyuwangi, Jawa Timur, Jawa, Indonesia",Jawa Timur,Banyuwangi,"Taman Nasional Alas Purwo, Banyuwangi, Jawa Timur",gambar_wisata/Taman_Nasional_Alas_Purwo,"Taman Nasional Alas Purwo (disingkat TN Alas Purwo, Aksara Jawa:  ) adalah sebuah taman nasional yang terletak di Kecamatan Tegaldlimo dan Kecamatan Purwoharjo, Kabupaten Banyuwangi, Jawa Timur, Indonesia. Letak taman nasional ini di ujung paling timur dari Pulau Jawa."
taman,Taman Nasional Bali Barat,-8.1672301,114.4626955,"Taman Nasional Bali Barat, Labuhan Lalang, Gerokgak, Buleleng, Bali, Nusa Tenggara, 82253, Indonesia",Bali,Buleleng,"Taman Nasional Bali Barat, Buleleng, Bali",gambar_wisata/Taman_Nasional_Bali_Barat,"Bali adalah sebuah provinsi di Indonesia yang terletak pada bagian barat Kepulauan Nusa Tenggara dan beribu kota di Kota Denpasar. Pulau Bali, yang merupakan pulau terbesar di Provinsi Bali, memiliki beberapa julukan, di antaranya Pulau Dewata dan Pulau Seribu Pura."
taman,Taman Nasional Baluran,-7.8363697,114.3808459,"Taman Nasional Baluran, Situbondo, Banyuwangi, Jawa Timur, Jawa, Indonesia",Jawa Timur,Situbondo,"Taman Nasional Baluran, Situbondo, Jawa Timur",gambar_wisata/Taman_Nasional_Baluran,"Taman Nasional Baluran adalah salah satu taman nasional di Indonesia yang terletak di wilayah Banyuputih, Situbondo, Jawa Timur, Indonesia. Namanya diambil dari nama gunung yang berada di daerah ini, yaitu Gunung Baluran."
taman,Taman Nasional Bantimurung,-4.8683732,119.6930821,"Taman Nasional Bantimurung Bulusaraung, Pangkajene dan Kepulauan, Sulawesi Selatan, Sulawesi, Indonesia",Sulawesi Selatan,Pangkajene dan Kepulauan,"Taman Nasional Bantimurung, Pangkajene dan Kepulauan, Sulawesi Selatan",gambar_wisata/Taman_Nasional_Bantimurung,"Taman Nasional Bantimurung Bulusaraung atau biasa disingkat menjadi TN Babul, adalah sebuah taman nasional yang ditunjuk menjadi kawasan konservasi berdasarkan Surat Keputusan Menteri Kehutanan RI Nomor SK 398/Menhut-II/2004 tanggal 18 Oktober 2004. TN Babul memiliki luas   43.750 ha yang secara admnistratif pemerintahan mencakup tiga wilayah kabupaten yang saling berbatasan, yaitu Kabupaten Maros, Kabupaten Pangkep, dan Kabupaten Bone di Sulawesi Selatan."
taman,Taman Nasional Bantimurung Bulusaraung,-4.8683732,119.6930821,"Taman Nasional Bantimurung Bulusaraung, Pangkajene dan Kepulauan, Sulawesi Selatan, Sulawesi, Indonesia",Sulawesi Selatan,Pangkajene dan Kepulauan,"Taman Nasional Bantimurung Bulusaraung, Pangkajene dan Kepulauan, Sulawesi Selatan",gambar_wisata/Taman_Nasional_Bantimurung_Bulusaraung,"Taman Nasional Bantimurung Bulusaraung atau biasa disingkat menjadi TN Babul, adalah sebuah taman nasional yang ditunjuk menjadi kawasan konservasi berdasarkan Surat Keputusan Menteri Kehutanan RI Nomor SK 398/Menhut-II/2004 tanggal 18 Oktober 2004. TN Babul memiliki luas   43.750 ha yang secara admnistratif pemerintahan mencakup tiga wilayah kabupaten yang saling berbatasan, yaitu Kabupaten Maros, Kabupaten Pangkep, dan Kabupaten Bone di Sulawesi Selatan."
taman,Taman Nasional Batang Gadis,0.8899134,99.3400377,"Taman Nasional Batang Gadis, Mandailing Natal, Sumatera Utara, Sumatera, Indonesia",Sumatera Utara,Mandailing Natal,"Taman Nasional Batang Gadis, Mandailing Natal, Sumatera Utara",gambar_wisata/Taman_Nasional_Batang_Gadis,"Taman Nasional Batang Gadis (disingkat TNBG) adalah sebuah taman nasional yang terletak di Kabupaten Mandailing Natal, Sumatera Utara. Awalnya, Taman Nasional Batang Gadis menempati lahan seluas 108.000 hektare."
taman,Taman Nasional Berbak,-1.4093264,104.2228031,"Taman Nasional Berbak, Tanjung Jabung Timur, Jambi, Sumatera, Indonesia",Jambi,Tanjung Jabung Timur,"Taman Nasional Berbak, Tanjung Jabung Timur, Jambi",gambar_wisata/Taman_Nasional_Berbak,"Taman Nasional Berbak (disingkat TN Berbak) merupakan sebuah taman nasional yang terletak di kabupaten Tanjung Jabung Timur dan kabupaten Muaro Jambi, provinsi Jambi. Taman Nasional Berbak merupakan kawasan pelestarian alam untuk konservasi hutan rawa terluas di Asia Tenggara yang belum terjamah oleh eksploitasi manusia."
taman,Taman Nasional Bogani Nani Wartabone,0.5810207,123.549791,"Taman Nasional Bogani Nani Wartabone, Bolaang Mongondow Utara, Sulawesi Utara, Sulawesi, Indonesia",Sulawesi Utara,Bolaang Mongondow Utara,"Taman Nasional Bogani Nani Wartabone, Bolaang Mongondow Utara, Sulawesi Utara",gambar_wisata/Taman_Nasional_Bogani_Nani_Wartabone,Taman Nasional Bogani Nani Wartabone adalah salah satu taman nasional yang ada di Indonesia. Penetapannya secara resmi berlaku pada tahun 1991.
taman,Taman Nasional Bromo Tengger Semeru,-8.0254422,112.949168,"Taman Nasional Bromo Tengger Semeru, Kabupaten Malang, Jawa Timur, Jawa, 67254, Indonesia",Jawa Timur,Kabupaten Malang,"Taman Nasional Bromo Tengger Semeru, Kabupaten Malang, Jawa Timur",gambar_wisata/Taman_Nasional_Bromo_Tengger_Semeru,"Taman Nasional Bromo Tengger Semeru adalah kawasan pegunungan di Jawa Timur, Indonesia, yang terletak di wilayah administratif Kabupaten Probolinggo, Kabupaten Pasuruan, Kabupaten Malang, dan Kabupaten Lumajang. Taman yang bentangan barat-timurnya sekitar 20-30 kilometer dan utara-selatannya sekitar 40 km ini ditetapkan sejak tahun 1982 dengan luas wilayahnya sekitar 50.276,3 ha."
taman,Taman Nasional Bukit Baka Bukit Raya,-0.7158521,112.5860848,"Taman Nasional Bukit Baka Bukit Raya, Katingan, Kalimantan Tengah, Kalimantan, Indonesia",Kalimantan Tengah,Katingan,"Taman Nasional Bukit Baka Bukit Raya, Katingan, Kalimantan Tengah",gambar_wisata/Taman_Nasional_Bukit_Baka_Bukit_Raya,"Bukit Raya atau Gunung Raya adalah sebuah gunung yang terletak di Kabupaten Katingan, Provinsi Kalimantan Tengah. Gunung ini adalah gunung tertinggi di Kalimantan yang masuk dalam wilayah Indonesia."
taman,Taman Nasional Bukit Barisan Selatan,-5.2472574,104.149891,"Taman Nasional Bukit Barisan Selatan, Pesisir Barat, Lampung, Sumatera, Indonesia",Lampung,Pesisir Barat,"Taman Nasional Bukit Barisan Selatan, Pesisir Barat, Lampung",gambar_wisata/Taman_Nasional_Bukit_Barisan_Selatan,Taman Nasional Bukit Barisan Selatan (disingkat TNBBS) adalah sebuah taman nasional yang ditujukan untuk melindungi hutan hujan tropis pulau Sumatra beserta kekayaan alam hayati yang dimilikinya. UNESCO menjadikan Taman Nasional Bukit Barisan Selatan bersama Taman Nasional Gunung Leuser dan Tamana Nasional Kerinci Seblat sebagai Warisan Dunia dalam Warisan Hutan Hujan Tropis Sumatra.
taman,Taman Nasional Bukit Tigapuluh,-1.3718082,102.4791044,"Resort Taman Nasional Bukit Tigapuluh, Jalan Rigunas, Tebo, Jambi, Sumatera, Indonesia",Jambi,Tebo,"Taman Nasional Bukit Tigapuluh, Tebo, Jambi",gambar_wisata/Taman_Nasional_Bukit_Tigapuluh,Deskripsi tidak ditemukan
taman,Taman Nasional Bunaken,1.6732183,124.758243,"Taman Nasional Bunaken, Minahasa Utara, Sulawesi Utara, Sulawesi, 95231, Indonesia",Sulawesi Utara,Minahasa Utara,"Taman Nasional Bunaken, Minahasa Utara, Sulawesi Utara",gambar_wisata/Taman_Nasional_Bunaken,"Sulawesi Utara (disingkat Sulut) adalah salah satu  provinsi yang terletak di ujung utara Pulau Sulawesi, Indonesia, dengan ibu kota terletak di kota Manado. Sulawesi Utara atau Sulut berbatasan dengan Laut Maluku dan Samudra Pasifik di sebelah timur, Laut Maluku dan Teluk Tomini di sebelah selatan, Laut Sulawesi dan Provinsi Gorontalo di sebelah barat, dan Provinsi Davao Occidental di sebelah utara."
taman,Taman Nasional Halmahera,0.5894491,127.7387051,"Taman Nasional Aketajawe Lolobata, Halmahera Tengah, Maluku Utara, Maluku, Indonesia",Maluku Utara,Halmahera Tengah,"Taman Nasional Halmahera, Halmahera Tengah, Maluku Utara",gambar_wisata/Taman_Nasional_Halmahera,"Kabupaten Halmahera Utara adalah salah satu kabupaten di provinsi Maluku Utara, Indonesia. Ibu kota kabupaten Halmahera Utara berada di kecamatan Tobelo."
taman,Taman Nasional Karimunjawa,-5.7970834,110.31,"Taman Nasional Karimunjawa, Jawa Tengah, Jawa, Indonesia",Jawa Tengah,Jawa,"Taman Nasional Karimunjawa, Jawa, Jawa Tengah",gambar_wisata/Taman_Nasional_Karimunjawa,Jawa Tengah (atau juga diakronimkan sebagai Jateng) adalah sebuah wilayah provinsi di Indonesia yang terletak di bagian tengah Pulau Jawa. Ibu kota Provinsi Jawa Tengah berada di Kota Semarang.
taman,Taman Nasional Kayan Mentarang,3.2061545,115.8636941,"Taman Nasional Kayan Mentarang, Kalimantan Utara, Kalimantan, Indonesia",Kalimantan Utara,Kalimantan,"Taman Nasional Kayan Mentarang, Kalimantan, Kalimantan Utara",gambar_wisata/Taman_Nasional_Kayan_Mentarang,"Taman Nasional Kayan Mentarang (TNKM) (bahasa Inggris: Kayan Mentarang National Park), ditetapkan pertama kali pada tahun 1980 sebagai Cagar Alam oleh Menteri Pertanian Indonesia. Kemudian pada tahun 1996, atas desakan masyarakat lokal (adat) dan rekomendasi dari WWF, kawasan ini diubah statusnya menjadi Taman Nasional agar kepentingan masyarakat lokal dapat diakomodasikan."
taman,Taman Nasional Kerinci Seblat,-2.2619949,101.3594523,"Taman Nasional Kerinci Seblat, Jambi, Sumatera, Indonesia",Jambi,Sumatera,"Taman Nasional Kerinci Seblat, Sumatera, Jambi",gambar_wisata/Taman_Nasional_Kerinci_Seblat,"Taman Nasional Kerinci Seblat (disngkat TNKS) adalah taman nasional terbesar di Sumatra yang memiliki luas wilayah sebesar 13,750 km . Taman nasional ini terletak pada koordinat antara 100 31'18""E - 102 44'01""E dan 1 07'13""S - 1 26'14""S. Secara administratif wilayah taman nasional ini berada di 14 kabupaten dan 2 kota yang termasuk dalam 4 provinsi yaitu Sumatera Barat, Jambi, Bengkulu, dan Sumatera Selatan."
taman,Taman Nasional Komodo,-8.6069899,119.5729395,"Taman Nasional Komodo, Manggarai Barat, Nusa Tenggara Timur, Nusa Tenggara, Indonesia",Nusa Tenggara Timur,Manggarai Barat,"Taman Nasional Komodo, Manggarai Barat, Nusa Tenggara Timur",gambar_wisata/Taman_Nasional_Komodo,Nusa Tenggara Timur (disingkat NTT) adalah sebuah provinsi di Indonesia yang meliputi bagian timur Kepulauan Nusa Tenggara. Ibu kota Nusa Tenggara Timur berada di Kota Kupang.
taman,Taman Nasional Kutai,0.356592,117.2655867,"Taman Nasional Kutai, Kutai Timur, Kalimantan Timur, Kalimantan, Indonesia",Kalimantan Timur,Kutai Timur,"Taman Nasional Kutai, Kutai Timur, Kalimantan Timur",gambar_wisata/Taman_Nasional_Kutai,"Kabupaten Kutai Timur adalah salah satu kabupaten di provinsi Kalimantan Timur, Indonesia. Ibu kota kabupaten ini terletak di Sangatta."
taman,Taman Nasional Laut Sawu,-10.2885916,120.8349871,"Taman Nasional Perairan Laut Sawu, Nusa Tenggara Timur, Nusa Tenggara, Indonesia",Nusa Tenggara Timur,nan,"Taman Nasional Laut Sawu, nan, Nusa Tenggara Timur",gambar_wisata/Taman_Nasional_Laut_Sawu,Deskripsi tidak ditemukan
taman,Taman Nasional Lore Lindu,-1.5190466,120.1852466,"Taman Nasional Lore Lindu, Poso, Sulawesi Tengah, Sulawesi, Indonesia",Sulawesi Tengah,Poso,"Taman Nasional Lore Lindu, Poso, Sulawesi Tengah",gambar_wisata/Taman_Nasional_Lore_Lindu,"Taman Nasional Lore Lindu (TNLL) merupakan salah satu taman nasional di Indonesia yang terletak di provinsi Sulawesi Tengah dan salah satu lokasi perlindungan hayati Sulawesi. Taman Nasional Lore Lindu terletak sekitar 60 kilometer selatan kota Palu dan terletak antara 119 90    120 16 BT dan 1 8    1 3 LS.
Kalau dibandingkan dengan taman nasional lain di Indonesia, ukurannya sedang saja."
taman,Taman Nasional Lorentz,-4.641344,137.6663697,"Taman Nasional Lorentz, Papua Tengah, Western New Guinea, Indonesia",Papua Tengah,Western New Guinea,"Taman Nasional Lorentz, Western New Guinea, Papua Tengah",gambar_wisata/Taman_Nasional_Lorentz,Pegunungan Tengah (New Guinea Highlands) merupakan kawasan pegunungan di Pulau Papua dengan puncak tertingginya adalah Puncak Jaya (4.884 mdpl) yang merupakan gunung tertinggi di Oseania. Pegunungan ini memanjang dari Indonesia hingga ujung timur Papua Nugini.
taman,Taman Nasional Manusela,-3.0484302,129.2357306,"Taman Nasional Manusela, Maluku Tengah, Maluku, Indonesia",Maluku,Maluku Tengah,"Taman Nasional Manusela, Maluku Tengah, Maluku",gambar_wisata/Taman_Nasional_Manusela,"Tehoru adalah nama kecamatan di Kabupaten Maluku Tengah, Maluku, Indonesia.
Terdapat pelabuhan rakyat di negeri tehoru."
taman,Taman Nasional Meru Betiri,-8.4606063,113.85749,"Taman Nasional Meru Betiri, Banyuwangi, Jawa Timur, Jawa, Indonesia",Jawa Timur,Banyuwangi,"Taman Nasional Meru Betiri, Banyuwangi, Jawa Timur",gambar_wisata/Taman_Nasional_Meru_Betiri,Taman Nasional Meru Betiri adalah sebuah taman nasional yang terletak di provinsi Jawa Timur. Pada sistem koordinat geografis letaknya di 8 21  - 8 34  Lintang Selatan dan 113 37  - 113 58  Bujur Timur.
taman,Taman Nasional Rawa Aopa Watumohai,-4.3036722,122.0138645,"Taman Nasional Rawa Aopa Watumohai, Konawe Selatan, Sulawesi Tenggara, Sulawesi, Indonesia",Sulawesi Tenggara,Konawe Selatan,"Taman Nasional Rawa Aopa Watumohai, Konawe Selatan, Sulawesi Tenggara",gambar_wisata/Taman_Nasional_Rawa_Aopa_Watumohai,"Taman Nasional Rawa Aopa Watumohai adalah taman nasional yang terletak di provinsi Sulawesi Tenggara, Indonesia. Rawa Aopa Watumohai ditetapkan sebagai taman nasional pada tahun 1989, dan memiliki wilayah seluas 1.050 km ."
taman,Taman Nasional Sebangau,-2.4769018,113.6931414,"Taman Nasional Sebangau, Kalimantan Tengah, Kalimantan, Indonesia",Kalimantan Tengah,Kalimantan,"Taman Nasional Sebangau, Kalimantan, Kalimantan Tengah",gambar_wisata/Taman_Nasional_Sebangau,"Kalimantan Tengah (diakronimkan: Kalteng) adalah salah satu provinsi di Pulau Kalimantan, Indonesia. Ibu kota provinsi ini berada di Kota Palangka Raya."
taman,Taman Nasional Siberut,-1.4233193,98.8663082,"Taman Nasional Siberut, Kepulauan Mentawai, Sumatera Barat, Sumatera, Indonesia",Sumatera Barat,Sumatera,"Taman Nasional Siberut, Sumatera, Sumatera Barat",gambar_wisata/Taman_Nasional_Siberut,"Sumatera Barat (diakronimkan: Sumbar) adalah sebuah provinsi di Indonesia yang terletak di Pulau Sumatra dengan ibu kota Padang. Provinsi Sumatera Barat terletak sepanjang pesisir barat Sumatra bagian tengah, dataran tinggi Bukit Barisan di sebelah timur, dan sejumlah pulau di lepas pantainya seperti Kepulauan Mentawai."
taman,Taman Nasional Taka Bonerate,-6.7,121.1541667,"Taman Nasional Taka Bonerate, Sulawesi Selatan, Sulawesi, Indonesia",Sulawesi Selatan,Sulawesi,"Taman Nasional Taka Bonerate, Sulawesi, Sulawesi Selatan",gambar_wisata/Taman_Nasional_Taka_Bonerate,Taman Nasional Taka Bonerate adalah taman laut yang mempunyai kawasan atol terbesar ketiga di dunia setelah Kwajifein di Kepulauan Marshall dan Suvadiva di Kepulauan Maladewa. Luas total dari atol ini 220.000 hektare dengan sebaran terumbu karang mencapai 500 km .
taman,Taman Nasional Tambora,-8.2763787,117.996753,"Taman Nasional Gunung Tambora, Bima, Nusa Tenggara Barat, Nusa Tenggara, Indonesia",Nusa Tenggara Barat,nan,"Taman Nasional Tambora, nan, Nusa Tenggara Barat",gambar_wisata/Taman_Nasional_Tambora,Silakan kunjungi Pariwisata di Indonesia untuk informasi lebih lengkap.
taman,Taman Nasional Tanjung Puting,-3.0641552,112.0185747,"Taman Nasional Tanjung Puting, Kotawaringin Barat, Kalimantan Tengah, Kalimantan, Indonesia",Kalimantan Tengah,Kotawaringin Barat,"Taman Nasional Tanjung Puting, Kotawaringin Barat, Kalimantan Tengah",gambar_wisata/Taman_Nasional_Tanjung_Puting,"Taman Nasional Tanjung Puting adalah sebuah taman nasional yang terletak di semenanjung barat daya provinsi Kalimantan Tengah.
Tanjung Puting pada awalnya merupakan cagar alam dan suaka margasatwa yang ditetapkan oleh Pemerintah Hindia Belanda pada tahun 1937."
taman,Taman Nasional Teluk Cenderawasih,-2.54526,135.0106277,"Taman Nasional Teluk Cenderawasih, Papua Tengah, Western New Guinea, Indonesia",Papua Tengah,Western New Guinea,"Taman Nasional Teluk Cenderawasih, Western New Guinea, Papua Tengah",gambar_wisata/Taman_Nasional_Teluk_Cenderawasih,"Papua Barat Daya adalah sebuah provinsi di Indonesia, dan merupakan pemekaran dari provinsi Papua Barat pada tahun 2022. Papua Barat Daya menjadi provinsi ke-38 di Indonesia."
taman,Taman Nasional Tesso Nilo,-0.2205437,101.8731769,"Taman Nasional Tesso Nilo, Pelalawan, Riau, Sumatera, Indonesia",Riau,Pelalawan,"Taman Nasional Tesso Nilo, Pelalawan, Riau",gambar_wisata/Taman_Nasional_Tesso_Nilo,"Taman Nasional Tesso Nilo adalah sebuah taman nasional yang terletak di Kabupaten Pelalawan, Provinsi Riau. Di dalamnya terdapat sedikitnya 360 jenis flora, 107 jenis burung, 50 jenis ikan, 23 jenis mamalia, 18 jenis amfibi, 15 jenis reptil dan 3 jenis primata."
taman,Taman Nasional Ujung Kulon,-6.751449,105.3177956,"Taman Nasional Ujung Kulon, Pandeglang, Banten, Jawa, Indonesia",Banten,Pandeglang,"Taman Nasional Ujung Kulon, Pandeglang, Banten",gambar_wisata/Taman_Nasional_Ujung_Kulon,"Taman Nasional Ujung Kulon terletak di Semenanjung Ujung Kulon, bagian paling barat di Pulau Jawa, Indonesia. Kawasan taman nasional ini pada mulanya meliputi wilayah Krakatau dan beberapa pulau kecil di sekitarnya seperti Pulau Handeuleum dan Pulau Peucang dan Pulau Panaitan."
taman,Taman Nasional Wakatobi,-5.9011111,124.1165972,"Taman Nasional Wakatobi, Sulawesi Tenggara, Sulawesi, Indonesia",Sulawesi Tenggara,Sulawesi,"Taman Nasional Wakatobi, Sulawesi, Sulawesi Tenggara",gambar_wisata/Taman_Nasional_Wakatobi,"Taman Nasional Wakatobi adalah salah satu taman nasional di Indonesia. Letaknya di Kabupaten Wakatobi, Sulawesi Tenggara."
taman,Taman Nasional Wasur,-8.5922228,140.7692643,"Taman Nasional Wasur, Papua Selatan, Western New Guinea, Indonesia",Papua Selatan,Western New Guinea,"Taman Nasional Wasur, Western New Guinea, Papua Selatan",gambar_wisata/Taman_Nasional_Wasur,Deskripsi tidak ditemukan
taman,Taman Nasional Way Kambas,-4.9373689,105.7283403,"Taman Nasional Way Kambas, Lampung Timur, Lampung, Sumatera, Indonesia",Lampung,Lampung Timur,"Taman Nasional Way Kambas, Lampung Timur, Lampung",gambar_wisata/Taman_Nasional_Way_Kambas,"Taman Nasional Way Kambas (TNWK) adalah taman nasional perlindungan gajah yang terletak di daerah Lampung tepatnya di Kecamatan Labuhan Ratu, Lampung Timur, Indonesia. Selain di Way Kambas, sekolah gajah (Pusat Latihan Gajah) juga bisa ditemui di Minas, Riau."
taman,Taman Nusa,-8.5309522,115.3600358,"Taman Nusa Bali, Gianyar, Bali, Nusa Tenggara, 80582, Indonesia",Bali,Gianyar,"Taman Nusa, Gianyar, Bali",gambar_wisata/Taman_Nusa,"Kabupaten Gianyar (bahasa Bali: aksara Bali:  , translit. gya a ) adalah sebuah wilayah kabupaten yang terletak di provinsi Bali, Indonesia."
taman,Taman Sari,-7.7495744,110.3971884,"taman sari, Sinduharjo, Depok, Sleman, Daerah Istimewa Yogyakarta, Jawa, Indonesia",Daerah Istimewa Yogyakarta,Sleman,"Taman Sari, Sleman, Daerah Istimewa Yogyakarta",gambar_wisata/Taman_Sari,"Daerah Istimewa Yogyakarta, disingkat DI Yogyakarta atau DIY adalah daerah Istimewa setingkat provinsi di Indonesia yang merupakan peleburan dari Negara Kesultanan Yogyakarta dan Negara Kadipaten Paku Alaman dengan ibu kota di Kota Yogyakarta. Daerah Istimewa Yogyakarta terletak di bagian selatan Pulau Jawa, dan berbatasan dengan Provinsi Jawa Tengah dan Samudra Hindia."
taman,Taman Spatodhea,-6.3230579,106.8244616,"Taman Spatodhea, Jalan Kebagusan Raya, RW 03, Jagakarsa, Jakarta Selatan, Daerah Khusus ibukota Jakarta, Jawa, 12520, Indonesia",,Daerah Khusus ibukota Jakarta,"Taman Spatodhea, Daerah Khusus ibukota Jakarta, nan",gambar_wisata/Taman_Spatodhea,Deskripsi tidak ditemukan
taman,Taman Sukasada,-8.464546,115.6304955,"Taman Ujung Water Palace, Jalan Seraya Karangasem, Ujung Hyang, Ujung, Kecamatan Karangasem, Karangasem, Bali, Nusa Tenggara, 80311, Indonesia",Bali,Karangasem,"Taman Sukasada, Karangasem, Bali",gambar_wisata/Taman_Sukasada,"Taman Ujung atau Taman Sukasada, adalah sebuat taman di banjar Ujung, desa Tumbu, kecamatan Karangasem, Karangasem, Bali. Taman ini terletak sekitar 5 km di sebelah tenggara kota Amlapura."
taman,Taman Suropati,-6.1994502,106.8326426,"Taman Suropati, Menteng, Jakarta Pusat, Daerah Khusus ibukota Jakarta, Jawa, 10310, Indonesia",,Daerah Khusus ibukota Jakarta,"Taman Suropati, Daerah Khusus ibukota Jakarta, nan",gambar_wisata/Taman_Suropati,"Kota Malang (bahasa Jawa: Hanacaraka:  , Pegon:  ; pengucapan bahasa Jawa: [ mala ]) adalah sebuah kota yang terletak di Provinsi Jawa Timur, Indonesia, Kota ini merupakan kota terbesar kedua di Jawa Timur setelah Surabaya, dan kota terbesar ke-12 di Indonesia. Kota ini didirikan pada masa Pemerintahan Belanda pada 1 April 1914 dengan E.K Broeveldt sebagai wali kota pertama."
taman,Taman Udayana,-8.5721301,116.1025692,"Taman Udayana, Lingk. Dasan Sari, Kel. Kebon Sari, Mataram, Kec. Selaparang, Nusa Tenggara Barat, Nusa Tenggara, Indonesia",Nusa Tenggara Barat,Mataram,"Taman Udayana, Mataram, Nusa Tenggara Barat",gambar_wisata/Taman_Udayana,"Kerajaan Medang (Jawa kuno:    , translit. ka atwan m a ) atau sering disebut juga Medang Kuno adalah kerajaan agraris sekaligus talasokrasi yang berdiri di Jawa Tengah pada abad ke-8 Masehi, didirikan oleh Sanjaya, kemudian berpindah ke Jawa Timur pada abad ke-10 Masehi, pada masa Dyah Balitung dan Dyah Pu Sindok."
taman,Taman Waduk Pluit,-6.115239,106.7948586,"Taman Waduk Pluit, Pluit, Penjaringan, Jakarta Utara, Daerah Khusus ibukota Jakarta, Jawa, 14350, Indonesia",,Daerah Khusus ibukota Jakarta,"Taman Waduk Pluit, Daerah Khusus ibukota Jakarta, nan",gambar_wisata/Taman_Waduk_Pluit,
wahana keluarga,Ancol Dreamland,-6.1215807,106.8371407,"Taman Impian Jaya Ancol, No.7, Jalan Pademangan VIII, RW 10, Pademangan Timur, Pademangan, Jakarta Utara, Daerah Khusus ibukota Jakarta, Jawa, 14430, Indonesia",,Daerah Khusus ibukota Jakarta,"Ancol Dreamland, Daerah Khusus ibukota Jakarta, nan",gambar_wisata/Ancol_Dreamland,Deskripsi tidak ditemukan
wahana keluarga,Batu Night Spectacular,-7.8964168,112.5345322,"Batu Night Spectacular BNS, Jalan Raya Oro-Oro Ombo, Oro-oro Ombo, Kota Batu, Klojen, Jawa Timur, Jawa, 65316, Indonesia",Jawa Timur,Kota Batu,"Batu Night Spectacular, Kota Batu, Jawa Timur",gambar_wisata/Batu_Night_Spectacular,"Kota Batu (bahasa Jawa:  Hanacaraka:  , Pegon:  ; pengucapan bahasa Jawa: [ bat u]) adalah sebuah kota wisata di Provinsi Jawa Timur, Indonesia. Kota ini terletak 90 km sebelah barat daya Surabaya atau 15 km sebelah barat laut Malang."
wahana keluarga,Batu Secret Zoo,-7.8881687,112.529164,"Batu Secret Zoo, Drun Store Pohon Inn, Oro-oro Ombo, Kota Batu, Klojen, Jawa Timur, Jawa, 65316, Indonesia",Jawa Timur,Kota Batu,"Batu Secret Zoo, Kota Batu, Jawa Timur",gambar_wisata/Batu_Secret_Zoo,"Kota Batu (bahasa Jawa:  Hanacaraka:  , Pegon:  ; pengucapan bahasa Jawa: [ bat u]) adalah sebuah kota wisata di Provinsi Jawa Timur, Indonesia. Kota ini terletak 90 km sebelah barat daya Surabaya atau 15 km sebelah barat laut Malang."
wahana keluarga,Dago Dreampark,-6.8476037,107.6254233,"Dago Dreampark, Jalan Dago Giri, Mekarwangi, Bandung Barat, Jawa Barat, Jawa, 40139, Indonesia",Jawa Barat,Bandung Barat,"Dago Dreampark, Bandung Barat, Jawa Barat",gambar_wisata/Dago_Dreampark,"Koridor 4 Metro Jabar Trans merupakan salah satu koridor Metro Jabar Trans yang melayani rute dari Leuwipanjang menuju Dago. Meskipun demikian, rute perjalanan saat ini tidak melalui Terminal Dago, melainkan berakhir di Halte UNPAD Dipatiukur."
wahana keluarga,Dunia Fantasi,-6.1242122,106.832156,"Dunia Fantasi, Marina, Kawasan Wisata Ancol, Ancol, Pademangan, Jakarta Utara, Daerah Khusus ibukota Jakarta, Jawa, 14430, Indonesia",,Daerah Khusus ibukota Jakarta,"Dunia Fantasi, Daerah Khusus ibukota Jakarta, nan",gambar_wisata/Dunia_Fantasi,"Kota Malang (bahasa Jawa: Hanacaraka:  , Pegon:  ; pengucapan bahasa Jawa: [ mala ]) adalah sebuah kota yang terletak di Provinsi Jawa Timur, Indonesia, Kota ini merupakan kota terbesar kedua di Jawa Timur setelah Surabaya, dan kota terbesar ke-12 di Indonesia. Kota ini didirikan pada masa Pemerintahan Belanda pada 1 April 1914 dengan E.K Broeveldt sebagai wali kota pertama."
wahana keluarga,Dunia Fantasi Ancol,-6.1242122,106.832156,"Dunia Fantasi, Marina, Kawasan Wisata Ancol, Ancol, Pademangan, Jakarta Utara, Daerah Khusus ibukota Jakarta, Jawa, 14430, Indonesia",,Daerah Khusus ibukota Jakarta,"Dunia Fantasi Ancol, Daerah Khusus ibukota Jakarta, nan",gambar_wisata/Dunia_Fantasi_Ancol,
wahana keluarga,Farmhouse Lembang,-6.8321699,107.6057512,"Farmhouse Lembang, 14, Gudangkahuripan, Bandung Barat, Jawa Barat, Jawa, Indonesia",Jawa Barat,Bandung Barat,"Farmhouse Lembang, Bandung Barat, Jawa Barat",gambar_wisata/Farmhouse_Lembang,
wahana keluarga,Go! Wet Waterpark Bekasi,-6.2977617,107.0505373,"Go! Wet Waterpark, Grand Lake Boulevard, Grand Wisata Bekasi, Grand Wisata, Bekasi, Kab Bekasi, Jawa Barat, Jawa, 17510, Indonesia",Jawa Barat,Bekasi,"Go! Wet Waterpark Bekasi, Bekasi, Jawa Barat",gambar_wisata/Go!_Wet_Waterpark_Bekasi,"Tambun Selatan (disingkat Tamsel, nama sebelumnya: Tamboen) adalah salah satu dari kecamatan yang berada di wilayah Kabupaten Bekasi, Jawa Barat, Indonesia.
Tambun Selatan merupakan salah satu dari 23 kecamatan dengan jumlah penduduk terpadat di Kabupaten Bekasi."
wahana keluarga,Grand Puri Waterpark Yogyakarta,-7.8778724,110.3532303,"Grand Puri Waterpark, Jalan Melati Wetan, Timbulharjo, Sewon, Bantul, Daerah Istimewa Yogyakarta, Jawa, 55715, Indonesia",Daerah Istimewa Yogyakarta,Bantul,"Grand Puri Waterpark Yogyakarta, Bantul, Daerah Istimewa Yogyakarta",gambar_wisata/Grand_Puri_Waterpark_Yogyakarta,Deskripsi tidak ditemukan
wahana keluarga,Green Canyon Pangandaran,-7.7331415,108.4391618,"Green Canyon, Jalan Karangpaci, Kertayasa, Pangandaran, Jawa Barat, Jawa, 46394, Indonesia",Jawa Barat,Pangandaran,"Green Canyon Pangandaran, Pangandaran, Jawa Barat",gambar_wisata/Green_Canyon_Pangandaran,"Kabupaten Pangandaran (Aksara Sunda:  ) adalah sebuah wilayah kabupaten yang terletak di bagian ujung tenggara Provinsi Jawa Barat, Indonesia. Ibu kotanya adalah Kecamatan Parigi."
wahana keluarga,Jogja Bay Waterpark,-7.7472493,110.4189062,"Waterboom Jogja, Jalan Utara Stadion, Wedomartani, Sleman, Daerah Istimewa Yogyakarta, Jawa, 55821, Indonesia",Daerah Istimewa Yogyakarta,Sleman,"Jogja Bay Waterpark, Sleman, Daerah Istimewa Yogyakarta",gambar_wisata/Jogja_Bay_Waterpark,"Jogja Bay Waterpark atau Jogja Bay (bahasa Jawa:   'Teluk Ngayogya') adalah salah satu taman wisata air atau waterpark terbesar di Asia Tenggara yang berlokasi di Yogyakarta, Indonesia. Taman wisata air ini dibuka secara resmi pada 20 Desember 2015."
wahana keluarga,Kampung Gajah Wonderland,-6.8295078,107.5965635,"Kampung Gajah Wonderland, #KM3,8, Jalan Sersan Bajuri, Gudangkahuripan, Bandung Barat, Jawa Barat, Jawa, 40154, Indonesia",Jawa Barat,Bandung Barat,"Kampung Gajah Wonderland, Bandung Barat, Jawa Barat",gambar_wisata/Kampung_Gajah_Wonderland,"Kabupaten Bandung Barat (bahasa Sunda:    , translit. Bandung Kulon) adalah kabupaten di Provinsi Jawa Barat, Indonesia."
wahana keluarga,Saloka Theme Park,-7.2801381,110.457617,"Saloka Theme Park, Gumuksari, Lopait, Kabupaten Semarang, Jawa Tengah, Jawa, Indonesia",Jawa Tengah,Kabupaten Semarang,"Saloka Theme Park, Kabupaten Semarang, Jawa Tengah",gambar_wisata/Saloka_Theme_Park,"Saloka Theme Park atau Saloka Park (bahasa Jawa:   'Taman Saloka') adalah taman hiburan tematik yang terletak di Kabupaten Semarang, Jawa Tengah. Nama Saloka terinspirasi dari tokoh legenda rakyat Rawa Pening, yaitu Ki Hajar Salokantara yang memiliki anak bernama Baru Klinthing."
wahana keluarga,Sindu Kusuma Edupark,-7.7658888,110.3557753,"Sindu Kusuma Edupark, Jalan Jambon V, Kricak, Tegalrejo, Sinduadi, Mlati, Sleman, Daerah Istimewa Yogyakarta, Jawa, 55242, Indonesia",Daerah Istimewa Yogyakarta,Sleman,"Sindu Kusuma Edupark, Sleman, Daerah Istimewa Yogyakarta",gambar_wisata/Sindu_Kusuma_Edupark,"Sindu Kusuma Edupark (SKE) adalah destinasi wisata yang terletak di Yogyakarta, Indonesia, yang menggabungkan elemen hiburan dan edukasi. Diresmikan pada Desember 2014, taman ini telah menjadi salah satu tempat rekreasi yang populer, terutama bagi keluarga dan anak-anak."
wahana keluarga,Taman Impian Jaya Ancol,-6.1215807,106.8371407,"Taman Impian Jaya Ancol, No.7, Jalan Pademangan VIII, RW 10, Pademangan Timur, Pademangan, Jakarta Utara, Daerah Khusus ibukota Jakarta, Jawa, 14430, Indonesia",,Daerah Khusus ibukota Jakarta,"Taman Impian Jaya Ancol, Daerah Khusus ibukota Jakarta, nan",gambar_wisata/Taman_Impian_Jaya_Ancol,
wahana keluarga,Taman Mini Indonesia Indah,-6.3026341,106.8952962,"Taman Mini Indonesia Indah, Gang An Nur 2C, RW 10, Lubang Buaya, Cipayung, Jakarta Timur, Daerah Khusus ibukota Jakarta, Jawa, 13810, Indonesia",,Jakarta Timur,"Taman Mini Indonesia Indah, Jakarta Timur, nan",gambar_wisata/Taman_Mini_Indonesia_Indah,"Kabupaten Batang (bahasa Jawa: Hanacaraka:  , Pegon:  , translit. Batang) adalah sebuah wilayah kabupaten yang terletak di Provinsi Jawa Tengah, Indonesia."
wahana keluarga,Taman Remaja Surabaya,-7.252909,112.7519455,"Taman Remaja Surabaya, RW 04, Tambaksari, Surabaya, Jawa Timur, Jawa, Indonesia",Jawa Timur,Surabaya,"Taman Remaja Surabaya, Surabaya, Jawa Timur",gambar_wisata/Taman_Remaja_Surabaya,"Pengeboman Surabaya 2018 adalah rangkaian peristiwa meledaknya bom di berbagai tempat di Surabaya dan Sidoarjo, Jawa Timur pada 13 14 Mei 2018. Tiga tempat di antaranya tempat ibadah di Gereja Santa Maria Tak Bercela, GKI Diponegoro, dan Gereja Pantekosta Pusat Surabaya (GPPS) Jemaat Sawahan."
wahana keluarga,The Jungle Bogor,-6.6344256,106.7954514,"The Jungle Adventure Water Park, Bogor Selatan, Bogor, Jawa Barat, Jawa, Indonesia",Jawa Barat,Bogor,"The Jungle Bogor, Bogor, Jawa Barat",gambar_wisata/The_Jungle_Bogor,"Sekolah Menengah Atas Negeri 4 Bogor atau yang disingkat dengan SMAN 4 Bogor adalah sekolah menengah atas yang berdiri di wilayah Kecamatan Bogor Selatan, Bogor, Jawa Barat, Indonesia."
wahana keluarga,The Park Mall Solo,-7.5988732,110.8163039,"The Park Mall, Jalan Insinyur Soekarno, Grogol, Sukoharjo, Jawa Tengah, Jawa, 57552, Indonesia",Jawa Tengah,Sukoharjo,"The Park Mall Solo, Sukoharjo, Jawa Tengah",gambar_wisata/The_Park_Mall_Solo,"The Park Solo adalah sebuah pusat perbelanjaan yang terletak di Grogol, Sukoharjo, Jawa Tengah. Didirikan pada tahun 2013, mal ini berada di kawasan Solo Baru, sebuah pusat bisnis yang dibangun untuk menyangga keniagaan Surakarta."
wahana keluarga,Trans Studio Cibubur,-6.3746768,106.9023871,"Trans Studio Mall Cibubur, Jalan Jambore, RW 05, Pondok Ranggon, Cipayung, Jakarta Timur, Depok ᮓᮦᮕᮧᮊ᮪, Jawa Barat, Jawa, 16454, Indonesia",Jawa Barat,Jakarta Timur,"Trans Studio Cibubur, Jakarta Timur, Jawa Barat",gambar_wisata/Trans_Studio_Cibubur,"Trans Studio Mall Cibubur adalah sebuah pusat perbelanjaan yang terletak di Depok, Jawa Barat. Didirikan pada tahun 2019, mal ini adalah cabang keempat mal milik Trans Shopping Mall Group yang dikelola melalui merek Trans Studio, menyusul Trans Studio Mall Makassar, Trans Studio Mall Bandung, dan Trans Studio Mall Bali."
wahana keluarga,Trans Studio Makassar,-5.1588529,119.3940742,"Trans Studio Mall, Maccini Sombala, Tamalate, Makassar, Sulawesi Selatan, Sulawesi, 90134, Indonesia",Sulawesi Selatan,Makassar,"Trans Studio Makassar, Makassar, Sulawesi Selatan",gambar_wisata/Trans_Studio_Makassar,"Kota Makassar (Lontara Makassar:    , transliterasi: Kota Mangkasara'), sebelumnya bernama Ujung Pandang (nama benteng suku makassar), adalah ibu kota provinsi Sulawesi Selatan, Indonesia. 
Sebelumnya, kota yang sejak 1971 hingga 1999 dikenal secara resmi sebagai Ujung Pandang ini merupakan kota terbesar di wilayah Indonesia Timur dan pusat kota terbesar ketujuh di Indonesia dari jumlah penduduk setelah Jakarta, Surabaya, Medan, Bandung, Semarang, dan Palembang."
wahana keluarga,Umbul Ponggok,-7.6127787,110.6359128,"R. Mas bagio di umbul ponggok, Jalan Pusur, Wangen, Klaten, Jawa Tengah, Jawa, 57482, Indonesia",Jawa Tengah,Klaten,"Umbul Ponggok, Klaten, Jawa Tengah",gambar_wisata/Umbul_Ponggok,"Umbul Ponggok merupakan wisata air yang terletak di desa Ponggok, Klaten, Jawa Tengah. Umbul Ponggok merupakan mata air yang dimanfaatkan menjadi objek wisata, pemandian, dan selam permukaan."
wahana keluarga,Waterbom Bali,-8.7282927,115.170627,"Waterbom Bali, Gang Kingkong, Kuta, Badung, Bali, Nusa Tenggara, 80361, Indonesia",Bali,Badung,"Waterbom Bali, Badung, Bali",gambar_wisata/Waterbom_Bali,Deskripsi tidak ditemukan
wahana keluarga,Waterboom Jakarta,-6.1132402,106.7490248,"Waterboom Jakarta 2, Jalan Marina Indah, RW 05, Kamal Muara, Penjaringan, Jakarta Utara, Daerah Khusus ibukota Jakarta, Jawa, 14470, Indonesia",,Daerah Khusus ibukota Jakarta,"Waterboom Jakarta, Daerah Khusus ibukota Jakarta, nan",gambar_wisata/Waterboom_Jakarta,
wahana keluarga,Waterboom Lippo Cikarang,-6.3316066,107.138407,"Waterboom Lippo Cikarang, Jalan Menteng Padma, Lippo Cikarang, Sukaresmi, Kab Bekasi, Jawa Barat, Jawa, 17550, Indonesia",Jawa Barat,Jawa,"Waterboom Lippo Cikarang, Jawa, Jawa Barat",gambar_wisata/Waterboom_Lippo_Cikarang,"PT Lippo Cikarang Tbk adalah sebuah perusahaan properti yang berkantor pusat di Bekasi. Properti utama dari perusahaan ini terletak di Cikarang, Jawa Barat, dengan luas sekitar 3.250 hektar."
wahana keluarga,Wonderland Karawang,-6.326002,107.2901281,"Wonderland Adventure Waterpark Galuh Mas Karawang, Jalan Raya Galuhmas, Metropolis, Sukaharja, Karawang ᮊᮛᮝᮀ, Jawa Barat, Jawa, 41361, Indonesia",Jawa Barat,Karawang ,"Wonderland Karawang, Karawang ᮊᮛᮝᮀ, Jawa Barat",gambar_wisata/Wonderland_Karawang,Deskripsi tidak ditemukan
wisata  religi,Kertha Gosa,-8.5354185,115.4035849,"Kertha Gosa, Jalan Puputan, Semarapura, Klungkung, Bali, Nusa Tenggara, 80761, Indonesia",Bali,Klungkung,"Kertha Gosa, Klungkung, Bali",gambar_wisata/Kertha_Gosa,Deskripsi tidak ditemukan
wisata alam,Campuhan Ridge Walk,-8.5037726,115.2547973,"Campuhan Ridge Walk, Ubud, Gianyar, Bali, Nusa Tenggara, 80571, Indonesia",Bali,Gianyar,"Campuhan Ridge Walk, Gianyar, Bali",gambar_wisata/Campuhan_Ridge_Walk,Deskripsi tidak ditemukan
wisata alam,Ciletuh Geopark,-7.0413411,106.546804,"Geopark Ciletuh, Loji, Kab Sukabumi, Jawa Barat, Jawa, 43364, Indonesia",Jawa Barat,Kab Sukabumi,"Ciletuh Geopark, Kab Sukabumi, Jawa Barat",gambar_wisata/Ciletuh_Geopark,"Kabupaten Sukabumi (Aksara Sunda:    ) adalah sebuah wilayah kabupaten yang berada di bagian barat daya Provinsi Jawa Barat, Indonesia. Ibu kotanya adalah Kecamatan Palabuhanratu."
wisata alam,Curug Benowo,-7.1577708,110.3572378,"Curug Benowo, Kendal, Jawa Tengah, Jawa, Indonesia",Jawa Tengah,Kendal,"Curug Benowo, Kendal, Jawa Tengah",gambar_wisata/Curug_Benowo,"Kabupaten Kendal (bahasa Jawa: Hanacaraka:  , Pegon:  , translit. Kendhal) adalah sebuah wilayah kabupaten yang terletak di Provinsi Jawa Tengah, Indonesia."
wisata alam,Curug Cibereum,-6.7540556,106.9864083,"Curug Cibereum, Cianjur, Jawa Barat, Jawa, Indonesia",Jawa Barat,Cianjur,"Curug Cibereum, Cianjur, Jawa Barat",gambar_wisata/Curug_Cibereum,Deskripsi tidak ditemukan
wisata alam,Curug Cikaso,-7.3605364,106.6176073,"Curug Cikaso, Cidahu, Kab Sukabumi, Jawa Barat, Jawa, Indonesia",Jawa Barat,Kab Sukabumi,"Curug Cikaso, Kab Sukabumi, Jawa Barat",gambar_wisata/Curug_Cikaso,"Air Terjun Cikaso, (bahasa Sunda: Curug Cikaso) adalah sebuah air terjun yang terletak di selatan Kabupaten Sukabumi. Air terjun ini juga dikenal sebagai Curug Luhur, tetapi nama Curug Cikaso lebih dikenal masyarakat sekitar dikarenakan aliran airnya berasal dari anak Sungai Cikaso yaitu Sungai Cicurug."
wisata alam,Curug Cikondang,-7.0175969,107.0963162,"Curug cikondang, Cianjur, Jawa Barat, Jawa, Indonesia",Jawa Barat,Cianjur,"Curug Cikondang, Cianjur, Jawa Barat",gambar_wisata/Curug_Cikondang,"Curug Cikondang adalah air terjun dengan curug dengan aliran yang deras, Curug Cikondang juga memliki julukan Niagara mini versi bumi Parahyangan, hal itu karena bentuknya yang melebar sepanjang 30 meter dengan tinggi mencapai 50 meter.Selain itu di bawah Curug Cikondang juga terdapat beberapa air terjun kecil yang menambah daya tarik dan keindahan panorama tempat wisata ini. Nama Cikondang berasal dari kata Ci yang berarti air dan kondang yang berarti nama sejenis pohon loa atau dalam bahasa latin Ficus subracemosa blume."
wisata alam,Curug Cimahi,-6.7992718,107.5777601,"Curug Cimahi, Karyawangi, Bandung Barat, Jawa Barat, Jawa, 40551, Indonesia",Jawa Barat,Bandung Barat,"Curug Cimahi, Bandung Barat, Jawa Barat",gambar_wisata/Curug_Cimahi,"Kabupaten Bandung Barat (bahasa Sunda:    , translit. Bandung Kulon) adalah kabupaten di Provinsi Jawa Barat, Indonesia."
wisata alam,Curug Cipeuteuy,-6.5436263,107.2381787,"Aliran Sungai Curug Cigeuntis, Kp. Parakan Badak, Mekarbuana, Karawang ᮊᮛᮝᮀ, Jawa Barat, Jawa, Indonesia",Jawa Barat,Karawang ,"Curug Cipeuteuy, Karawang ᮊᮛᮝᮀ, Jawa Barat",gambar_wisata/Curug_Cipeuteuy,Deskripsi tidak ditemukan
wisata alam,Curug Lawe,-7.1568739,110.3542113,"Curug Lawe, Ungaran, Kabupaten Semarang, Jawa Tengah, Jawa, Indonesia",Jawa Tengah,Ungaran,"Curug Lawe, Ungaran, Jawa Tengah",gambar_wisata/Curug_Lawe,Curug Lawe adalah sebuah Air terjun yang berada di Kawasan Gunung Ungaran di Semarang. Di Curug Lawe airnya benar-benar bersih dan tentu kondisi alam di sekitarnya sangat indah.
wisata alam,Curug Malela,-7.0115742,107.2056616,"Curug Malela, Bandung Barat, Jawa Barat, Jawa, Indonesia",Jawa Barat,Bandung Barat,"Curug Malela, Bandung Barat, Jawa Barat",gambar_wisata/Curug_Malela,"Kabupaten Bandung Barat (bahasa Sunda:    , translit. Bandung Kulon) adalah kabupaten di Provinsi Jawa Barat, Indonesia."
wisata alam,Curug Nangka,-6.6801229,106.7473054,"Curug Nangka, Tamansari, Kab Bogor, Jawa Barat, Jawa, Indonesia",Jawa Barat,Kab Bogor,"Curug Nangka, Kab Bogor, Jawa Barat",gambar_wisata/Curug_Nangka,Deskripsi tidak ditemukan
wisata alam,Curug Sawer,-6.8306568,106.9330492,"Curug Sawer, Kadudampit, Kab Sukabumi, Jawa Barat, Jawa, 43153, Indonesia",Jawa Barat,Kab Sukabumi,"Curug Sawer, Kab Sukabumi, Jawa Barat",gambar_wisata/Curug_Sawer,"Kabupaten Bandung Barat (bahasa Sunda:    , translit. Bandung Kulon) adalah kabupaten di Provinsi Jawa Barat, Indonesia."
wisata alam,Curug Sewu,-7.0933442,110.0926959,"Curug Sewu, Patean, Kendal, Jawa Tengah, Jawa, Indonesia",Jawa Tengah,Kendal,"Curug Sewu, Kendal, Jawa Tengah",gambar_wisata/Curug_Sewu,"Curug Sewu terletak di Patean, Kendal dan merupakan air terjun tingkat tiga dengan ketinggian sekitar 80m.
Nama air terjun tersebut diambilkan dari nama desa tempat air terjun tersebut berada, yakni desa Curugsewu tepatnya di Kecamatan Patean, jaraknya 40 kilometer dari pusat kota Kendal dengan terlebih dahulu melewati kecamatan Weleri dan Sukorejo."
wisata alam,Danau Batur,-8.2549584,115.412108,"Danau Batur, Toya Bungkah, Bangli, Bali, Nusa Tenggara, Indonesia",Bali,Bangli,"Danau Batur, Bangli, Bali",gambar_wisata/Danau_Batur,"Danau Batur adalah danau kawah di Kintamani, Kabupaten Bangli di Bali, terletak sekitar 30 km (19 mi) di timur laut Ubud di Bali. Danau itu berada di dalam kaldera gunung berapi aktif, Gunung Batur, terletak di sepanjang, aktivitas vulkanis Cincin Api Pasifik."
wisata alam,Danau Beratan,-8.2733484,115.1753646,"Danau Beratan, Danau, Tabanan, Bali, Nusa Tenggara, Indonesia",Bali,Tabanan,"Danau Beratan, Tabanan, Bali",gambar_wisata/Danau_Beratan,"Danau Bratan (aksara Bali:  ) adalah sebuah danau yang terletak di kawasan Bedugul, Desa Candikuning, Kecamatan Baturiti, Kabupaten Tabanan, Bali. Danau yang terletak paling timur di antara dua danau lainnya yaitu Danau Tamblingan dan Danau Buyan, yang merupakan gugusan danau kembar di dalam sebuah kaldera besar, Danau Bratan terbilang cukup istimewa."
wisata alam,Danau Kaolin,-2.7381387,107.6800194,"Danau Kaolin Belitung, Mufakat, Tanjung Pandan, Belitung, Kepulauan Bangka Belitung, Sumatera, 33411, Indonesia",Kepulauan Bangka Belitung,Belitung,"Danau Kaolin, Belitung, Kepulauan Bangka Belitung",gambar_wisata/Danau_Kaolin,"Kepulauan Bangka Belitung adalah sebuah provinsi di Indonesia yang terdiri dari dua pulau utama yaitu Pulau Bangka dan Pulau Belitung serta ratusan pulau-pulau kecil, total pulau yang telah bernama berjumlah 470 pulau dan yang berpenghuni hanya 50 pulau. Kepulauan Bangka Belitung terletak di bagian timur Pulau Sumatra, berbatasan dengan Provinsi Sumatera Selatan."
wisata alam,Danau Kelimutu,-6.5928061,106.8102105,"Jalan Danau Kelimutu, Bogor Tengah, Bogor, Jawa Barat, Jawa, 16129, Indonesia",Jawa Barat,Bogor,"Danau Kelimutu, Bogor, Jawa Barat",gambar_wisata/Danau_Kelimutu,"Gunung Salak (Aksara Sunda Baku:    , merupakan kompleks gunung berapi tua yang terletak di selatan Jakarta, di Pulau Jawa. Kawasan rangkaian gunung ini termasuk ke dalam wilayah Kabupaten Sukabumi dan Kabupaten Bogor, Jawa Barat."
wisata alam,Danau Limboto,0.5837874,122.9926691,"Bulalo Limboto, Hutadaa, Gorontalo, Sulawesi, Indonesia",Gorontalo,Gorontalo,"Danau Limboto, Gorontalo, Gorontalo",gambar_wisata/Danau_Limboto,"Gorontalo adalah sebuah provinsi di Indonesia yang terletak di Semenanjung Minahasa, di bagian utara Pulau Sulawesi dengan ibu kota di Kota Gorontalo. Provinsi Gorontalo lahir pada 5 Desember 2000 berdasarkan Undang-Undang Nomor 38 Tahun 2000."
wisata alam,Danau Linow,1.2707806,124.826481,"Danau Linow, Lahendong, Tomohon, Sulawesi Utara, Sulawesi, Indonesia",Sulawesi Utara,Tomohon,"Danau Linow, Tomohon, Sulawesi Utara",gambar_wisata/Danau_Linow,"Sulawesi Utara (disingkat Sulut) adalah salah satu  provinsi yang terletak di ujung utara Pulau Sulawesi, Indonesia, dengan ibu kota terletak di kota Manado. Sulawesi Utara atau Sulut berbatasan dengan Laut Maluku dan Samudra Pasifik di sebelah timur, Laut Maluku dan Teluk Tomini di sebelah selatan, Laut Sulawesi dan Provinsi Gorontalo di sebelah barat, dan Provinsi Davao Occidental di sebelah utara."
wisata alam,Danau Maninjau,-0.3274088,100.1948056,"Danau Maninjau, Sungai Batang, Agam, Sumatera Barat, Sumatera, 26471, Indonesia",Sumatera Barat,Agam,"Danau Maninjau, Agam, Sumatera Barat",gambar_wisata/Danau_Maninjau,"Danau Maninjau (berarti ""pemandangan"" atau ""peninjauan"" dalam bahasa Minangkabau) adalah sebuah danau kaldera di Tanjung Raya, Kabupaten Agam, Sumatera Barat, Indonesia. Danau ini terletak sekitar 140 kilometer (87 mi) sebelah utara Padang, ibu kota Sumatera Barat, 36 kilometer (22 mi) dari Bukittinggi, 27 kilometer (17 mi) dari Lubuk Basung, ibu kota Kabupaten Agam."
wisata alam,Danau Matano,-2.4960014,121.3705886,"Danau Matano, Nuha, Sulawesi Selatan, Sulawesi, Indonesia",Sulawesi Selatan,Sulawesi,"Danau Matano, Sulawesi, Sulawesi Selatan",gambar_wisata/Danau_Matano,"Sulawesi Selatan (diakronimkan: Sulsel; Lontara:     ) adalah sebuah provinsi di semenanjung bagian selatan pulau Sulawesi, Indonesia. Kepulauan Selayar di bagian selatan pulau Sulawesi juga merupakan bagian dari provinsi tersebut."
wisata alam,Danau Melintang,-8.6070748,116.1082543,"Jalan Danau Melintang, Perumahan Pagutan, Kel. Pagutan Barat, Pagesangan, Mataram, Kec. Mataram, Nusa Tenggara Barat, Nusa Tenggara, 83117, Indonesia",Nusa Tenggara Barat,Mataram,"Danau Melintang, Mataram, Nusa Tenggara Barat",gambar_wisata/Danau_Melintang,Nusa Tenggara Barat (disingkat NTB) ialah sebuah provinsi di Indonesia yang berada di bagian tengah Kepulauan Nusa Tenggara di antara provinsi Bali di sebelah barat dan provinsi Nusa Tenggara Timur di sebelah Timur. Pusat pemerintahan dan ibu kota provinsi ini berada di Kota Mataram.
wisata alam,Danau Poso,-1.9216194,120.614102,"Danau Poso, Tolambo, Poso, Sulawesi Tengah, Sulawesi, Indonesia",Sulawesi Tengah,Poso,"Danau Poso, Poso, Sulawesi Tengah",gambar_wisata/Danau_Poso,"Kerusuhan Poso atau konflik komunal Poso, adalah sebutan bagi serangkaian kerusuhan yang terjadi di Kabupaten Poso, Sulawesi Tengah, Indonesia. Peristiwa ini awalnya bermula dari bentrokan kecil antarkelompok pemuda sebelum berkembang menjadi kerusuhan bernuansa agama."
wisata alam,Danau Rambutan,-3.016797,104.7966618,"Danau Jakabaring, Seberang Ulu II, Palembang, Rambutan, Banyuasin, Sumatera Selatan, Sumatera, Indonesia",Sumatera Selatan,Palembang,"Danau Rambutan, Palembang, Sumatera Selatan",gambar_wisata/Danau_Rambutan,Marga adalah pembagian wilayah administratif tradisional yang pernah ada di Sumatera Selatan dan sekitarnya. Sistem marga dipakai pada masa Kesultanan Palembang yang berlanjut pada masa kolonial Belanda hingga pembubarannya pada tahun 1983 di masa Orde Baru.
wisata alam,Danau Ranau,-4.8858445,103.90331,"Danau Ranau, Desa Ujung, Warkuk Ranau Selatan, Lampung Barat, Lampung, Sumatera, Indonesia",Lampung,Desa Ujung,"Danau Ranau, Desa Ujung, Lampung",gambar_wisata/Danau_Ranau,"Suku Lampung (Bahasa Lampung Api: /Ulun Lappung, Bahasa Lampung Nyo: /Jamma Lappung, Abjad Jawi:    /Suku Lampung) adalah suku bangsa pribumi yang berasal dari Provinsi Lampung yang berada pada bagian ujung selatan pulau Sumatra. Pada awal mulanya, suku Lampung berdiam di tengkuk Gunung Pesagi."
wisata alam,Danau Sebangau,-2.20636,114.004882,"Danau Tundai, Palangka Raya, Kalimantan Tengah, Kalimantan, Indonesia",Kalimantan Tengah,Palangka Raya,"Danau Sebangau, Palangka Raya, Kalimantan Tengah",gambar_wisata/Danau_Sebangau,"Kota Palangka Raya adalah sebuah kota sekaligus ibu kota provinsi Kalimantan Tengah, Indonesia. Kota ini memiliki luas wilayah 2.853,12 km  dan jumlah penduduk pada akhir tahun 2024 sebanyak 315.153 jiwa, dengan kepadatan penduduk rata-rata 110 jiwa/km ."
wisata alam,Danau Sembuluh,-2.712125,112.3774792,"Danau Sembuluh, Sembuluh II, Seruyan, Kalimantan Tengah, Kalimantan, Indonesia",Kalimantan Tengah,Seruyan,"Danau Sembuluh, Seruyan, Kalimantan Tengah",gambar_wisata/Danau_Sembuluh,"Danau Sembuluh adalah sebuah kecamatan di Kabupaten Seruyan, Kalimantan Tengah, Indonesia. Ibukota Kecamatan ini berada di Desa Telaga Pulang."
wisata alam,Danau Sentani,-2.6243128,140.5591859,"Danau Sentani, Yoboy, Jayapura, Papua, Western New Guinea, Indonesia",Papua,Jayapura,"Danau Sentani, Jayapura, Papua",gambar_wisata/Danau_Sentani,"Danau Sentani adalah danau yang terletak di Pulau Papua, Indonesia. Danau Sentani berada di bawah lereng Pegunungan Cagar Alam Cyclops yang memiliki luas sekitar 245.000 hektar."
wisata alam,Danau Sentarum,0.8358796,112.1116345,"Danau Sentarum, Selimbau, Kapuas Hulu, Kalimantan Barat, Kalimantan, Indonesia",Kalimantan Barat,Kapuas Hulu,"Danau Sentarum, Kapuas Hulu, Kalimantan Barat",gambar_wisata/Danau_Sentarum,"Danau Sentarum adalah danau musiman yang berada di Kapuas Hulu, Kalimantan Barat. Danau ini dipenuhi air selama 10 bulan setiap tahunnya, dan sisanya akan surut, membentuk kolam-kolam kecil yang berisi ikan-ikan kecil."
wisata alam,Danau Singkarak,-0.6167842,100.5416618,"Danau Singkarak, Sumpur, Batipuh Selatan, Tanah Datar, Sumatera Barat, Sumatera, Indonesia",Sumatera Barat,Tanah Datar,"Danau Singkarak, Tanah Datar, Sumatera Barat",gambar_wisata/Danau_Singkarak,"Danau Singkarak adalah sebuah danau yang membentang di dua kabupaten yang terdapat di provinsi Sumatera Barat, Indonesia, yaitu kabupaten Solok dan kabupaten Tanah Datar.
Danau ini memiliki luas 107,8 km  dan merupakan danau terluas ketiga di pulau Sumatra setelah Danau Ranau di Sumatra Selatan dan Danau Toba di Sumatera Utara.Danau ini merupakan hulu dari sungai atau Batang Ombilin."
wisata alam,Danau Tamblingan,-8.2573226,115.0964432,"Danau Tamblingan, Buleleng, Bali, Nusa Tenggara, Indonesia",Bali,Buleleng,"Danau Tamblingan, Buleleng, Bali",gambar_wisata/Danau_Tamblingan,"Danau Tamblingan (Aksara Bali:  ) adalah sebuah danau yang terletak di lereng sebelah utara Gunung Lesung, kawasan Desa Munduk, Kecamatan Banjar, Kabupaten Buleleng, Bali. Danau ini merupakan satu dari tiga danau kembar yang terbentuk di dalam sebuah kaldera besar."
wisata alam,Danau Teluk Gelam,-3.5651185,104.7942738,"Danau Wisata Teluk Gelam, Jalan Lintas Timur, Ulak Ketapang, Teluk Gelam, Ogan Komering Ilir, Sumatera Selatan, Sumatera, Indonesia",Sumatera Selatan,Ogan Komering Ilir,"Danau Teluk Gelam, Ogan Komering Ilir, Sumatera Selatan",gambar_wisata/Danau_Teluk_Gelam,"Ogan Komering Ilir (OKI) adalah kabupaten di Sumatera Selatan, Indonesia. Kabupaten ini memiliki luas 17.071,33 km  dan berpenduduk sekitar 786.703 jiwa."
wisata alam,Danau Tempe,-4.1282039,119.9655936,"Danau Tempe, Baru Tancung, Sulawesi Selatan, Sulawesi, Indonesia",Sulawesi Selatan,Sulawesi,"Danau Tempe, Sulawesi, Sulawesi Selatan",gambar_wisata/Danau_Tempe,"Sulawesi Selatan (diakronimkan: Sulsel; Lontara:     ) adalah sebuah provinsi di semenanjung bagian selatan pulau Sulawesi, Indonesia. Kepulauan Selayar di bagian selatan pulau Sulawesi juga merupakan bagian dari provinsi tersebut."
wisata alam,Danau Toba,2.6108377,98.9023081,"Danau Toba, Sumatera Utara, Sumatera, Indonesia",Sumatera Utara,Sumatera,"Danau Toba, Sumatera, Sumatera Utara",gambar_wisata/Danau_Toba,"Sumatera Utara atau Sumatra Utara (diakronimkan: Sumut; Surat Batak:  , Abjad Jawi:    ) adalah sebuah provinsi yang berada di bagian utara Pulau Sumatra, Indonesia. Luas wilayah provinsi ini yakni 72.981,23 km2, dan ibu kota provinsi ini berada di Kota Medan."
wisata alam,Danau Tondano,1.2270186,124.8890017,"Danau Tondano, Touliang Oki, Minahasa, Sulawesi Utara, Sulawesi, Indonesia",Sulawesi Utara,Sulawesi,"Danau Tondano, Sulawesi, Sulawesi Utara",gambar_wisata/Danau_Tondano,"Sulawesi Utara (disingkat Sulut) adalah salah satu  provinsi yang terletak di ujung utara Pulau Sulawesi, Indonesia, dengan ibu kota terletak di kota Manado. Sulawesi Utara atau Sulut berbatasan dengan Laut Maluku dan Samudra Pasifik di sebelah timur, Laut Maluku dan Teluk Tomini di sebelah selatan, Laut Sulawesi dan Provinsi Gorontalo di sebelah barat, dan Provinsi Davao Occidental di sebelah utara."
wisata alam,Devoyage Bogor,-6.6382298,106.7951412,"Devoyage Bogor, Jalan Pabuaran, Bogor Selatan, Bogor, Jawa Barat, Jawa, 16135, Indonesia",Jawa Barat,Bogor,"Devoyage Bogor, Bogor, Jawa Barat",gambar_wisata/Devoyage_Bogor,Deskripsi tidak ditemukan
wisata alam,Dieng Plateau,-7.2157925,109.9065646,"Dieng Plateau, Banjarnegara, Jawa Tengah, Jawa, Indonesia",Jawa Tengah,Banjarnegara,"Dieng Plateau, Banjarnegara, Jawa Tengah",gambar_wisata/Dieng_Plateau,Deskripsi tidak ditemukan
wisata alam,Gili Air,-8.3577073,116.081162,"Gili Air, Lombok Utara, Nusa Tenggara Barat, Nusa Tenggara, Indonesia",Nusa Tenggara Barat,Lombok Utara,"Gili Air, Lombok Utara, Nusa Tenggara Barat",gambar_wisata/Gili_Air,Nusa Tenggara Barat (disingkat NTB) ialah sebuah provinsi di Indonesia yang berada di bagian tengah Kepulauan Nusa Tenggara di antara provinsi Bali di sebelah barat dan provinsi Nusa Tenggara Timur di sebelah Timur. Pusat pemerintahan dan ibu kota provinsi ini berada di Kota Mataram.
wisata alam,Gili Kedis,-8.7304951,116.0256309,"Gili Kedis, Lombok Barat, Nusa Tenggara Barat, Nusa Tenggara, Indonesia",Nusa Tenggara Barat,Lombok Barat,"Gili Kedis, Lombok Barat, Nusa Tenggara Barat",gambar_wisata/Gili_Kedis,Deskripsi tidak ditemukan
wisata alam,Gili Meno,-8.3505557,116.0569626,"Gili Meno, Lombok Utara, Nusa Tenggara Barat, Nusa Tenggara, Indonesia",Nusa Tenggara Barat,Lombok Utara,"Gili Meno, Lombok Utara, Nusa Tenggara Barat",gambar_wisata/Gili_Meno,"Gili Meno adalah salah satu dari tiga pulau kecil, selain Gili Trawangan dan Gili Air, yang menjadi kawasan wisata bahari. Tempat ini dapat dicapai dari Kota Mataram sekitar 45 menit berkendaraan darat dengan perjalanan melewati Pantai Senggigi yang berlatarkan pemandangan pantai yang menakjubkan serta hutan lindung."
wisata alam,Gili Nanggu,-8.7177365,116.0086591,"Gili Nanggu, Lombok Barat, Nusa Tenggara Barat, Nusa Tenggara, Indonesia",Nusa Tenggara Barat,Lombok Barat,"Gili Nanggu, Lombok Barat, Nusa Tenggara Barat",gambar_wisata/Gili_Nanggu,Deskripsi tidak ditemukan
wisata alam,Gili Petelu,-8.8543323,116.5710632,"Gili Petelu, tanjung skuie, Jerowaru, Lombok Timur, Nusa Tenggara Barat, Nusa Tenggara, Indonesia",Nusa Tenggara Barat,nan,"Gili Petelu, nan, Nusa Tenggara Barat",gambar_wisata/Gili_Petelu,Deskripsi tidak ditemukan
wisata alam,Gili Sulat,-8.3284019,116.7246605,"Gili Sulat, Sambelia, Lombok Timur, Nusa Tenggara Barat, Nusa Tenggara, Indonesia",Nusa Tenggara Barat,nan,"Gili Sulat, nan, Nusa Tenggara Barat",gambar_wisata/Gili_Sulat,"Jumlah persis pulau yang terdapat di Indonesia bervariasi antara definisi dan sumber. Menurut survei geospasial yang dilakukan antara 2007 dan 2010 oleh Badan Koordinasi Survei dan Pemetaan Nasional (Bakorsurtanal), Badan Koordinasi Survei dan Pemetaan Nasional, Indonesia memiliki 13.466 pulau."
wisata alam,Gili Trawangan,-8.3503396,116.0362621,"Gili Trawangan, Lombok Utara, Nusa Tenggara Barat, Nusa Tenggara, Indonesia",Nusa Tenggara Barat,Lombok Utara,"Gili Trawangan, Lombok Utara, Nusa Tenggara Barat",gambar_wisata/Gili_Trawangan,"Gili Trawangan adalah salah satu dari Tiga Gili yang ada di bagian barat laut Pulau Lombok, bersama dengan Gili Air dan Gili Meno atau yang juga disebut sebagai Pesona Gili Tramena (Trawangan, Meno, dan Air). Secara administrasi, Gili Trawangan berada di Kecamatan Pemenang, Kabupaten Lombok Utara, Nusa Tenggara Barat."
wisata alam,Goa Batu,-1.8037667,115.9198139,"Goa Loyang, Gang Anugrah, Tokare, Batu Kajang, Paser, Kalimantan Timur, Kalimantan, 76252, Indonesia",Kalimantan Timur,Paser,"Goa Batu, Paser, Kalimantan Timur",gambar_wisata/Goa_Batu,"Goa Batu Tapak Raja IKN  adalah  taman wisata  alam yang terletak di kecamatan Sepaku, Penajam Paser Utara, kota Nusantara.  Goa stalaknit ini merupakan salah satu destinasi wisata alam dekat kawasan Ibu Kota Nusantara (IKN) yang sedang dibangun untuk kunjungan wisatawan."
wisata alam,Goa Gajah,-8.5235369,115.2867536,"Goa gajah, Raya Teges, Pejeng-Guliang, Bedulu, Gianyar, Bali, Nusa Tenggara, 80515, Indonesia",Bali,Gianyar,"Goa Gajah, Gianyar, Bali",gambar_wisata/Goa_Gajah,"Gua Gajah adalah gua buatan dari masa purbakala yang berfungsi sebagai tempat ibadah. Gua ini terletak di Desa Bedulu, Kecamatan Blahbatuh, Kabupaten Gianyar, Bali; berjarak kurang lebih 27 km dari Denpasar."
wisata alam,Goa Gong,-8.1650433,110.9800128,"Goa Gong, Pule, Bomo, Pacitan, Jawa Timur, Jawa, Indonesia",Jawa Timur,Pacitan,"Goa Gong, Pacitan, Jawa Timur",gambar_wisata/Goa_Gong,"Goa Gong terletak di Jl. Salam, Salam, Bomo, Punung, Kabupaten Pacitan, Jawa Timur  yang juga terkenal dengan julukan kota 1001 gua, dan satu yang terkenal disini adalah tempat wisata Goa Gong Pacitan."
wisata alam,Goa Jatijajar,-7.66984,109.4235289,"Goa Jatijajar, Jalan Candirenggo Jatijajar, Jatijajar, Kebumen, Jawa Tengah, Jawa, Indonesia",Jawa Tengah,Kebumen,"Goa Jatijajar, Kebumen, Jawa Tengah",gambar_wisata/Goa_Jatijajar,"Gua Jatijajar adalah sebuah situs geologi yang terbentuk dari proses alamiah, yang terletak di Kabupaten Kebumen, Jawa Tengah. Gua yang keseluruhannya terbentuk dari kapur, ini memiliki panjang 250 meter, llebar rata-rata 15 meter, dan tinggi rata-rata 12 meter."
wisata alam,Goa Jomblang,-8.0286285,110.6382419,"Goa Jomblang, Jalan Pacarejo, Pacarejo, Semanu, Kabupaten Gunungkidul ꦏꦧꦸꦥꦠꦺꦤ꧀ꦒꦸꦤꦸꦁꦏꦶꦢꦸꦭ꧀, Daerah Istimewa Yogyakarta, Jawa, 55813, Indonesia",Daerah Istimewa Yogyakarta,Kabupaten Gunungkidul ,"Goa Jomblang, Kabupaten Gunungkidul ꦏꦧꦸꦥꦠꦺꦤ꧀ꦒꦸꦤꦸꦁꦏꦶꦢꦸꦭ꧀, Daerah Istimewa Yogyakarta",gambar_wisata/Goa_Jomblang,Deskripsi tidak ditemukan
wisata alam,Goa Lawah,-8.5515251,115.4689715,"Pura Goa Lawah, Jalan Wibisana, Pesinggahan, Klungkung, Bali, Nusa Tenggara, 80711, Indonesia",Bali,Klungkung,"Goa Lawah, Klungkung, Bali",gambar_wisata/Goa_Lawah,"Pura Goa Lawah merupakan sebuah pura yang terletak di Desa Pasinggahan, Kecamatan Dawan, Kabupaten Klungkung, Bali, yang berjarak sekitar 40 km dari ibu kota Bali, Denpasar. Pura Goa Lawah dikenal masyarakat karena adanya sebuah gua pada bagian utama pura ini, yang didalamnya terdapat sekumpulan kelelawar."
wisata alam,Goa Pandawa,-7.852614,112.5010005,"Wisata Goa Pandawa, Sumberejo, Kota Batu, Jawa Timur, Jawa, 65312, Indonesia",Jawa Timur,Kota Batu,"Goa Pandawa, Kota Batu, Jawa Timur",gambar_wisata/Goa_Pandawa,Deskripsi tidak ditemukan
wisata alam,Goa Pindul,-7.9310483,110.6479201,"Goa Pindul, Jalan Goa Pindul, Bejiharjo, Karangmojo, Kabupaten Gunungkidul ꦏꦧꦸꦥꦠꦺꦤ꧀ꦒꦸꦤꦸꦁꦏꦶꦢꦸꦭ꧀, Daerah Istimewa Yogyakarta, Jawa, 55891, Indonesia",Daerah Istimewa Yogyakarta,Kabupaten Gunungkidul ,"Goa Pindul, Kabupaten Gunungkidul ꦏꦧꦸꦥꦠꦺꦤ꧀ꦒꦸꦤꦸꦁꦏꦶꦢꦸꦭ꧀, Daerah Istimewa Yogyakarta",gambar_wisata/Goa_Pindul,Deskripsi tidak ditemukan
wisata alam,Goa Rang Reng,-8.5162049,115.3313046,"Goa Rang Reng, Angkling, Gianyar, Bali, Nusa Tenggara, 80512, Indonesia",Bali,Gianyar,"Goa Rang Reng, Gianyar, Bali",gambar_wisata/Goa_Rang_Reng,Deskripsi tidak ditemukan
wisata alam,Hutan Pinus Mangunan,-7.9228665,110.4341077,"Jalan Hutan Pinus Nganjir, Mangunan, Dlingo, Bantul, Daerah Istimewa Yogyakarta, Jawa, 55783, Indonesia",Daerah Istimewa Yogyakarta,Bantul,"Hutan Pinus Mangunan, Bantul, Daerah Istimewa Yogyakarta",gambar_wisata/Hutan_Pinus_Mangunan,"Daerah Istimewa Yogyakarta, disingkat DI Yogyakarta atau DIY adalah daerah Istimewa setingkat provinsi di Indonesia yang merupakan peleburan dari Negara Kesultanan Yogyakarta dan Negara Kadipaten Paku Alaman dengan ibu kota di Kota Yogyakarta. Daerah Istimewa Yogyakarta terletak di bagian selatan Pulau Jawa, dan berbatasan dengan Provinsi Jawa Tengah dan Samudra Hindia."
wisata alam,Jembatan Mahakam,-0.5197684,117.1191352,"Jembatan Mahakam, Sungai Keledang, Samarinda Seberang, Samarinda, Kalimantan Timur, Kalimantan, 75126, Indonesia",Kalimantan Timur,Samarinda,"Jembatan Mahakam, Samarinda, Kalimantan Timur",gambar_wisata/Jembatan_Mahakam,"Mahakam merupakan nama sebuah sungai terbesar di provinsi Kalimantan Timur yang bermuara di Selat Makassar. Sungai dengan panjang sekitar 920 km ini melintasi wilayah Kabupaten Kutai Barat di bagian hulu, hingga Kabupaten Kutai Kartanegara dan Kota Samarinda di bagian hilir."
wisata alam,Jembatan Samarinda,-0.585182,117.1095104,"Terminal Kargo & Jembatan Timbang 2,5 Loa Janan, Tani Aman, Loa Janan Ilir, Samarinda, Kalimantan Timur, Kalimantan, 75391, Indonesia",Kalimantan Timur,Samarinda,"Jembatan Samarinda, Samarinda, Kalimantan Timur",gambar_wisata/Jembatan_Samarinda,"Samarinda merupakan kota sekaligus ibu kota provinsi dari Provinsi Kalimantan Timur, Indonesia. Kota ini juga merupakan kota dengan penduduk terbesar di Pulau Kalimantan, yaitu dengan jumlah penduduk sebanyak 881.225 jiwa (2024)."
wisata alam,Jembatan Tenggarong,-0.4443046,117.0027737,"Jembatan Kartanegara, Teluk Dalam, Kutai Kartanegara, Kalimantan Timur, Kalimantan, 75572, Indonesia",Kalimantan Timur,Kutai Kartanegara,"Jembatan Tenggarong, Kutai Kartanegara, Kalimantan Timur",gambar_wisata/Jembatan_Tenggarong,"Tenggarong (disingkat: TGR) merupakan sebuah kecamatan sekaligus ibu kota dari Kabupaten Kutai Kartanegara, Kalimantan Timur, Indonesia.
Wilayah Tenggarong yang terbagi dalam 12 kelurahan dan 2 desa ini memiliki luas wilayah mencapai 270,00 km2 dengan jumlah penduduk sebanyak 114.039 jiwa (2023)."
wisata alam,Kaliurang,-7.6005217,110.4256299,"Kaliurang, Hargobinangun, Pakem, Sleman, Daerah Istimewa Yogyakarta, Jawa, 55583, Indonesia",Daerah Istimewa Yogyakarta,Hargobinangun,"Kaliurang, Hargobinangun, Daerah Istimewa Yogyakarta",gambar_wisata/Kaliurang,"Sleman (bahasa Jawa:  , translit. Sl man; pelafalan dalam bahasa Indonesia: [s leman]) adalah sebuah wilayah kabupaten yang terletak di Provinsi Daerah Istimewa Yogyakarta, Indonesia."
wisata alam,Kawah Ijen,-8.0579203,114.2417131,"Kawah Ijen, Bondowoso, Jawa Timur, Jawa, Indonesia",Jawa Timur,Bondowoso,"Kawah Ijen, Bondowoso, Jawa Timur",gambar_wisata/Kawah_Ijen,"Gunung Ijen adalah sebuah gunung berapi yang terletak di perbatasan Kabupaten Banyuwangi dan Kabupaten Bondowoso, Jawa Timur, Indonesia. Gunung ini memiliki ketinggian 2.386 mdpl."
wisata alam,Kawah Kamojang,-7.125,107.8,"Kamojang, Kawah, Kabupaten Bandung, Jawa Barat, Jawa, Indonesia",Jawa Barat,Kabupaten Bandung,"Kawah Kamojang, Kabupaten Bandung, Jawa Barat",gambar_wisata/Kawah_Kamojang,"Kabupaten Bandung (bahasa Sunda: Kabupat n Bandung; aksara Sunda:  ) adalah sebuah kabupaten yang terletak di provinsi Jawa Barat, Indonesia. Ibu kota kabupaten ini terletak di kecamatan Soreang."
wisata alam,Kawah Putih,-7.1661181,107.4022669,"Kawah Putih, Kabupaten Bandung, Jawa Barat, Jawa, Indonesia",Jawa Barat,Kabupaten Bandung,"Kawah Putih, Kabupaten Bandung, Jawa Barat",gambar_wisata/Kawah_Putih,"Kawah Putih adalah sebuah tempat wisata di Jawa Barat yang terletak di Desa Alam Endah, Kecamatan Rancabali, Kabupaten Bandung, Jawa Barat yang terletak di kaki Gunung Patuha. Kawah putih merupakan sebuah danau yang terbentuk dari letusan Gunung Patuha."
wisata alam,Kawah Ratu,-6.7169833,106.7128302,"Kawah Ratu, Pamijahan, Kab Bogor, Jawa Barat, Jawa, Indonesia",Jawa Barat,Kab Bogor,"Kawah Ratu, Kab Bogor, Jawa Barat",gambar_wisata/Kawah_Ratu,"Gunung Salak (Aksara Sunda Baku:    , merupakan kompleks gunung berapi tua yang terletak di selatan Jakarta, di Pulau Jawa. Kawasan rangkaian gunung ini termasuk ke dalam wilayah Kabupaten Sukabumi dan Kabupaten Bogor, Jawa Barat."
wisata alam,Kawah Sikidang,-7.2197193,109.904795,"Kawah Sikidang, Karang Sari, Banjarnegara, Jawa Tengah, Jawa, Indonesia",Jawa Tengah,Banjarnegara,"Kawah Sikidang, Banjarnegara, Jawa Tengah",gambar_wisata/Kawah_Sikidang,"Kabupaten Banjarnegara (bahasa Jawa:  Hanacaraka:  , Pegon:  , translit. Banjarnegara) adalah sebuah wilayah kabupaten yang terletak di bagian tengah provinsi Jawa Tengah, Indonesia."
wisata alam,Kebun Buah Mangunan,-7.9414871,110.4248003,"Kebun Buah Mangunan, Jalan Keluar Kebun, Mangunan, Dlingo, Bantul, Daerah Istimewa Yogyakarta, Jawa, 55783, Indonesia",Daerah Istimewa Yogyakarta,Bantul,"Kebun Buah Mangunan, Bantul, Daerah Istimewa Yogyakarta",gambar_wisata/Kebun_Buah_Mangunan,"Daerah Istimewa Yogyakarta, disingkat DI Yogyakarta atau DIY adalah daerah Istimewa setingkat provinsi di Indonesia yang merupakan peleburan dari Negara Kesultanan Yogyakarta dan Negara Kadipaten Paku Alaman dengan ibu kota di Kota Yogyakarta. Daerah Istimewa Yogyakarta terletak di bagian selatan Pulau Jawa, dan berbatasan dengan Provinsi Jawa Tengah dan Samudra Hindia."
wisata alam,Kebun Kelapa Sawit,-1.3106928,116.7461412,"Kebun Kelapa Sawit, Sungai Parit, Penajam Paser Utara, Kalimantan Timur, Kalimantan, Indonesia",Kalimantan Timur,Penajam Paser Utara,"Kebun Kelapa Sawit, Penajam Paser Utara, Kalimantan Timur",gambar_wisata/Kebun_Kelapa_Sawit,"Kalimantan Timur adalah sebuah Provinsi di pulau Kalimantan, Indonesia. Luas total Kalimantan Timur adalah 127.346,92 km ."
wisata alam,Kebun Raya Baturraden,-7.3055119,109.2314141,"Kebun Raya Baturraden, Jalur Pendakian Gunung Slamet via Baturaden, Baturaden, Banyumas, Jawa Tengah, Jawa, 53151, Indonesia",Jawa Tengah,Banyumas,"Kebun Raya Baturraden, Banyumas, Jawa Tengah",gambar_wisata/Kebun_Raya_Baturraden,Jawa Tengah (atau juga diakronimkan sebagai Jateng) adalah sebuah wilayah provinsi di Indonesia yang terletak di bagian tengah Pulau Jawa. Ibu kota Provinsi Jawa Tengah berada di Kota Semarang.
wisata alam,Kepulauan Raja Ampat,0.3768088,131.0493911,"Kepulauan Ayu, Reni, Raja Ampat, Papua Barat Daya, Western New Guinea, Indonesia",Papua Barat Daya,Raja Ampat,"Kepulauan Raja Ampat, Raja Ampat, Papua Barat Daya",gambar_wisata/Kepulauan_Raja_Ampat,"Kepulauan Raja Ampat adalah gugusan kepulauan yang berlokasi di barat bagian Semenanjung Kepala Burung (Vogelkoop) Pulau Papua. Secara administrasi, gugusan ini berada di bawah Kabupaten Raja Ampat dan Kota Sorong, Provinsi Papua Barat Daya."
wisata alam,Labuan Bajo,-8.4944201,119.8855688,"Labuan Bajo, Manggarai Barat, Nusa Tenggara Timur, Nusa Tenggara, 86754, Indonesia",Nusa Tenggara Timur,Labuan Bajo,"Labuan Bajo, Labuan Bajo, Nusa Tenggara Timur",gambar_wisata/Labuan_Bajo,"Labuan Bajo merupakan salah satu kelurahan yang berada di Kecamatan Komodo, Kabupaten Manggarai Barat, Provinsi Nusa Tenggara Timur, Indonesia. Labuan Bajo juga merupakan pusat pemerintahan dari Kecamatan Komodo dan sekaligus merupakan ibu kota Kabupaten Manggarai Barat."
wisata alam,Pagar Alam,-4.0209526,103.2501603,"Pagar Alam, Sumatera Selatan, Sumatera, Indonesia",Sumatera Selatan,Pagar Alam,"Pagar Alam, Pagar Alam, Sumatera Selatan",gambar_wisata/Pagar_Alam,"Kota Pagar Alam (Surat Ulu:  ; Jawi:      ) adalah kota di Provinsi Sumatera Selatan, Indonesia. Kota ini yang dibentuk berdasarkan Undang Undang Nomor 8 Tahun 2001 (Lembaran Negara RI Tahun 2001 Nomor 88, Tambahan Lembaran Negara RI Nomor 4115), sebelumnya kota Pagar Alam termasuk kota administratif dalam lingkungan Kabupaten Lahat."
wisata alam,Pahawang Island,-5.6757839,105.2212726,"Pulau Puhawang, Pulau Pahawang, Pesawaran, Lampung, Sumatera, Indonesia",Lampung,Pesawaran,"Pahawang Island, Pesawaran, Lampung",gambar_wisata/Pahawang_Island,Deskripsi tidak ditemukan
wisata alam,Pulau Adonara,-8.318462,123.1657963,"Pulau Adonara, Flores Timur, Nusa Tenggara Timur, Nusa Tenggara, Indonesia",Nusa Tenggara Timur,Flores Timur,"Pulau Adonara, Flores Timur, Nusa Tenggara Timur",gambar_wisata/Pulau_Adonara,Nusa Tenggara Timur (disingkat NTT) adalah sebuah provinsi di Indonesia yang meliputi bagian timur Kepulauan Nusa Tenggara. Ibu kota Nusa Tenggara Timur berada di Kota Kupang.
wisata alam,Pulau Alor,-8.2911448,124.7777164,"Pulau Alor, Alor, Nusa Tenggara Timur, Nusa Tenggara, Indonesia",Nusa Tenggara Timur,Alor,"Pulau Alor, Alor, Nusa Tenggara Timur",gambar_wisata/Pulau_Alor,Nusa Tenggara Timur (disingkat NTT) adalah sebuah provinsi di Indonesia yang meliputi bagian timur Kepulauan Nusa Tenggara. Ibu kota Nusa Tenggara Timur berada di Kota Kupang.
wisata alam,Pulau Ambon,-3.6422972,128.0797053,"Pulau Ambon, Maluku Tengah, Maluku, Indonesia",Maluku,Maluku Tengah,"Pulau Ambon, Maluku Tengah, Maluku",gambar_wisata/Pulau_Ambon,"Kabupaten Maluku Tengah adalah salah satu kabupaten di Provinsi Maluku, Indonesia. Ibu kota kabupaten ini terletak di Kecamatan Kota Masohi."
wisata alam,Pulau Asmat,-5.366667,137.733333,"Pulau Laag, Asmat, Papua Selatan, Western New Guinea, Indonesia",Papua Selatan,Asmat,"Pulau Asmat, Asmat, Papua Selatan",gambar_wisata/Pulau_Asmat,"Kabupaten Asmat adalah salah satu kabupaten di Provinsi Papua Selatan, Indonesia. Ibu kota kabupaten ini terletak di Distrik Agats."
wisata alam,Pulau Ayer,-5.7630948,106.5831643,"Pulau Ayer, Kepulauan Seribu, Daerah Khusus ibukota Jakarta, Jawa, Indonesia",,Daerah Khusus ibukota Jakarta,"Pulau Ayer, Daerah Khusus ibukota Jakarta, nan",gambar_wisata/Pulau_Ayer,Deskripsi tidak ditemukan
wisata alam,Pulau Babi,-2.5679424,107.6258128,"Pulau Babi, Belitung, Kepulauan Bangka Belitung, Sumatera, Indonesia",Kepulauan Bangka Belitung,Belitung,"Pulau Babi, Belitung, Kepulauan Bangka Belitung",gambar_wisata/Pulau_Babi,"Kepulauan Bangka Belitung adalah sebuah provinsi di Indonesia yang terdiri dari dua pulau utama yaitu Pulau Bangka dan Pulau Belitung serta ratusan pulau-pulau kecil, total pulau yang telah bernama berjumlah 470 pulau dan yang berpenghuni hanya 50 pulau. Kepulauan Bangka Belitung terletak di bagian timur Pulau Sumatra, berbatasan dengan Provinsi Sumatera Selatan."
wisata alam,Pulau Bacan,-0.5840664,127.4918708,"Pulau Bacan, Halmahera Selatan, Maluku Utara, Maluku, 97791, Indonesia",Maluku Utara,Halmahera Selatan,"Pulau Bacan, Halmahera Selatan, Maluku Utara",gambar_wisata/Pulau_Bacan,"Bacan adalah nama salah satu kecamatan yang terletak di Kabupaten Halmahera Selatan, provinsi Maluku Utara, Indonesia, dan ibukota kecamatan terletak di desa Labuha, yang juga menjadi ibukota kabupaten Halmahera Selatan. Kecamatan ini memiliki luas 304,69 km  dan penduduk ditahun 2020 berjumlah 28.788 jiwa."
wisata alam,Pulau Bangka,1.7907213,125.1554826,"Pulau Bangka, Lihunu, Minahasa Utara, Sulawesi Utara, Sulawesi, Indonesia",Sulawesi Utara,Minahasa Utara,"Pulau Bangka, Minahasa Utara, Sulawesi Utara",gambar_wisata/Pulau_Bangka,"Pulau Bangka adalah sebuah pulau kecil yang terletak tepat di ujung timur laut Sulawesi, Indonesia. Pulau Bangka dikenal dengan pantai indah yang belum terjamah serta wisata menyelam nan eksotik."
wisata alam,Pulau Batanta,-0.8377267,130.7068469,"Pulau Batanta, Raja Ampat, Papua Barat Daya, Western New Guinea, 98484, Indonesia",Papua Barat Daya,Raja Ampat,"Pulau Batanta, Raja Ampat, Papua Barat Daya",gambar_wisata/Pulau_Batanta,"Kepulauan Raja Ampat adalah gugusan kepulauan yang berlokasi di barat bagian Semenanjung Kepala Burung (Vogelkoop) Pulau Papua. Secara administrasi, gugusan ini berada di bawah Kabupaten Raja Ampat dan Kota Sorong, Provinsi Papua Barat Daya."
wisata alam,Pulau Berau,2.1399777,118.5395082,"Pulau Kakaban, Maratua Payung-payung, Berau, Kalimantan Timur, Kalimantan, Indonesia",Kalimantan Timur,Berau,"Pulau Berau, Berau, Kalimantan Timur",gambar_wisata/Pulau_Berau,Deskripsi tidak ditemukan
wisata alam,Pulau Besar,-2.883333,106.133333,"Pulau Besar, Kepulauan Bangka Belitung, Sumatera, Indonesia",Kepulauan Bangka Belitung,Sumatera,"Pulau Besar, Sumatera, Kepulauan Bangka Belitung",gambar_wisata/Pulau_Besar,"Kepulauan Bangka Belitung adalah sebuah provinsi di Indonesia yang terdiri dari dua pulau utama yaitu Pulau Bangka dan Pulau Belitung serta ratusan pulau-pulau kecil, total pulau yang telah bernama berjumlah 470 pulau dan yang berpenghuni hanya 50 pulau. Kepulauan Bangka Belitung terletak di bagian timur Pulau Sumatra, berbatasan dengan Provinsi Sumatera Selatan."
wisata alam,Pulau Binongko,-5.9546218,124.0210187,"Pulau Binongko, Waloindi, Wakatobi, Sulawesi Tenggara, Sulawesi, Indonesia",Sulawesi Tenggara,Wakatobi,"Pulau Binongko, Wakatobi, Sulawesi Tenggara",gambar_wisata/Pulau_Binongko,"Binongko adalah sebuah kecamatan di Kabupaten Wakatobi, Sulawesi Tenggara, Indonesia."
wisata alam,Pulau Buru,-3.4591432,126.6562293,"Pulau Buru, Maluku, Indonesia",Maluku,Maluku,"Pulau Buru, Maluku, Maluku",gambar_wisata/Pulau_Buru,Kepulauan Maluku adalah kepulauan di bagian timur Indonesia. Secara tektonik terletak di Lempeng Halmahera di dalam Zona Tabrakan Laut Maluku.
wisata alam,Pulau Cempedak,-2.6328869,110.1204135,"Pulau Cempedak, Kendawangan Kiri, Kendawangan, Ketapang, Kalimantan Barat, Kalimantan, Indonesia",Kalimantan Barat,Ketapang,"Pulau Cempedak, Ketapang, Kalimantan Barat",gambar_wisata/Pulau_Cempedak,Halaman ini memuat daftar pulau dan kepulauan di Pulau Kalimantan. Daftar ini tidak dimaksudkan sebagai suatu daftar yang lengkap atau selalu terbarui.
wisata alam,Pulau Derawan,2.2841235,118.2435287,"Pulau Derawan, Berau, Kalimantan Timur, Kalimantan, Indonesia",Kalimantan Timur,Berau,"Pulau Derawan, Berau, Kalimantan Timur",gambar_wisata/Pulau_Derawan,"Pulau Derawan adalah sebuah kecamatan di Kabupaten Berau, Kalimantan Timur, Indonesia."
wisata alam,Pulau Flores,-8.5100369,120.5981537,"Flores, Nusa Tenggara Timur, Nusa Tenggara, Indonesia",Nusa Tenggara Timur,nan,"Pulau Flores, nan, Nusa Tenggara Timur",gambar_wisata/Pulau_Flores,"Kabupaten Manggarai Barat adalah kabupaten di provinsi Nusa Tenggara Timur, Indonesia. Kabupaten Manggarai Barat merupakan hasil pemekaran dari Kabupaten Manggarai berdasarkan Undang Undang No."
wisata alam,Pulau Gam,-0.4658697,130.6398411,"Pulau Gam, Kabui, Raja Ampat, Papua Barat Daya, Western New Guinea, Indonesia",Papua Barat Daya,Raja Ampat,"Pulau Gam, Raja Ampat, Papua Barat Daya",gambar_wisata/Pulau_Gam,"Kepulauan Raja Ampat adalah gugusan kepulauan yang berlokasi di barat bagian Semenanjung Kepala Burung (Vogelkoop) Pulau Papua. Secara administrasi, gugusan ini berada di bawah Kabupaten Raja Ampat dan Kota Sorong, Provinsi Papua Barat Daya."
wisata alam,Pulau Gili Banta,-8.4305606,119.2853381,"Pulau Gili Banta, Bajopulau, Bima, Nusa Tenggara Barat, Nusa Tenggara, Indonesia",Nusa Tenggara Barat,nan,"Pulau Gili Banta, nan, Nusa Tenggara Barat",gambar_wisata/Pulau_Gili_Banta,Deskripsi tidak ditemukan
wisata alam,Pulau Halmahera,0.6536435,127.9319556,"Pulau Halmahera, Maluku Utara, Maluku, Indonesia",Maluku Utara,Maluku,"Pulau Halmahera, Maluku, Maluku Utara",gambar_wisata/Pulau_Halmahera,Maluku Utara (diakronimkan: Malut) merupakan sebuah provinsi di Indonesia. Ibu kota provinsi ini terletak di Sofifi (Kota Tidore Kepulauan).
wisata alam,Pulau Kakaban,2.1399777,118.5395082,"Pulau Kakaban, Maratua Payung-payung, Berau, Kalimantan Timur, Kalimantan, Indonesia",Kalimantan Timur,Berau,"Pulau Kakaban, Berau, Kalimantan Timur",gambar_wisata/Pulau_Kakaban,"Pulau Kakaban mempunyai luas 774,2 hektar dan terletak di Kepulauan Derawan, Kecamatan Derawan, Kabupaten Berau, Kalimantan Timur. Pulau ini merupakan atol atau batu karang melingkar dan memiliki laguna, dan terdapat danau air payau di tengah pulau  dengan species ubur-ubur (jelly fish) yang tidak menyengat dan biota unik lainnya."
wisata alam,Pulau Kapoposang,-4.7,118.95,"Pulau Kapoposang, Sulawesi Selatan, Sulawesi, Indonesia",Sulawesi Selatan,Sulawesi,"Pulau Kapoposang, Sulawesi, Sulawesi Selatan",gambar_wisata/Pulau_Kapoposang,Halaman ini memuat daftar pulau dan kepulauan di Pulau Sulawesi yang disusun berdasarkan letak kabupatennya.
wisata alam,Pulau Karimata,-1.6059608,108.9062009,"Pulau Karimata, Padang, Kepulauan Karimata, Kayong Utara, Kalimantan Barat, Kalimantan, Indonesia",Kalimantan Barat,Kayong Utara,"Pulau Karimata, Kayong Utara, Kalimantan Barat",gambar_wisata/Pulau_Karimata,"Kepulauan Karimata adalah kecamatan di Kabupaten Kayong Utara, Kalimantan Barat, Indonesia. Pusat pemerintahannya di Desa Pelapis."
wisata alam,Pulau Katingan,-3.22976,113.3275273,"Pulau Burung, Pegatan Hulu, Katingan, Kalimantan Tengah, Kalimantan, Indonesia",Kalimantan Tengah,Katingan,"Pulau Katingan, Katingan, Kalimantan Tengah",gambar_wisata/Pulau_Katingan,Deskripsi tidak ditemukan
wisata alam,Pulau Kei Kecil,-5.7714884,132.73776,"Pulau Kei Kecil (Nuhu Roa), Maluku Tenggara, Maluku, 97611, Indonesia",Maluku,Maluku Tenggara,"Pulau Kei Kecil, Maluku Tenggara, Maluku",gambar_wisata/Pulau_Kei_Kecil,"Kabupaten Maluku Tenggara adalah sebuah kabupaten yang termasuk dalam wilayah Provinsi Maluku, Indonesia. Pembentukan Kabupaten Maluku Tenggara pada tahun 1952."
wisata alam,Pulau Kelapa,-5.8729463,105.7570682,"Pulau Kelapa, Bakauheni, Lampung Selatan, Lampung, Sumatera, Indonesia",Lampung,Lampung Selatan,"Pulau Kelapa, Lampung Selatan, Lampung",gambar_wisata/Pulau_Kelapa,"Kabupaten Lampung Selatan adalah kabupaten di provinsi Lampung, Indonesia. Ibu kota kabupaten ini terletak di kecamatan Kalianda."
wisata alam,Pulau Kemaro,-2.9798369,104.8199048,"Pulau Kemaro, Kalidoni, Palembang, Sumatera Selatan, Sumatera, Indonesia",Sumatera Selatan,Palembang,"Pulau Kemaro, Palembang, Sumatera Selatan",gambar_wisata/Pulau_Kemaro,"Kota Palembang (Jawi:    ) adalah ibu kota Provinsi Sumatera Selatan, Indonesia. Luas Kota Palembang dengan sekitar 352,51 km  Pada akhir tahun 2024, kota ini dihuni oleh 1.801.367 jiwa."
wisata alam,Pulau Kenawa,-8.4985718,116.832948,"Pulau Kenawa, Sumbawa Barat, Nusa Tenggara Barat, Nusa Tenggara, Indonesia",Nusa Tenggara Barat,Sumbawa Barat,"Pulau Kenawa, Sumbawa Barat, Nusa Tenggara Barat",gambar_wisata/Pulau_Kenawa,Nusa Tenggara Barat (disingkat NTB) ialah sebuah provinsi di Indonesia yang berada di bagian tengah Kepulauan Nusa Tenggara di antara provinsi Bali di sebelah barat dan provinsi Nusa Tenggara Timur di sebelah Timur. Pusat pemerintahan dan ibu kota provinsi ini berada di Kota Mataram.
wisata alam,Pulau Kepayang,-2.5486082,107.6509146,"Pulau Kepayang, Belitung, Kepulauan Bangka Belitung, Sumatera, Indonesia",Kepulauan Bangka Belitung,Belitung,"Pulau Kepayang, Belitung, Kepulauan Bangka Belitung",gambar_wisata/Pulau_Kepayang,"Kepulauan Bangka Belitung adalah sebuah provinsi di Indonesia yang terdiri dari dua pulau utama yaitu Pulau Bangka dan Pulau Belitung serta ratusan pulau-pulau kecil, total pulau yang telah bernama berjumlah 470 pulau dan yang berpenghuni hanya 50 pulau. Kepulauan Bangka Belitung terletak di bagian timur Pulau Sumatra, berbatasan dengan Provinsi Sumatera Selatan."
wisata alam,Pulau Ketawai,-2.2657969,106.32784,"Pulau Ketawai, Bangka Tengah, Kepulauan Bangka Belitung, Sumatera, Indonesia",Kepulauan Bangka Belitung,Bangka Tengah,"Pulau Ketawai, Bangka Tengah, Kepulauan Bangka Belitung",gambar_wisata/Pulau_Ketawai,"Indonesia adalah negara kepulauan terbanyak di dunia. Diantaranya terdapat sekitar 17.508 (Tujuh belas ribu lima ratus delapan) pulau yang termasuk dalam wilayah kedaulatan Negara Kesatuan Republik Indonesia, menurut Deputi Kedaulatan Maritim Kementerian Koordinator Bidang Kemaritiman."
wisata alam,Pulau Kodingareng,-5.1490655,119.2648071,"Pulau Kodingarenglompo, Kodingareng, Kepulauan Sangkarrang, Makassar, Sulawesi Selatan, Sulawesi, Indonesia",Sulawesi Selatan,Makassar,"Pulau Kodingareng, Makassar, Sulawesi Selatan",gambar_wisata/Pulau_Kodingareng,Halaman ini memuat daftar pulau dan kepulauan di Pulau Sulawesi yang disusun berdasarkan letak kabupatennya.
wisata alam,Pulau Komodo,-8.5891905,119.4624119,"Pulau Komodo, Kampung Komodo, Manggarai Barat, Nusa Tenggara Timur, Nusa Tenggara, Indonesia",Nusa Tenggara Timur,Manggarai Barat,"Pulau Komodo, Manggarai Barat, Nusa Tenggara Timur",gambar_wisata/Pulau_Komodo,Nusa Tenggara Timur (disingkat NTT) adalah sebuah provinsi di Indonesia yang meliputi bagian timur Kepulauan Nusa Tenggara. Ibu kota Nusa Tenggara Timur berada di Kota Kupang.
wisata alam,Pulau Kri,-0.5672263,130.6586583,"Pulau Kri, Yenbuba, Raja Ampat, Papua Barat Daya, Western New Guinea, Indonesia",Papua Barat Daya,Raja Ampat,"Pulau Kri, Raja Ampat, Papua Barat Daya",gambar_wisata/Pulau_Kri,"Kepulauan Raja Ampat adalah gugusan kepulauan yang berlokasi di barat bagian Semenanjung Kepala Burung (Vogelkoop) Pulau Papua. Secara administrasi, gugusan ini berada di bawah Kabupaten Raja Ampat dan Kota Sorong, Provinsi Papua Barat Daya."
wisata alam,Pulau Legundi,-5.8142911,105.2929993,"Pulau Legundi, Pesawaran, Lampung, Sumatera, Indonesia",Lampung,Pesawaran,"Pulau Legundi, Pesawaran, Lampung",gambar_wisata/Pulau_Legundi,"Kabupaten Pesawaran adalah kabupaten di Provinsi Lampung, Indonesia. Ibu kotanya adalah Gedong Tataan."
wisata alam,Pulau Lembata,-8.3781443,123.5446266,"Pulau Lembata, Lembata, Nusa Tenggara Timur, Nusa Tenggara, Indonesia",Nusa Tenggara Timur,Lembata,"Pulau Lembata, Lembata, Nusa Tenggara Timur",gambar_wisata/Pulau_Lembata,Nusa Tenggara Timur (disingkat NTT) adalah sebuah provinsi di Indonesia yang meliputi bagian timur Kepulauan Nusa Tenggara. Ibu kota Nusa Tenggara Timur berada di Kota Kupang.
wisata alam,Pulau Lembeh,1.4684975,125.2589817,"Pulau Lembeh, Bitung, Sulawesi Utara, Sulawesi, Indonesia",Sulawesi Utara,Bitung,"Pulau Lembeh, Bitung, Sulawesi Utara",gambar_wisata/Pulau_Lembeh,"Lembeh Utara adalah salah satu kecamatan di Kota Bitung, Sulawesi Utara, Indonesia. Kecamatan ini merupakan wilayah pemekaran dari Kecamatan Bitung Selatan pada tahun 2007."
wisata alam,Pulau Lemukutan,0.767172,108.7071975,"Pulau Lemukutan, Sungai Raya Kepulauan, Bengkayang, Kalimantan Barat, Kalimantan, Indonesia",Kalimantan Barat,Bengkayang,"Pulau Lemukutan, Bengkayang, Kalimantan Barat",gambar_wisata/Pulau_Lemukutan,"Pulau Lemukutan adalah sebuah desa di Kecamatan Sungai Raya Kepulauan, Kabupaten Bengkayang, Kalimantan Barat, Indonesia."
wisata alam,Pulau Lengkuas,-2.5370465,107.6203231,"Pulau Lengkuas, Kepulauan Bangka Belitung, Sumatera, Indonesia",Kepulauan Bangka Belitung,Sumatera,"Pulau Lengkuas, Sumatera, Kepulauan Bangka Belitung",gambar_wisata/Pulau_Lengkuas,"Kepulauan Bangka Belitung adalah sebuah provinsi di Indonesia yang terdiri dari dua pulau utama yaitu Pulau Bangka dan Pulau Belitung serta ratusan pulau-pulau kecil, total pulau yang telah bernama berjumlah 470 pulau dan yang berpenghuni hanya 50 pulau. Kepulauan Bangka Belitung terletak di bagian timur Pulau Sumatra, berbatasan dengan Provinsi Sumatera Selatan."
wisata alam,Pulau Lepar,-2.9632056,106.8089193,"Pulau Lepar, Kumbung, Bangka Selatan, Kepulauan Bangka Belitung, Sumatera, Indonesia",Kepulauan Bangka Belitung,Bangka Selatan,"Pulau Lepar, Bangka Selatan, Kepulauan Bangka Belitung",gambar_wisata/Pulau_Lepar,"Kepulauan Bangka Belitung adalah sebuah provinsi di Indonesia yang terdiri dari dua pulau utama yaitu Pulau Bangka dan Pulau Belitung serta ratusan pulau-pulau kecil, total pulau yang telah bernama berjumlah 470 pulau dan yang berpenghuni hanya 50 pulau. Kepulauan Bangka Belitung terletak di bagian timur Pulau Sumatra, berbatasan dengan Provinsi Sumatera Selatan."
wisata alam,Pulau Lombok Timur,-8.8172619,116.5319344,"Pulau Maringkik, Lombok Timur, Nusa Tenggara Barat, Nusa Tenggara, Indonesia",Nusa Tenggara Barat,nan,"Pulau Lombok Timur, nan, Nusa Tenggara Barat",gambar_wisata/Pulau_Lombok_Timur,"Ini adalah daftar klub sepak bola di Indonesia. Saat ini Badan Pengurus sepakbola di Indonesia adalah Persatuan Sepak Bola Seluruh Indonesia (PSSI), yang membidangi tim nasional dan liga-liganya, dengan yang tertinggi adalah Liga 1."
wisata alam,Pulau Maitara,0.7326818,127.3705295,"Pulau Maitara, Tafamutu, Tidore Kepulauan, Maluku Utara, Maluku, Indonesia",Maluku Utara,Tidore Kepulauan,"Pulau Maitara, Tidore Kepulauan, Maluku Utara",gambar_wisata/Pulau_Maitara,"Kota Tidore Kepulauan (diakronimkan sebagai: Tikep) adalah salah satu kota yang berada di Provinsi Maluku Utara, Indonesia. Kota ini memiliki luas wilayah yaitu 1.550,37 km , yang menjadikannya kota terluas ketiga di Indonesia setelah Kota Palangka Raya dan Kota Dumai."
wisata alam,Pulau Mandioli,-0.7005541,127.2373273,"Pulau Mandioli, Bahu, Halmahera Selatan, Maluku Utara, Maluku, Indonesia",Maluku Utara,Halmahera Selatan,"Pulau Mandioli, Halmahera Selatan, Maluku Utara",gambar_wisata/Pulau_Mandioli,Maluku Utara (diakronimkan: Malut) merupakan sebuah provinsi di Indonesia. Ibu kota provinsi ini terletak di Sofifi (Kota Tidore Kepulauan).
wisata alam,Pulau Maratua,2.2374937,118.5728007,"Pulau Maratua, Maratua Bohesilian, Berau, Kalimantan Timur, Kalimantan, Indonesia",Kalimantan Timur,Berau,"Pulau Maratua, Berau, Kalimantan Timur",gambar_wisata/Pulau_Maratua,"Pulau Maratua adalah salah satu pulau terluar Indonesia yang terletak di Kabupaten Berau, Provinsi Kalimantan Timur. Pulau ini merupakan salah satu paradise-island wilayah ini, dan merupakan pulau terluar Indonesia."
wisata alam,Pulau Mioswaar,-2.0804969,134.3545977,"Pulau Mioswaar, Yopmeos/yomber, Papua Barat, Western New Guinea, Indonesia",Papua Barat,Western New Guinea,"Pulau Mioswaar, Western New Guinea, Papua Barat",gambar_wisata/Pulau_Mioswaar,Deskripsi tidak ditemukan
wisata alam,Pulau Misool,-1.8671494,130.070519,"Pulau Batanme, Raja Ampat, Papua Barat Daya, Western New Guinea, Indonesia",Papua Barat Daya,Raja Ampat,"Pulau Misool, Raja Ampat, Papua Barat Daya",gambar_wisata/Pulau_Misool,"Kepulauan Raja Ampat adalah gugusan kepulauan yang berlokasi di barat bagian Semenanjung Kepala Burung (Vogelkoop) Pulau Papua. Secara administrasi, gugusan ini berada di bawah Kabupaten Raja Ampat dan Kota Sorong, Provinsi Papua Barat Daya."
wisata alam,Pulau Morotai,2.3129234,128.4418556,"Pulau Morotai, Maluku Utara, Maluku, Indonesia",Maluku Utara,Pulau Morotai,"Pulau Morotai, Pulau Morotai, Maluku Utara",gambar_wisata/Pulau_Morotai,"Kabupaten Pulau Morotai adalah nama sebuah pulau sekaligus kabupaten yang terletak di Provinsi Maluku Utara, Indonesia. Pulau Morotai merupakan salah satu pulau paling Utara di Indonesia."
wisata alam,Pulau Moyo,-8.2668723,117.5553083,"Pulau Moyo, Sebotok, Sumbawa, Nusa Tenggara Barat, Nusa Tenggara, 84351, Indonesia",Nusa Tenggara Barat,nan,"Pulau Moyo, nan, Nusa Tenggara Barat",gambar_wisata/Pulau_Moyo,"Jumlah persis pulau yang terdapat di Indonesia bervariasi antara definisi dan sumber. Menurut survei geospasial yang dilakukan antara 2007 dan 2010 oleh Badan Koordinasi Survei dan Pemetaan Nasional (Bakorsurtanal), Badan Koordinasi Survei dan Pemetaan Nasional, Indonesia memiliki 13.466 pulau."
wisata alam,Pulau Onrust,-6.0335295,106.734901,"Pulau Onrust, Kepulauan Seribu, Daerah Khusus ibukota Jakarta, Jawa, Indonesia",,Daerah Khusus ibukota Jakarta,"Pulau Onrust, Daerah Khusus ibukota Jakarta, nan",gambar_wisata/Pulau_Onrust,"Sejarah Kalimantan Selatan merupakan catatan historis dari sebuah kawasan yang semula dihuni manusia prasejarah hingga menjadi kawasan provinsial berpemerintahan, yakni provinsi Kalimantan Selatan."
wisata alam,Pulau Padar,-8.6626997,119.5557377,"Pulau Padar, Manggarai Barat, Nusa Tenggara Timur, Nusa Tenggara, Indonesia",Nusa Tenggara Timur,Manggarai Barat,"Pulau Padar, Manggarai Barat, Nusa Tenggara Timur",gambar_wisata/Pulau_Padar,Nusa Tenggara Timur (disingkat NTT) adalah sebuah provinsi di Indonesia yang meliputi bagian timur Kepulauan Nusa Tenggara. Ibu kota Nusa Tenggara Timur berada di Kota Kupang.
wisata alam,Pulau Pahawang,-5.6757839,105.2212726,"Pulau Puhawang, Pulau Pahawang, Pesawaran, Lampung, Sumatera, Indonesia",Lampung,Pesawaran,"Pulau Pahawang, Pesawaran, Lampung",gambar_wisata/Pulau_Pahawang,"Pulau Pahawang adalah sebuah desa di Kecamatan Marga Punduh, Kabupaten Pesawaran, Lampung, Indonesia. Pulau ini terletak lepas Teluk Punduh."
wisata alam,Pulau Panjang,2.3659907,118.2091481,"Pulau Panjang, Berau, Kalimantan Timur, Kalimantan, Indonesia",Kalimantan Timur,Berau,"Pulau Panjang, Berau, Kalimantan Timur",gambar_wisata/Pulau_Panjang,"Pulau Panjang yang satu ini terletak di Kepulauan Derawan, Kecamatan Derawan, Kabupaten Berau, Kalimantan Timur.
Pulau ini memiliki luas 565,4 hektar juga merupakan pulau terumbu karang."
wisata alam,Pulau Pantar,-8.3624551,124.1805656,"Pulau Pantar, Alor, Nusa Tenggara Timur, Nusa Tenggara, Indonesia",Nusa Tenggara Timur,Alor,"Pulau Pantar, Alor, Nusa Tenggara Timur",gambar_wisata/Pulau_Pantar,Nusa Tenggara Timur (disingkat NTT) adalah sebuah provinsi di Indonesia yang meliputi bagian timur Kepulauan Nusa Tenggara. Ibu kota Nusa Tenggara Timur berada di Kota Kupang.
wisata alam,Pulau Pasaran,-5.4640446,105.2650567,"Pulau Pasaran, Kangkung, Bandar Lampung, Lampung, Sumatera, Indonesia",Lampung,Bandar Lampung,"Pulau Pasaran, Bandar Lampung, Lampung",gambar_wisata/Pulau_Pasaran,"Kota Bandar Lampung (sebelumnya bernama Tanjungkarang Telukbetung) adalah sebuah kota sekaligus menjadi ibu kota provinsi di Provinsi Lampung, Indonesia. Jumlah penduduk Kota Bandar Lampung pada pertengahan tahun 2024 sebanyak 1.073.451 jiwa."
wisata alam,Pulau Pulau Maluku,-5.7493049,132.6852851,"Batas Desa Dian Pulau Kec Kei Kecil Barat Kabupaten Maluku Tenggara, Maluku Tenggara, Maluku, Indonesia",Maluku,Maluku Tenggara,"Pulau Pulau Maluku, Maluku Tenggara, Maluku",gambar_wisata/Pulau_Pulau_Maluku,"Maluku adalah sebuah provinsi di Indonesia. Ibu kota provinsi ini terletak di Kota Ambon, yang juga merupakan kota terbesar di provinsi ini."
wisata alam,Pulau Randayan,0.716667,108.733333,"Pulau Randayan, Kalimantan Barat, Kalimantan, Indonesia",Kalimantan Barat,Kalimantan,"Pulau Randayan, Kalimantan, Kalimantan Barat",gambar_wisata/Pulau_Randayan,Deskripsi tidak ditemukan
wisata alam,Pulau Rinca,-8.7069643,119.6867114,"Pulau Rinca, Kampung Rinca, Manggarai Barat, Nusa Tenggara Timur, Nusa Tenggara, Indonesia",Nusa Tenggara Timur,Manggarai Barat,"Pulau Rinca, Manggarai Barat, Nusa Tenggara Timur",gambar_wisata/Pulau_Rinca,Nusa Tenggara Timur (disingkat NTT) adalah sebuah provinsi di Indonesia yang meliputi bagian timur Kepulauan Nusa Tenggara. Ibu kota Nusa Tenggara Timur berada di Kota Kupang.
wisata alam,Pulau Rote,-10.6870292,123.208435,"Pulau Rote, Rote Ndao, Nusa Tenggara Timur, Nusa Tenggara, 85371, Indonesia",Nusa Tenggara Timur,Rote Ndao,"Pulau Rote, Rote Ndao, Nusa Tenggara Timur",gambar_wisata/Pulau_Rote,"Rote Ndao adalah kabupaten di ujung selatan Provinsi Nusa Tenggara Timur, Indonesia. Ibu kota kabupaten ini terletak di Baa."
wisata alam,Pulau Samalona,-5.1255055,119.3435008,"Pulau Samalona, Wajo, Makassar, Sulawesi Selatan, Sulawesi, Indonesia",Sulawesi Selatan,Makassar,"Pulau Samalona, Makassar, Sulawesi Selatan",gambar_wisata/Pulau_Samalona,"Samalona (Makassar:     , translit. Liukang Samalona, har."
wisata alam,Pulau Samama,2.1358203,118.3288038,"Pulau Samama, Berau, Kalimantan Timur, Kalimantan, Indonesia",Kalimantan Timur,Berau,"Pulau Samama, Berau, Kalimantan Timur",gambar_wisata/Pulau_Samama,"Pulau  Samama  adalah sebuah pulau yang terletak di Kabupaten Berau, Provinsi Kalimantan Timur, Indonesia."
wisata alam,Pulau Sangalaki,2.0862854,118.3994784,"Pulau Sangalaki, Berau, Kalimantan Timur, Kalimantan, Indonesia",Kalimantan Timur,Berau,"Pulau Sangalaki, Berau, Kalimantan Timur",gambar_wisata/Pulau_Sangalaki,"Kabupaten Berau adalah salah satu kabupaten di Provinsi Kalimantan Timur, Indonesia. Ibu kota kabupaten ini terletak di kecamatan Tanjung Redeb."
wisata alam,Pulau Saparua,-3.566667,128.666667,"Pulau Saparua, Saparua, Maluku Tengah, Maluku, Indonesia",Maluku,Maluku Tengah,"Pulau Saparua, Maluku Tengah, Maluku",gambar_wisata/Pulau_Saparua,"Ullath, kadang dieja sebagai Oelat, Ulat, atau Ulath, adalah salah satu dari 10 negeri yang termasuk ke dalam wilayah kecamatan Saparua Timur, Maluku Tengah, Maluku, Indonesia. Sebelumnya, negeri ini termasuk dalam wilayah Kecamatan Saparua, hingga pada tahun 2015 Saparua Timur dimekarkan menjadi kecamatan sendiri berdasarkan Perda Maluku Tengah Nomor 11 Tahun 2015."
wisata alam,Pulau Satonda,-8.1096652,117.7480875,"Pulau Satonda, Bima, Nusa Tenggara Barat, Nusa Tenggara, Indonesia",Nusa Tenggara Barat,nan,"Pulau Satonda, nan, Nusa Tenggara Barat",gambar_wisata/Pulau_Satonda,"Jumlah persis pulau yang terdapat di Indonesia bervariasi antara definisi dan sumber. Menurut survei geospasial yang dilakukan antara 2007 dan 2010 oleh Badan Koordinasi Survei dan Pemetaan Nasional (Bakorsurtanal), Badan Koordinasi Survei dan Pemetaan Nasional, Indonesia memiliki 13.466 pulau."
wisata alam,Pulau Semau,-10.2268265,123.3710799,"Pulau Semau, Huilelot, Kupang, Nusa Tenggara Timur, Nusa Tenggara, Indonesia",Nusa Tenggara Timur,Kupang,"Pulau Semau, Kupang, Nusa Tenggara Timur",gambar_wisata/Pulau_Semau,Nusa Tenggara Timur (disingkat NTT) adalah sebuah provinsi di Indonesia yang meliputi bagian timur Kepulauan Nusa Tenggara. Ibu kota Nusa Tenggara Timur berada di Kota Kupang.
wisata alam,Pulau Seribu,-5.6350469,106.5803541,"Kepulauan Seribu, Daerah Khusus ibukota Jakarta, Jawa, 14520, Indonesia",,Daerah Khusus ibukota Jakarta,"Pulau Seribu, Daerah Khusus ibukota Jakarta, nan",gambar_wisata/Pulau_Seribu,"Ini adalah daftar klub sepak bola di Indonesia. Saat ini Badan Pengurus sepakbola di Indonesia adalah Persatuan Sepak Bola Seluruh Indonesia (PSSI), yang membidangi tim nasional dan liga-liganya, dengan yang tertinggi adalah Liga 1."
wisata alam,Pulau Siau,2.7223131,125.3820802,"Pulau Siau, Pehe, Kepulauan Siau Tagulandang Biaro, Sulawesi Utara, Sulawesi, Indonesia",Sulawesi Utara,Kepulauan Siau Tagulandang Biaro,"Pulau Siau, Kepulauan Siau Tagulandang Biaro, Sulawesi Utara",gambar_wisata/Pulau_Siau,"Kabupaten Kepulauan Siau Tagulandang Biaro atau disingkat Kabupaten Sitaro adalah sebuah kabupaten di provinsi Sulawesi Utara, Indonesia, dengan ibu kota Ondong Siau. Kabupaten ini berasal dari pemekaran wilayah Kabupaten Kepulauan Sangihe Dan Talaud SATAL  pada tahun 2007."
wisata alam,Pulau Solor,-8.517276,122.9345454,"Pulau Solor, Watobuku, Flores Timur, Nusa Tenggara Timur, Nusa Tenggara, Indonesia",Nusa Tenggara Timur,Flores Timur,"Pulau Solor, Flores Timur, Nusa Tenggara Timur",gambar_wisata/Pulau_Solor,Nusa Tenggara Timur (disingkat NTT) adalah sebuah provinsi di Indonesia yang meliputi bagian timur Kepulauan Nusa Tenggara. Ibu kota Nusa Tenggara Timur berada di Kota Kupang.
wisata alam,Pulau Sumba,-10.3134659,120.1958373,"Pulau Salura, Desa Prai Salura, Kecamatan Karera, Sumba Timur, Nusa Tenggara Timur, Nusa Tenggara, Indonesia",Nusa Tenggara Timur,Sumba Timur,"Pulau Sumba, Sumba Timur, Nusa Tenggara Timur",gambar_wisata/Pulau_Sumba,Nusa Tenggara Timur (disingkat NTT) adalah sebuah provinsi di Indonesia yang meliputi bagian timur Kepulauan Nusa Tenggara. Ibu kota Nusa Tenggara Timur berada di Kota Kupang.
wisata alam,Pulau Sumbawa Besar,-8.4662963,117.4038685,"Boat to Pulau Moyo, Jalan Garuda, Brang Biji, Sumbawa, Nusa Tenggara Barat, Nusa Tenggara, Indonesia",Nusa Tenggara Barat,nan,"Pulau Sumbawa Besar, nan, Nusa Tenggara Barat",gambar_wisata/Pulau_Sumbawa_Besar,"Jumlah persis pulau yang terdapat di Indonesia bervariasi antara definisi dan sumber. Menurut survei geospasial yang dilakukan antara 2007 dan 2010 oleh Badan Koordinasi Survei dan Pemetaan Nasional (Bakorsurtanal), Badan Koordinasi Survei dan Pemetaan Nasional, Indonesia memiliki 13.466 pulau."
wisata alam,Pulau Tegal,-5.5674104,105.2739979,"Pulau Tegal, Pesawaran, Lampung, Sumatera, Indonesia",Lampung,Pesawaran,"Pulau Tegal, Pesawaran, Lampung",gambar_wisata/Pulau_Tegal,
wisata alam,Pulau Tempurung,0.716667,108.866667,"Pulau Tempurung, Sungai Raya, Kalimantan Barat, Kalimantan, Indonesia",Kalimantan Barat,Kalimantan,"Pulau Tempurung, Kalimantan, Kalimantan Barat",gambar_wisata/Pulau_Tempurung,Halaman ini memuat daftar pulau dan kepulauan di Pulau Kalimantan. Daftar ini tidak dimaksudkan sebagai suatu daftar yang lengkap atau selalu terbarui.
wisata alam,Pulau Ternate,0.8104023,127.3409697,"Pulau Ternate, Ternate, Maluku Utara, Maluku, Indonesia",Maluku Utara,Ternate,"Pulau Ternate, Ternate, Maluku Utara",gambar_wisata/Pulau_Ternate,Kesultanan Ternate atau juga dikenal dengan Kerajaan Gapi adalah salah satu dari 4 kerajaan Islam di Kepulauan Maluku dan merupakan salah satu kerajaan Islam tertua di Nusantara. Didirikan oleh Baab Mashur Malamo pada tahun 1257.
wisata alam,Pulau Tidore,0.6901198,127.411456,"Pulau Tidore, Tidore Kepulauan, Maluku Utara, Maluku, Indonesia",Maluku Utara,Tidore Kepulauan,"Pulau Tidore, Tidore Kepulauan, Maluku Utara",gambar_wisata/Pulau_Tidore,"Kota Tidore Kepulauan (diakronimkan sebagai: Tikep) adalah salah satu kota yang berada di Provinsi Maluku Utara, Indonesia. Kota ini memiliki luas wilayah yaitu 1.550,37 km , yang menjadikannya kota terluas ketiga di Indonesia setelah Kota Palangka Raya dan Kota Dumai."
wisata alam,Pulau Tidung,3.616667,116.916667,"Pulau Sebidai, Tideng Pale, Tana Tidung, Kalimantan Utara, Kalimantan, Indonesia",Kalimantan Utara,Tana Tidung,"Pulau Tidung, Tana Tidung, Kalimantan Utara",gambar_wisata/Pulau_Tidung,"Kabupaten Tana Tidung (disingkat KTT) adalah salah satu kabupaten di provinsi Kalimantan Utara, Indonesia, yang disetujui pembentukannya pada Sidang Paripurna DPR RI pada tanggal 17 Juli 2007. Ibu kota kabupaten Tana Tidung berada di desa Tideng Pale, kecamatan Sesayap."
wisata alam,Pulau Umang,-6.643015,105.581404,"Pulau Umang, Sumberjaya, Pandeglang, Banten, Jawa, Indonesia",Banten,Pandeglang,"Pulau Umang, Pandeglang, Banten",gambar_wisata/Pulau_Umang,"Banten adalah sebuah provinsi yang terletak pada bagian ujung barat Pulau Jawa, Indonesia. Provinsi ini beribu kota di Kota Serang."
wisata alam,Pulau Waigeo,-0.22409,131.0430825,"Pulau Waigeo, Raja Ampat, Papua Barat Daya, Western New Guinea, 98482, Indonesia",Papua Barat Daya,Raja Ampat,"Pulau Waigeo, Raja Ampat, Papua Barat Daya",gambar_wisata/Pulau_Waigeo,"Kepulauan Raja Ampat adalah gugusan kepulauan yang berlokasi di barat bagian Semenanjung Kepala Burung (Vogelkoop) Pulau Papua. Secara administrasi, gugusan ini berada di bawah Kabupaten Raja Ampat dan Kota Sorong, Provinsi Papua Barat Daya."
wisata alam,Pulau Wayag,0.1777739,130.042052,"Pulau Wayag, Raja Ampat, Papua Barat Daya, Western New Guinea, Indonesia",Papua Barat Daya,Raja Ampat,"Pulau Wayag, Raja Ampat, Papua Barat Daya",gambar_wisata/Pulau_Wayag,"Kepulauan Raja Ampat adalah gugusan kepulauan yang berlokasi di barat bagian Semenanjung Kepala Burung (Vogelkoop) Pulau Papua. Secara administrasi, gugusan ini berada di bawah Kabupaten Raja Ampat dan Kota Sorong, Provinsi Papua Barat Daya."
wisata alam,Puncak Becici,-7.9012592,110.4372592,"Hutan Pinus Becici, Jalan Gunung Cilik, Muntuk, Dlingo, Bantul, Daerah Istimewa Yogyakarta, Jawa, 55783, Indonesia",Daerah Istimewa Yogyakarta,Bantul,"Puncak Becici, Bantul, Daerah Istimewa Yogyakarta",gambar_wisata/Puncak_Becici,"Kabupaten Bantul (bahasa Jawa:  , pelafalan dalam bahasa Indonesia: [ bant l]) adalah sebuah wilayah kabupaten yang terletak di provinsi Daerah Istimewa Yogyakarta, Indonesia. Ibu kotanya adalah Kapanewon Bantul."
wisata alam,Puncak Suroloyo,-7.6475662,110.1813747,"Puncak Suroloyo, *, Samigaluh, Gerbosari, Samigaluh, Kulonprogo, Daerah Istimewa Yogyakarta, Jawa, 56553, Indonesia",Daerah Istimewa Yogyakarta,Kulonprogo,"Puncak Suroloyo, Kulonprogo, Daerah Istimewa Yogyakarta",gambar_wisata/Puncak_Suroloyo,"Daerah Istimewa Yogyakarta, disingkat DI Yogyakarta atau DIY adalah daerah Istimewa setingkat provinsi di Indonesia yang merupakan peleburan dari Negara Kesultanan Yogyakarta dan Negara Kadipaten Paku Alaman dengan ibu kota di Kota Yogyakarta. Daerah Istimewa Yogyakarta terletak di bagian selatan Pulau Jawa, dan berbatasan dengan Provinsi Jawa Tengah dan Samudra Hindia."
wisata alam,Raja Ampat,-0.7125553,130.3034473,"Raja Ampat, Papua Barat Daya, Western New Guinea, Indonesia",Papua Barat Daya,Raja Ampat,"Raja Ampat, Raja Ampat, Papua Barat Daya",gambar_wisata/Raja_Ampat,"Kepulauan Raja Ampat adalah gugusan kepulauan yang berlokasi di barat bagian Semenanjung Kepala Burung (Vogelkoop) Pulau Papua. Secara administrasi, gugusan ini berada di bawah Kabupaten Raja Ampat dan Kota Sorong, Provinsi Papua Barat Daya."
wisata alam,Sungai Musi,-2.5506475,104.9202715,"Anak Sungai Musi, Upang Cemara, Muara Telang, Banyuasin, Sumatera Selatan, Sumatera, Indonesia",Sumatera Selatan,Banyuasin,"Sungai Musi, Banyuasin, Sumatera Selatan",gambar_wisata/Sungai_Musi,"Sungai Lilin adalah kecamatan di Kabupaten Musi Banyuasin, Sumatera Selatan, Indonesia.
Desa terjauh dari ibu kota kecamatan adalah Desa Bukit Jaya dengan jarak yang harus ditempuh melalui darat kurang lebih sejauh 29 km."
wisata alam,Sungai Way Seputih,-4.8585891,105.3350899,"Way Seputih, Lampung, Sumatera, Indonesia",Lampung,Sumatera,"Sungai Way Seputih, Sumatera, Lampung",gambar_wisata/Sungai_Way_Seputih,"Sumatra (ejaan tidak baku: Sumatera) adalah pulau keenam terbesar di dunia yang terletak di Indonesia, dengan luas 473.481 km . Penduduk yang tinggal di pulau ini sekitar 56.795.305 jiwa (sensus 2024)."
wisata alam,Suramadu Bridge,-7.1842763,112.7803027,"Jembatan Suramadu, Jalan Haji Mohammad Noer, RW 02, Tambak Wedi, Kenjeran, Pangpong, Bangkalan, Jawa Timur, Jawa, 60126, Indonesia",Jawa Timur,Bangkalan,"Suramadu Bridge, Bangkalan, Jawa Timur",gambar_wisata/Suramadu_Bridge,Deskripsi tidak ditemukan
wisata alam,Taman Nasional Danau Sentarum,0.8367767,112.1830307,"Taman Nasional Danau Sentarum, Kapuas Hulu, Kalimantan Barat, Kalimantan, 78775, Indonesia",Kalimantan Barat,Kapuas Hulu,"Taman Nasional Danau Sentarum, Kapuas Hulu, Kalimantan Barat",gambar_wisata/Taman_Nasional_Danau_Sentarum,"Taman Nasional Danau Sentarum adalah taman nasional yang terletak di Kabupaten Kapuas Hulu, Provinsi Kalimantan Barat. Lahan yang dijadikan sebagai wilayahnya seluas  132 000 ha."
wisata alam,Taman Nasional Gunung Ciremai,-6.8800193,108.4104831,"Taman Nasional Gunung Ciremai, Maniskidul, Kuningan, Jawa Barat, Jawa, Indonesia",Jawa Barat,Kuningan,"Taman Nasional Gunung Ciremai, Kuningan, Jawa Barat",gambar_wisata/Taman_Nasional_Gunung_Ciremai,"Taman Nasional Gunung Ciremai (disingkat TNGC) adalah sebuah kawasan konservasi yang terletak di provinsi Jawa Barat, Indonesia dengan luas kawasan 14.841,30 Hektar (Ha), tercantum di SK Penunjukan nomor: 424/menhut-ii/2004 tanggal 19 Oktober 2004. Gunung Ciremai adalah gunung soliter tertinggi di Jawa Barat dengan puncak tertinggi memiliki ketinggian 3.078 mdpl membentuk kerucut di sisi sebelah Utara."
wisata alam,Taman Nasional Gunung Gede Pangrango,-6.7752118,106.9311234,"Taman Nasional Gunung Gede Pangrango, Kadudampit, Megamendung, Kab Sukabumi, Jawa Barat, Jawa, Indonesia",Jawa Barat,Kab Sukabumi,"Taman Nasional Gunung Gede Pangrango, Kab Sukabumi, Jawa Barat",gambar_wisata/Taman_Nasional_Gunung_Gede_Pangrango,"Gunung Salak (Aksara Sunda Baku:    , merupakan kompleks gunung berapi tua yang terletak di selatan Jakarta, di Pulau Jawa. Kawasan rangkaian gunung ini termasuk ke dalam wilayah Kabupaten Sukabumi dan Kabupaten Bogor, Jawa Barat."
wisata alam,Taman Nasional Gunung Halimun Salak,-6.7417746,106.4540374,"Taman Nasional Gunung Halimun-Salak, Lebak, Banten, Jawa, 16696, Indonesia",Banten,Lebak,"Taman Nasional Gunung Halimun Salak, Lebak, Banten",gambar_wisata/Taman_Nasional_Gunung_Halimun_Salak,"Taman Nasional Gunung Halimun Salak (TNGHS) adalah salah satu taman nasional yang terletak di Jawa Barat. Kawasan konservasi dengan luas 113.357 hektare ini menjadi penting karena melindungi hutan hujan dataran rendah yang terluas di daerah ini, dan sebagai wilayah dengan tangkapan air bagi kabupaten-kabupaten di sekelilingnya."
wisata alam,Taman Nasional Gunung Leuser,3.4925578,97.5593699,"Taman Nasional Gunung Leuser, Aceh, Sumatera, Indonesia",Aceh,Sumatera,"Taman Nasional Gunung Leuser, Sumatera, Aceh",gambar_wisata/Taman_Nasional_Gunung_Leuser,"Taman Nasional Gunung Leuser (biasa disingkat TNGL) adalah salah satu Kawasan Pelestarian Alam di Indonesia seluas 830.268,95 hektare yang secara administrasi pemerintahan terletak di Provinsi Aceh dan Sumatera Utara. Taman nasional ini mengambil nama dari Gunung Leuser yang menjulang tinggi dengan ketinggian 3145 meter di atas permukaan laut di Aceh."
wisata alam,Taman Nasional Gunung Merapi,-7.5599048,110.4302775,"Taman Nasional Gunung Merapi, Hargobinangun, Pakem, Sleman, Daerah Istimewa Yogyakarta, Jawa, Indonesia",Daerah Istimewa Yogyakarta,Hargobinangun,"Taman Nasional Gunung Merapi, Hargobinangun, Daerah Istimewa Yogyakarta",gambar_wisata/Taman_Nasional_Gunung_Merapi,"Sleman (bahasa Jawa:  , translit. Sl man; pelafalan dalam bahasa Indonesia: [s leman]) adalah sebuah wilayah kabupaten yang terletak di Provinsi Daerah Istimewa Yogyakarta, Indonesia."
wisata alam,Taman Nasional Gunung Merbabu,-7.4405123,110.4370164,"Taman Nasional Gunung Merbabu, Batur, Selo, Kabupaten Semarang, Jawa Tengah, Jawa, Indonesia",Jawa Tengah,Kabupaten Semarang,"Taman Nasional Gunung Merbabu, Kabupaten Semarang, Jawa Tengah",gambar_wisata/Taman_Nasional_Gunung_Merbabu,"Gunung Merbabu (Hanacaraka:  ) adalah gunung api yang bertipe Stratovulcano yang terletak secara geografis pada 7,5  LS dan 110,4  BT. Secara administratif gunung ini berada di wilayah Kabupaten Magelang di lereng sebelah barat dan Kabupaten Boyolali di lereng sebelah timur dan selatan, Kabupaten Semarang di lereng sebelah utara, Provinsi Jawa Tengah.
Gunung Merbabu dikenal melalui naskah-naskah masa pra-Islam sebagai Gunung Damalung:389 atau Gunung Pam(a)rihan.:69,:82  Di lerengnya pernah terdapat pertapaan terkenal yang pernah disinggahi oleh Bujangga Manik pada abad ke-15.:416  Menurut etimologi, ""merbabu"" berasal dari gabungan kata ""meru"" (gunung) dan ""abu"" (abu)."
wisata alam,Taman Nasional Gunung Palung,-1.2137375,110.2375269,"Taman Nasional Gunung Palung, Kayong Utara, Kalimantan Barat, Kalimantan, Indonesia",Kalimantan Barat,Kayong Utara,"Taman Nasional Gunung Palung, Kayong Utara, Kalimantan Barat",gambar_wisata/Taman_Nasional_Gunung_Palung,"Taman Nasional Gunung Palung (TNGP) adalah taman nasional yang terletak di Kabupaten Kayong Utara dan Kabupaten Ketapang, Kalimantan Barat."
wisata alam,Taman Nasional Gunung Rinjani,-8.4260537,116.4763578,"Taman Nasional Gunung Rinjani, Lombok Timur, Nusa Tenggara Barat, Nusa Tenggara, Indonesia",Nusa Tenggara Barat,nan,"Taman Nasional Gunung Rinjani, nan, Nusa Tenggara Barat",gambar_wisata/Taman_Nasional_Gunung_Rinjani,Silakan kunjungi Pariwisata di Indonesia untuk informasi lebih lengkap.
wisata alam,Taman Nasional Gunung Tambora,-8.2763787,117.996753,"Taman Nasional Gunung Tambora, Bima, Nusa Tenggara Barat, Nusa Tenggara, Indonesia",Nusa Tenggara Barat,nan,"Taman Nasional Gunung Tambora, nan, Nusa Tenggara Barat",gambar_wisata/Taman_Nasional_Gunung_Tambora,Silakan kunjungi Pariwisata di Indonesia untuk informasi lebih lengkap.
wisata alam,Tangkuban Perahu,-6.7534098,107.608264,"Tangkuban Parahu, Subang, Jawa Barat, Jawa, Indonesia",Jawa Barat,Subang,"Tangkuban Perahu, Subang, Jawa Barat",gambar_wisata/Tangkuban_Perahu,"Kabupaten Subang (bahasa Sunda:  ) adalah sebuah kabupaten di Provinsi Jawa Barat, Indonesia. Kabupaten ini beribu kota di Kecamatan Subang Kota."
wisata edukasi,Bali Safari & Marine Park,-8.5808653,115.3440854,"Bali Safari & Marine Park, Profesor Ida Bagus Mantra Bypass, Keramas, Gianyar, Bali, Nusa Tenggara, 80716, Indonesia",Bali,Gianyar,"Bali Safari & Marine Park, Gianyar, Bali",gambar_wisata/Bali_Safari_&_Marine_Park,"Bali Safari & Marine Park (BSMP) merupakan tempat wisata keluarga berwawasan lingkungan yang terletak di Desa Serongga, Kec. Gianyar, Kabupaten Gianyar, Bali."
wisata edukasi,Dusun Semilir,-7.2375127,110.432898,"Dusun Semilir, 20, Ngancar, Bawen, Kabupaten Semarang, Jawa Tengah, Jawa, 13245, Indonesia",Jawa Tengah,Kabupaten Semarang,"Dusun Semilir, Kabupaten Semarang, Jawa Tengah",gambar_wisata/Dusun_Semilir,Deskripsi tidak ditemukan
wisata edukasi,Eco Green Park,-7.8876615,112.5267665,"Eco Green Park, Oro-oro Ombo, Kota Batu, Klojen, Jawa Timur, Jawa, 65316, Indonesia",Jawa Timur,Kota Batu,"Eco Green Park, Kota Batu, Jawa Timur",gambar_wisata/Eco_Green_Park,"Jawa Timur Park adalah sebuah tempat rekreasi dan taman belajar yang terdapat di Kota Batu, Jawa Timur. Objek wisata ini berada sekitar 20 km barat Kota Malang, dan kini menjadi salah satu icon wisata Jawa Timur."
wisata edukasi,Floating Market Lembang,-6.8187298,107.618115,"Lembang Floating Market, 33E, Jalan Baruajak, DUSUN 1, Lembang, Bandung Barat, Jawa Barat, Jawa, 40391, Indonesia",Jawa Barat,Bandung Barat,"Floating Market Lembang, Bandung Barat, Jawa Barat",gambar_wisata/Floating_Market_Lembang,"Lembang (bahasa Sunda: L mbang; Aksara Sunda Baku:  ) adalah sebuah kecamatan di Kabupaten Bandung Barat, Jawa Barat, Indonesia. Kecamatan ini berjarak sekitar 22 kilometer dari ibu kota kabupaten Bandung Barat ke arah timur laut melalui Cisarua.Pusat pemerintahannya berada di desa Lembang."
wisata edukasi,Jatim Park 1,-8.2079276,114.3562777,"Kantor Maxim Indonesia - Banyuwangi, 1-2, Jalan Gajah Mada, RT 6, RW 3, Lingkungan Cungking, Mojoagung, Mojopanggung, Banyuwangi, Jawa Timur, Jawa, 68422, Indonesia",Jawa Timur,Mojopanggung,"Jatim Park 1, Mojopanggung, Jawa Timur",gambar_wisata/Jatim_Park_1,Deskripsi tidak ditemukan
wisata edukasi,Jatim Park 2,-8.2079276,114.3562777,"Kantor Maxim Indonesia - Banyuwangi, 1-2, Jalan Gajah Mada, RT 6, RW 3, Lingkungan Cungking, Mojoagung, Mojopanggung, Banyuwangi, Jawa Timur, Jawa, 68422, Indonesia",Jawa Timur,Mojopanggung,"Jatim Park 2, Mojopanggung, Jawa Timur",gambar_wisata/Jatim_Park_2,Deskripsi tidak ditemukan
wisata edukasi,Kampung Adat Bena,-8.8771647,120.986082,"Kampung Adat Bena, Trekking, Watumeze, Watu, Ngada, Nusa Tenggara Timur, Nusa Tenggara, 86452, Indonesia",Nusa Tenggara Timur,Ngada,"Kampung Adat Bena, Ngada, Nusa Tenggara Timur",gambar_wisata/Kampung_Adat_Bena,Nusa Tenggara Timur (disingkat NTT) adalah sebuah provinsi di Indonesia yang meliputi bagian timur Kepulauan Nusa Tenggara. Ibu kota Nusa Tenggara Timur berada di Kota Kupang.
wisata edukasi,Kampung Adat Luba,-8.8746304,120.9845814,"Kampung Adat Luba, Trekking, Watumeze, Watu, Ngada, Nusa Tenggara Timur, Nusa Tenggara, Indonesia",Nusa Tenggara Timur,Ngada,"Kampung Adat Luba, Ngada, Nusa Tenggara Timur",gambar_wisata/Kampung_Adat_Luba,Deskripsi tidak ditemukan
wisata edukasi,Kampung Arab Ampel,-7.2315883,112.7425599,"Kampung Arab Market, RW 02, Ampel, Semampir, Surabaya, Jawa Timur, Jawa, 60162, Indonesia",Jawa Timur,Surabaya,"Kampung Arab Ampel, Surabaya, Jawa Timur",gambar_wisata/Kampung_Arab_Ampel,"Orang Arab Indonesia (bahasa Arab:    ) adalah penduduk Indonesia yang memiliki darah Arab dan Pribumi Indonesia. Pada awal kedatangan, mereka umumnya tinggal di perkampungan Arab yang tersebar di berbagai kota di Indonesia."
wisata edukasi,Kampung Batik Laweyan,-7.5694863,110.7960636,"Solia Zigna, 525, Jalan Dokter Rajiman Widiodiningrat, Laweyan, Surakarta, Jawa Tengah, Jawa, 57146, Indonesia",Jawa Tengah,Surakarta,"Kampung Batik Laweyan, Surakarta, Jawa Tengah",gambar_wisata/Kampung_Batik_Laweyan,"Laweyan (bahasa Jawa:  , translit. Lawiyan) adalah kecamatan yang terletak di barat kota Surakarta."
wisata edukasi,Kampung Berau,2.1997013,116.6992953,"Kantor Kampung Punan Mahkam (Long Pay), Berau, Kalimantan Timur, Kalimantan, 77361, Indonesia",Kalimantan Timur,Berau,"Kampung Berau, Berau, Kalimantan Timur",gambar_wisata/Kampung_Berau,"Kabupaten Berau adalah salah satu kabupaten di Provinsi Kalimantan Timur, Indonesia. Ibu kota kabupaten ini terletak di kecamatan Tanjung Redeb."
wisata edukasi,Kampung Bontang,0.2007596,117.4495565,"(Kampung Salak) Rumah Kebun Arman Bontang, Jalan Poros Bontang-Sangatta, Martadinata, Kutai Timur, Kalimantan Timur, Kalimantan, 75321, Indonesia",Kalimantan Timur,Kutai Timur,"Kampung Bontang, Kutai Timur, Kalimantan Timur",gambar_wisata/Kampung_Bontang,"Kalimantan Timur adalah sebuah Provinsi di pulau Kalimantan, Indonesia. Luas total Kalimantan Timur adalah 127.346,92 km ."
wisata edukasi,Kampung Bugis,0.5121711,117.5972392,"Gang Kampung Bugis, Kutai Timur, Kalimantan Timur, Kalimantan, Indonesia",Kalimantan Timur,Kutai Timur,"Kampung Bugis, Kutai Timur, Kalimantan Timur",gambar_wisata/Kampung_Bugis,"Kalimantan Timur adalah sebuah Provinsi di pulau Kalimantan, Indonesia. Luas total Kalimantan Timur adalah 127.346,92 km ."
wisata edukasi,Kampung Ciburial,-6.8410502,107.6557382,"Kampung Sekejolang RW 09 Desa Ciburial, Kabupaten Bandung, Jawa Barat, Jawa, Indonesia",Jawa Barat,Kabupaten Bandung,"Kampung Ciburial, Kabupaten Bandung, Jawa Barat",gambar_wisata/Kampung_Ciburial,"Desa Ciburial adalah salah satu desa di kecamatan Cimenyan, Kabupaten Bandung, provinsi Jawa Barat, Indonesia. Desa ini merupakan desa yang berada paling utara di Kabupaten Bandung."
wisata edukasi,Kampung Cikadu,-6.5256832,105.6803975,"Jalan Kampung Wisata Cikadu, RT 002/RW 001 Kp. Cikadu Indah, RW 001, Dusun 1, Cipakis, Tanjungjaya, Pandeglang, Banten, Jawa, Indonesia",Banten,Pandeglang,"Kampung Cikadu, Pandeglang, Banten",gambar_wisata/Kampung_Cikadu,"Kabupaten Pandeglang (bahasa Sunda:  , translit. Pand glang), adalah sebuah kabupaten yang terletak di Provinsi Banten, Indonesia."
wisata edukasi,Kampung Melayu,-2.5820842,115.3864899,"Jalan Kampung Melayu, Barabai, Hulu Sungai Tengah, Kalimantan Selatan, Kalimantan, 71312, Indonesia",Kalimantan Selatan,Hulu Sungai Tengah,"Kampung Melayu, Hulu Sungai Tengah, Kalimantan Selatan",gambar_wisata/Kampung_Melayu,"Kalimantan Tengah (diakronimkan: Kalteng) adalah salah satu provinsi di Pulau Kalimantan, Indonesia. Ibu kota provinsi ini berada di Kota Palangka Raya."
wisata edukasi,Kampung Melayu Borneo,-3.3171899,114.6006391,"Melayu, Banjarmasin Tengah, Banjarmasin, Kalimantan Selatan, Kalimantan, 70234, Indonesia",Kalimantan Selatan,Banjarmasin,"Kampung Melayu Borneo, Banjarmasin, Kalimantan Selatan",gambar_wisata/Kampung_Melayu_Borneo,"Suku Dayak ( ; ejaan lama: Dajak atau Dyak) adalah suku bangsa atau kelompok multi etnik yang mendiami pedalaman Pulau Kalimantan terutama digunakan di wilayah di Indonesia, tapi tidak digunakan untuk istilah etnik di wilayah Malaysia dan Brunei yang menggunakan etnik lebih spesifik yakni iban, bidayuh, melanau, kadazan, dusun, murut, kadayan, tutong, bisaya, belait dan sebagainya. Kata ""daya"" serumpun dengan misalnya kata ""raya"" dalam nama ""Toraya"" yang berarti ""orang (di) atas, orang hulu""."
wisata edukasi,Kampung Samarinda,-0.5079768,117.164586,"Jalan Kampung Buton Gunung Sejuk, Sungai Dama, Samarinda Ilir, Samarinda, Kalimantan Timur, Kalimantan, 75115, Indonesia",Kalimantan Timur,Samarinda,"Kampung Samarinda, Samarinda, Kalimantan Timur",gambar_wisata/Kampung_Samarinda,"Samarinda merupakan kota sekaligus ibu kota provinsi dari Provinsi Kalimantan Timur, Indonesia. Kota ini juga merupakan kota dengan penduduk terbesar di Pulau Kalimantan, yaitu dengan jumlah penduduk sebanyak 881.225 jiwa (2024)."
wisata edukasi,Kampung Sampireun,-7.2028023,107.8167749,"Kampung Sampireun Resort & Spa, Jalan Sukakarya, Small village (densified building area), Sukakarya, Samarang, Garut, Jawa Barat, Jawa, Indonesia",Jawa Barat,Sukakarya,"Kampung Sampireun, Sukakarya, Jawa Barat",gambar_wisata/Kampung_Sampireun,Deskripsi tidak ditemukan
wisata edukasi,Kampung Teluk,0.1978005,117.4482578,"Masjid Nur Jihad Kampung Salak, Jalan Poros Bontang-Sangatta, Martadinata, Kutai Timur, Kalimantan Timur, Kalimantan, 75321, Indonesia",Kalimantan Timur,Kutai Timur,"Kampung Teluk, Kutai Timur, Kalimantan Timur",gambar_wisata/Kampung_Teluk,"Kalimantan Timur adalah sebuah Provinsi di pulau Kalimantan, Indonesia. Luas total Kalimantan Timur adalah 127.346,92 km ."
wisata edukasi,Kampung Tridi Malang,-7.9817148,112.6379373,"Kampung Tridi (3D Village), Jalan Brantas, RW 12 KEL. KESATRIAN, KOTA MALANG, Sukoharjo, Kota Malang, Jawa Timur, Jawa, 65118, Indonesia",Jawa Timur,Kota Malang,"Kampung Tridi Malang, Kota Malang, Jawa Timur",gambar_wisata/Kampung_Tridi_Malang,"Kota Malang (bahasa Jawa: Hanacaraka:  , Pegon:  ; pengucapan bahasa Jawa: [ mala ]) adalah sebuah kota yang terletak di Provinsi Jawa Timur, Indonesia, Kota ini merupakan kota terbesar kedua di Jawa Timur setelah Surabaya, dan kota terbesar ke-12 di Indonesia. Kota ini didirikan pada masa Pemerintahan Belanda pada 1 April 1914 dengan E.K Broeveldt sebagai wali kota pertama."
wisata edukasi,Kampung Wamena,-4.0913238,138.9365159,"Kantor Kampung Honelama Dua, Gang Pilamo, Honelama Dua, Wamena, Jayawijaya, Papua Pegunungan, Western New Guinea, 99511, Indonesia",Papua Pegunungan,Wamena,"Kampung Wamena, Wamena, Papua Pegunungan",gambar_wisata/Kampung_Wamena,"Wamena adalah ibu kota kabupaten Jayawijaya. Wamena juga merupakan sebuah distrik di Kabupaten Jayawijaya, provinsi Papua Pegunungan."
wisata edukasi,Kebun Binatang Ragunan,-6.3114056,106.8216699,"Kebun Binatang Ragunan, Jalan Haji Matasan, RW 04, Kebagusan, Pasar Minggu, Jakarta Selatan, Daerah Khusus ibukota Jakarta, Jawa, 12620, Indonesia",,Daerah Khusus ibukota Jakarta,"Kebun Binatang Ragunan, Daerah Khusus ibukota Jakarta, nan",gambar_wisata/Kebun_Binatang_Ragunan,
wisata edukasi,Kebun Raya Bogor,-6.5983032,106.7994187,"Kebun Raya Bogor, Bogor Tengah, Bogor, Jawa Barat, Jawa, Indonesia",Jawa Barat,Bogor,"Kebun Raya Bogor, Bogor, Jawa Barat",gambar_wisata/Kebun_Raya_Bogor,"Kebun Raya Bogor atau Kebun Botani Bogor (bahasa Sunda:      , translit. Kebon Raya Bogor) adalah sebuah kebun botani besar yang terletak di Kota Bogor, Indonesia."
wisata edukasi,Kebun Raya Cibodas,-6.7366316,107.0079063,"Kebun Raya Cibodas, Jalan Raya Kebun Cibodas, Cimacan, Cianjur, Jawa Barat, Jawa, 43253, Indonesia",Jawa Barat,Cianjur,"Kebun Raya Cibodas, Cianjur, Jawa Barat",gambar_wisata/Kebun_Raya_Cibodas,"Kebun Raya Cibodas (aksara Sunda:      ) (bahasa Inggris: Cibodas Botanical Garden), terletak di Kompleks Hutan Gunung Gede dan Gunung Pangrango, Desa Cimacan, Cipanas, Cianjur, Jawa Barat. Topografi lapangannya bergelombang dan berbukit-bukit dengan ketinggian kurang lebih 1.300 s.d."
wisata edukasi,Kebun Raya Kalimantan Utara,4.0895795,117.6399182,"Kebun Raya Binusan, Binusan, Nunukan, Kalimantan Utara, Kalimantan, Indonesia",Kalimantan Utara,Nunukan,"Kebun Raya Kalimantan Utara, Nunukan, Kalimantan Utara",gambar_wisata/Kebun_Raya_Kalimantan_Utara,"Kabupaten Kayong Utara (Melayu Jawi:      ) adalah kabupaten di provinsi Kalimantan Barat, Indonesia. Ibu kotanya adalah Kecamatan Sukadana."
wisata edukasi,Kebun Raya Malang,-7.7998333,112.741642,"Kebun Raya Purwodadi, Jalan Raya Surabaya - Malang, Kertosari, Pasuruan, Jawa Timur, Jawa, Indonesia",Jawa Timur,Pasuruan,"Kebun Raya Malang, Pasuruan, Jawa Timur",gambar_wisata/Kebun_Raya_Malang,"Jawa Timur (atau juga diakronimkan sebagai Jatim) adalah sebuah wilayah provinsi yang terletak di bagian timur Pulau Jawa, Indonesia. Ibu kotanya adalah Kota Surabaya."
wisata edukasi,Kebun Raya Purwodadi,-7.7998333,112.741642,"Kebun Raya Purwodadi, Jalan Raya Surabaya - Malang, Kertosari, Pasuruan, Jawa Timur, Jawa, Indonesia",Jawa Timur,Pasuruan,"Kebun Raya Purwodadi, Pasuruan, Jawa Timur",gambar_wisata/Kebun_Raya_Purwodadi,"Purwodadi adalah sebuah kecamatan di Kabupaten Pasuruan, Provinsi Jawa Timur, Indonesia. Berbatasan dengan Kabupaten Malang tepatnya sisi selatan berbatasan dengan Kecamatan Lawang, sisi barat dengan Gunung Arjuno, Sisi utara dengan Kecamatan Purwosari sisi timur berbatasan dengan Kecamatan Tutur
Di kecamatan ini berlokasi Kebun Raya Purwodadi, Pasuruan, Jawa Timur."
wisata edukasi,Kebun Raya Samarinda,-0.4493074,117.2109205,"Kebun Raya Unmul Samarinda, Tanah Merah, Samarinda Utara, Samarinda, Kalimantan Timur, Kalimantan, Indonesia",Kalimantan Timur,Samarinda,"Kebun Raya Samarinda, Samarinda, Kalimantan Timur",gambar_wisata/Kebun_Raya_Samarinda,"Samarinda merupakan kota sekaligus ibu kota provinsi dari Provinsi Kalimantan Timur, Indonesia. Kota ini juga merupakan kota dengan penduduk terbesar di Pulau Kalimantan, yaitu dengan jumlah penduduk sebanyak 881.225 jiwa (2024)."
wisata edukasi,Kebun Teh Wonosari,-7.812482,112.6402789,"Kebun Teh Wonosari, Ptpn Wonosari, Kabupaten Malang, Jawa Timur, Jawa, Indonesia",Jawa Timur,Kabupaten Malang,"Kebun Teh Wonosari, Kabupaten Malang, Jawa Timur",gambar_wisata/Kebun_Teh_Wonosari,"Kabupaten Malang (bahasa Jawa: Hanacaraka:  , Pegon:  ; pengucapan bahasa Jawa: [ mala ]) adalah sebuah kabupaten di Provinsi Jawa Timur, Indonesia. Ibu kota kabupaten ini terletak di Kecamatan Kepanjen, yang sebelumnya berada di Kota Malang tepatnya di daerah Klojen."
wisata edukasi,KidZania Jakarta,-6.2243077,106.8094341,"KidZania, Sudirman Central Business District Northway, RW 03, Senayan, Kebayoran Baru, Jakarta Selatan, Daerah Khusus ibukota Jakarta, Jawa, 12190, Indonesia",,Daerah Khusus ibukota Jakarta,"KidZania Jakarta, Daerah Khusus ibukota Jakarta, nan",gambar_wisata/KidZania_Jakarta,Deskripsi tidak ditemukan
wisata edukasi,Museum Affandi,-7.7827543,110.3963324,"Museum Affandi, 167, Jalan Laksda Adisucipto, Catur Tunggal, Depok, Sleman, Daerah Istimewa Yogyakarta, Jawa, 55281, Indonesia",Daerah Istimewa Yogyakarta,Sleman,"Museum Affandi, Sleman, Daerah Istimewa Yogyakarta",gambar_wisata/Museum_Affandi,"Daerah Istimewa Yogyakarta, disingkat DI Yogyakarta atau DIY adalah daerah Istimewa setingkat provinsi di Indonesia yang merupakan peleburan dari Negara Kesultanan Yogyakarta dan Negara Kadipaten Paku Alaman dengan ibu kota di Kota Yogyakarta. Daerah Istimewa Yogyakarta terletak di bagian selatan Pulau Jawa, dan berbatasan dengan Provinsi Jawa Tengah dan Samudra Hindia."
wisata edukasi,Observatorium Bosscha,-6.8244765,107.61602,"Observatorium Bosscha, #KM15, Jalan Peneropong Bintang, Lembang, Bandung Barat, Jawa Barat, Jawa, 40391, Indonesia",Jawa Barat,Bandung Barat,"Observatorium Bosscha, Bandung Barat, Jawa Barat",gambar_wisata/Observatorium_Bosscha,"Observatorium Bosscha adalah observatorium astronomi tertua di Indonesia yang terletak di Lembang, Kabupaten Bandung Barat, Jawa Barat. Observatorium Bosscha mengoperasikan sekitar 12 teleskop termasuk tiga buah teleskop radio dengan Teleskop Refraktor Ganda Zeiss 0.6 meter sebagai teleskop terbesar yang dipasang di kubah."
wisata edukasi,Planetarium Jakarta,-6.1901222,106.8391385,"Planetarium Jakarta, 73, Jalan Cikini Raya, RW 02, Cikini, Menteng, Jakarta Pusat, Daerah Khusus ibukota Jakarta, Jawa, 10330, Indonesia",,Daerah Khusus ibukota Jakarta,"Planetarium Jakarta, Daerah Khusus ibukota Jakarta, nan",gambar_wisata/Planetarium_Jakarta,Deskripsi tidak ditemukan
wisata edukasi,Pusat Konservasi Elang Kamojang,-7.1681482,107.7999159,"Pusat Konservasi Elang Kamojang, Maya Coola, Small Village, Sukakarya, Samarang, Garut, Jawa Barat, Jawa, Indonesia",Jawa Barat,Sukakarya,"Pusat Konservasi Elang Kamojang, Sukakarya, Jawa Barat",gambar_wisata/Pusat_Konservasi_Elang_Kamojang,Deskripsi tidak ditemukan
wisata edukasi,Pusat Penelitian Kopi dan Kakao Jember,-8.1620212,113.7091569,"Pusat Penelitian Kopi dan Kakao Indonesia, Sumber Lor, Jember, Jawa Timur, Jawa, Indonesia",Jawa Timur,Jember,"Pusat Penelitian Kopi dan Kakao Jember, Jember, Jawa Timur",gambar_wisata/Pusat_Penelitian_Kopi_dan_Kakao_Jember,"Kabupaten Bondowoso (Hanacaraka:  , Pegon:  ; pelafalan dalam bahasa Indonesia: [b nd w s ]) adalah sebuah wilayah kabupaten di Provinsi Jawa Timur, Indonesia. Ibu kotanya adalah Kecamatan Bondowoso."
wisata edukasi,Rumah Atsiri Indonesia,-7.6546345,111.1014613,"Rumah Atsiri Indonesia, Jalan Tawangmangu - Palaosan, Plumbon, Karanganyar, Jawa Tengah, Jawa, Indonesia",Jawa Tengah,Karanganyar,"Rumah Atsiri Indonesia, Karanganyar, Jawa Tengah",gambar_wisata/Rumah_Atsiri_Indonesia,"Museum Rumah Atsiri Indonesia adalah sebuah museum yang terletak di Jalan Raya Solo Tawangmangu KM 38,5, Desa Plumban Watusambang, Tawamangu, Karanganyar, Jawa Tengah.  Fungsi khusus museum ini untuk menyimpan dan memamerkan koleksi berupa peralatan pengolahan minyak atsiri."
wisata edukasi,Sea World Ancol,-6.1271335,106.8415805,"Sea World, Jalan Lodan Raya, Kawasan Wisata Ancol, Ancol, Pademangan, Jakarta Utara, Daerah Khusus ibukota Jakarta, Jawa, 14430, Indonesia",,Daerah Khusus ibukota Jakarta,"Sea World Ancol, Daerah Khusus ibukota Jakarta, nan",gambar_wisata/Sea_World_Ancol,
wisata edukasi,SeaWorld Ancol,-6.125818,106.8428846,"SeaWorld Ancol, Jalan Pasir Putih Raya, Kawasan Wisata Ancol, Ancol, Pademangan, Jakarta Utara, Daerah Khusus ibukota Jakarta, Jawa, 14430, Indonesia",,Daerah Khusus ibukota Jakarta,"SeaWorld Ancol, Daerah Khusus ibukota Jakarta, nan",gambar_wisata/SeaWorld_Ancol,
wisata edukasi,Selecta,-7.8191784,112.5251767,"Musholla Selecta, Jalan Masjid, Tulungrejo, Kota Batu, Jawa Timur, Jawa, 65336, Indonesia",Jawa Timur,Kota Batu,"Selecta, Kota Batu, Jawa Timur",gambar_wisata/Selecta,"Kota Batu (bahasa Jawa:  Hanacaraka:  , Pegon:  ; pengucapan bahasa Jawa: [ bat u]) adalah sebuah kota wisata di Provinsi Jawa Timur, Indonesia. Kota ini terletak 90 km sebelah barat daya Surabaya atau 15 km sebelah barat laut Malang."
wisata edukasi,Seminyak Village,-8.683248,115.1568656,"Seminyak Village, No.8, Jalan Kayu Jati, Seminyak, Kuta, Kuta Utara, Badung, Bali, Nusa Tenggara, 80361, Indonesia",Bali,Badung,"Seminyak Village, Badung, Bali",gambar_wisata/Seminyak_Village,"Bali adalah sebuah provinsi di Indonesia yang terletak pada bagian barat Kepulauan Nusa Tenggara dan beribu kota di Kota Denpasar. Pulau Bali, yang merupakan pulau terbesar di Provinsi Bali, memiliki beberapa julukan, di antaranya Pulau Dewata dan Pulau Seribu Pura."
wisata edukasi,Taman Pintar Yogyakarta,-7.8010466,110.3677697,"Taman Pintar Yogyakarta, Kampung Ketandan, Prawirodirjan, Gondomanan, Kota Yogyakarta, Daerah Istimewa Yogyakarta, Jawa, Indonesia",Daerah Istimewa Yogyakarta,Kota Yogyakarta,"Taman Pintar Yogyakarta, Kota Yogyakarta, Daerah Istimewa Yogyakarta",gambar_wisata/Taman_Pintar_Yogyakarta,"Kota Yogyakarta (bahasa Jawa:  , translit. Ngayogyakarta, pengucapan bahasa Jawa: [ku   ajogj kart ], atau dikenal oleh masyarakat setempat dengan sebutan nama Yogya atau Jogja) adalah ibu kota sekaligus pusat pemerintahan dan perekonomian dari provinsi Daerah Istimewa Yogyakarta, Indonesia."
wisata edukasi,Trans Studio Bandung,-6.9247021,107.6360969,"Trans Studio Bandung, Jalan Cibangkong Lor, Maleer, Batununggal, Kota Bandung, Jawa Barat, Jawa, 40274, Indonesia",Jawa Barat,Kota Bandung,"Trans Studio Bandung, Kota Bandung, Jawa Barat",gambar_wisata/Trans_Studio_Bandung,"Kota Bandung (bahasa Sunda:    , Pegon:  , Hanzi:  , translit. Bandung; pelafalan dalam bahasa Indonesia: [ban.du ] ) adalah sebuah kota sekaligus menjadi ibu kota provinsi di Provinsi Jawa Barat, Indonesia."
wisata kerajaan,Benteng Baluwarti,-7.572122,110.8312357,"Benteng Vastenburg, Jalan Panglima Besar Sudirman, Kauman, Surakarta, Kecamatan Pasar Kliwon, Jawa Tengah, Jawa, 57133, Indonesia",Jawa Tengah,Surakarta,"Benteng Baluwarti, Surakarta, Jawa Tengah",gambar_wisata/Benteng_Baluwarti,Deskripsi tidak ditemukan
wisata kerajaan,Benteng Buton Baubau,-5.4733218,122.6102454,"Jalan Lingkungan Benteng Wolio Buton, Kanakea Dalam, Baubau, Sulawesi Tenggara, Sulawesi, 97326, Indonesia",Sulawesi Tenggara,Baubau,"Benteng Buton Baubau, Baubau, Sulawesi Tenggara",gambar_wisata/Benteng_Buton_Baubau,"Kota Baubau adalah sebuah kota di Provinsi Sulawesi Tenggara, Indonesia. Kota ini terletak di Pulau Buton, pulau terbesar di provinsi tersebut."
wisata kerajaan,Benteng Kuto Besak,-2.992422,104.7597918,"Plaza Benteng Kuto Besak, RW 06 Kel. 19 Ilir Kec. Bukit Kecil, Bukit Kecil, Palembang, Sumatera Selatan, Sumatera, 30251, Indonesia",Sumatera Selatan,Palembang,"Benteng Kuto Besak, Palembang, Sumatera Selatan",gambar_wisata/Benteng_Kuto_Besak,"Benteng Kuto Besak adalah salah satu peninggalan bersejarah yang terdapat di Kota Palembang, Sumatera Selatan. Benteng ini terletak di tepian Sungai Musi, di Jalan Sultan Mahmud Badarudin, 19 Ilir, Bukit Kecil, Kota Palembang."
wisata kerajaan,Benteng Kuto Besak Palembang,-2.992422,104.7597918,"Plaza Benteng Kuto Besak, RW 06 Kel. 19 Ilir Kec. Bukit Kecil, Bukit Kecil, Palembang, Sumatera Selatan, Sumatera, 30251, Indonesia",Sumatera Selatan,Palembang,"Benteng Kuto Besak Palembang, Palembang, Sumatera Selatan",gambar_wisata/Benteng_Kuto_Besak_Palembang,"Kota Palembang (Jawi:    ) adalah ibu kota Provinsi Sumatera Selatan, Indonesia. Luas Kota Palembang dengan sekitar 352,51 km  Pada akhir tahun 2024, kota ini dihuni oleh 1.801.367 jiwa."
wisata kerajaan,Benteng Pendem,-7.7491116,109.0172596,"Benteng Pendem, Jalan Karang, RW 06 Kelurahan Cilacap, Cilacap, Kelurahan Cilacap Kecamatan Cilacap, Cilacap, Jawa Tengah, Jawa, 53212, Indonesia",Jawa Tengah,Kelurahan Cilacap Kecamatan Cilacap,"Benteng Pendem, Kelurahan Cilacap Kecamatan Cilacap, Jawa Tengah",gambar_wisata/Benteng_Pendem,Deskripsi tidak ditemukan
wisata kerajaan,Benteng Speelwijk,-6.0310818,106.1507599,"Benteng Speelwijk, Banten, Kasemen, Serang ᮞᮦᮛᮀ, Jawa, Indonesia",,Serang ,"Benteng Speelwijk, Serang ᮞᮦᮛᮀ, nan",gambar_wisata/Benteng_Speelwijk,Deskripsi tidak ditemukan
wisata kerajaan,Benteng Speelwijk Banten,-6.0310818,106.1507599,"Benteng Speelwijk, Banten, Kasemen, Serang ᮞᮦᮛᮀ, Jawa, Indonesia",,Serang ,"Benteng Speelwijk Banten, Serang ᮞᮦᮛᮀ, nan",gambar_wisata/Benteng_Speelwijk_Banten,Deskripsi tidak ditemukan
wisata kerajaan,Benteng Surosowan,-6.0378452,106.1558032,"Benteng Surosowan, Banten, Kasemen, Serang ᮞᮦᮛᮀ, Jawa, Indonesia",,Serang ,"Benteng Surosowan, Serang ᮞᮦᮛᮀ, nan",gambar_wisata/Benteng_Surosowan,Deskripsi tidak ditemukan
wisata kerajaan,Benteng Vastenburg,-7.572122,110.8312357,"Benteng Vastenburg, Jalan Panglima Besar Sudirman, Kauman, Surakarta, Kecamatan Pasar Kliwon, Jawa Tengah, Jawa, 57133, Indonesia",Jawa Tengah,Surakarta,"Benteng Vastenburg, Surakarta, Jawa Tengah",gambar_wisata/Benteng_Vastenburg,"Benteng Vastenburg (bahasa Jawa:  , translit. B t ng Vastenburg) adalah benteng peninggalan Belanda yang terletak di Kedung Lumbu, Pasar Kliwon, Kota Surakarta, Jawa Tengah."
wisata kerajaan,Benteng Wolio,-5.4733218,122.6102454,"Jalan Lingkungan Benteng Wolio Buton, Kanakea Dalam, Baubau, Sulawesi Tenggara, Sulawesi, 97326, Indonesia",Sulawesi Tenggara,Baubau,"Benteng Wolio, Baubau, Sulawesi Tenggara",gambar_wisata/Benteng_Wolio,"Kota Baubau adalah sebuah kota di Provinsi Sulawesi Tenggara, Indonesia. Kota ini terletak di Pulau Buton, pulau terbesar di provinsi tersebut."
wisata kerajaan,Istana Bogor,-6.5979795,106.7975641,"Istana Bogor, Jalan Insinyur Haji Djuanda, Kelurahan Pabaton, Bogor Tengah, Bogor, Jawa Barat, Jawa, 16121, Indonesia",Jawa Barat,Bogor,"Istana Bogor, Bogor, Jawa Barat",gambar_wisata/Istana_Bogor,"Kota Bogor (bahasa Sunda:  , bahasa Belanda: Buitenzorg) adalah sebuah kota yang terletak di Provinsi Jawa Barat, Indonesia. Kota Bogor terletak sekitar 51 km arah selatan dari Provinsi DKI Jakarta dan 120 km arah tenggara dari Kota Bandung, serta merupakan enklave dari Kabupaten Bogor."
wisata kerajaan,Istana Maimun Medan,3.575232,98.6838169,"Istana Maimun, Jalan Brigjen Katamso, Suka Raja, Aur, Medan Maimun, Kota Medan ᯔᯩᯑᯉ᯲, Sumatera Utara, Sumatera, 20156, Indonesia",Sumatera Utara,Kota Medan ,"Istana Maimun Medan, Kota Medan ᯔᯩᯑᯉ᯲, Sumatera Utara",gambar_wisata/Istana_Maimun_Medan,"Kota Medan (Abjad Jawi:  ; Surat Batak:  ; Aksara Han:  ; Aksara Tamil:  ) adalah ibu kota Provinsi Sumatera Utara, Indonesia. Kota ini merupakan kota terbesar keempat di Indonesia setelah DKI Jakarta, Surabaya, dan Bandung serta kota terbesar di luar Pulau Jawa, sekaligus kota terbesar di Pulau Sumatra."
wisata kerajaan,Istana Siak Sri Indrapura Riau,0.7948074,102.0490273,"Istana Siak Sri Indrapura, Jalan Kartini, Siak Sri Indrapura, Siak, Riau, Sumatera, 28773, Indonesia",Riau,Siak,"Istana Siak Sri Indrapura Riau, Siak, Riau",gambar_wisata/Istana_Siak_Sri_Indrapura_Riau,Riau (Jawi:  ) adalah sebuah Provinsi di Indonesia yang terletak di pantai timur pulau Sumatera bagian tengah. Wilayah pesisirnya berbatasan dengan Selat Malaka.
wisata kerajaan,Istana Tampaksiring,-8.4143074,115.313147,"Istana Kepresidenan Tampaksiring, Mancingan, Manukaya, Gianyar, Bali, Nusa Tenggara, Indonesia",Bali,Gianyar,"Istana Tampaksiring, Gianyar, Bali",gambar_wisata/Istana_Tampaksiring,"Tampaksiring adalah sebuah kecamatan di Kabupaten Gianyar, Bali, Indonesia. Di kecamatan ini terdapat Candi Gunung Kawi dan Yayasan Senang Hati."
wisata kerajaan,Istano Basa Pagaruyung,-0.4713638,100.6214909,"Istano Basa Pagaruyung, Jalan S.A. Bagagarsyah, Balai Janggo, Pagaruyuang, Tanjung Emas, Tanah Datar, Sumatera Barat, Sumatera, Indonesia",Sumatera Barat,Tanah Datar,"Istano Basa Pagaruyung, Tanah Datar, Sumatera Barat",gambar_wisata/Istano_Basa_Pagaruyung,Deskripsi tidak ditemukan
wisata kerajaan,Kerajaan Gowa,-5.2070607,119.4524687,"Kompleks Istana Kerajaan Gowa, Sungguminasa, Somba Opu, Gowa, Sulawesi Selatan, Sulawesi, Indonesia",Sulawesi Selatan,Sulawesi,"Kerajaan Gowa, Sulawesi, Sulawesi Selatan",gambar_wisata/Kerajaan_Gowa,"Sulawesi Selatan (diakronimkan: Sulsel; Lontara:     ) adalah sebuah provinsi di semenanjung bagian selatan pulau Sulawesi, Indonesia. Kepulauan Selayar di bagian selatan pulau Sulawesi juga merupakan bagian dari provinsi tersebut."
wisata kerajaan,Keraton Kanoman Cirebon,-6.7224492,108.5680568,"Keraton Kanoman, Lemahwungkuk, Kota Cirebon, Jawa Barat, Jawa, 45118, Indonesia",Jawa Barat,Kota Cirebon,"Keraton Kanoman Cirebon, Kota Cirebon, Jawa Barat",gambar_wisata/Keraton_Kanoman_Cirebon,"Kota Cirebon adalah salah satu kota yang berada di provinsi Jawa Barat, Indonesia. Kota ini berada di pesisir utara Pulau Jawa yang menghubungkan Jakarta dengan Surabaya antara lintas tengah dan utara Jawa."
wisata kerajaan,Keraton Kasepuhan Cirebon,-6.7272941,108.5717151,"Keraton Kasepuhan, Jalan Mayor Sastraatmaja, Kesepuhan, Lemahwungkuk, Kota Cirebon, Jawa Barat, Jawa, 45133, Indonesia",Jawa Barat,Kota Cirebon,"Keraton Kasepuhan Cirebon, Kota Cirebon, Jawa Barat",gambar_wisata/Keraton_Kasepuhan_Cirebon,"Kota Cirebon adalah salah satu kota yang berada di provinsi Jawa Barat, Indonesia. Kota ini berada di pesisir utara Pulau Jawa yang menghubungkan Jakarta dengan Surabaya antara lintas tengah dan utara Jawa."
wisata kerajaan,Keraton Surakarta,-7.5784379,110.8283543,"Museum Keraton Surakarta, Jalan Mloyokusuman, Baluwarti, Surakarta, Kecamatan Pasar Kliwon, Jawa Tengah, Jawa, 57118, Indonesia",Jawa Tengah,Surakarta,"Keraton Surakarta, Surakarta, Jawa Tengah",gambar_wisata/Keraton_Surakarta,Keraton Surakarta Hadiningrat atau Keraton Surakarta adalah istana resmi Kesunanan Surakarta Hadiningrat yang terletak di Kota Surakarta. Keraton ini didirikan oleh Sri Susuhunan Pakubuwana II sekitar tahun 1743-1744 sebagai pengganti Keraton Kartasura yang porak-poranda akibat Geger Pecinan pada tahun 1743.
wisata kerajaan,Keraton Yogyakarta,-7.8029256,110.3651894,"Keraton Yogyakarta, Jalan Alun Alun Utara, Kampung Ketandan, Prawirodirjan, Gondomanan, Kota Yogyakarta, Daerah Istimewa Yogyakarta, Jawa, 55000, Indonesia",Daerah Istimewa Yogyakarta,Kota Yogyakarta,"Keraton Yogyakarta, Kota Yogyakarta, Daerah Istimewa Yogyakarta",gambar_wisata/Keraton_Yogyakarta,"Kota Yogyakarta (bahasa Jawa:  , translit. Ngayogyakarta, pengucapan bahasa Jawa: [ku   ajogj kart ], atau dikenal oleh masyarakat setempat dengan sebutan nama Yogya atau Jogja) adalah ibu kota sekaligus pusat pemerintahan dan perekonomian dari provinsi Daerah Istimewa Yogyakarta, Indonesia."
wisata kerajaan,Puri Agung Gianyar,-8.5067232,115.262707,"Puri Saren Agung, Jalan Raya Ubud, Ubud, Kecamatan Ubud, Gianyar, Bali, Nusa Tenggara, 80571, Indonesia",Bali,Gianyar,"Puri Agung Gianyar, Gianyar, Bali",gambar_wisata/Puri_Agung_Gianyar,"Kabupaten Gianyar (bahasa Bali: aksara Bali:  , translit. gya a ) adalah sebuah wilayah kabupaten yang terletak di provinsi Bali, Indonesia."
wisata kerajaan,Puri Agung Karangasem,-8.4433442,115.6163545,"Puri Agung Karangasem, Jalan Gajah Mada, Kecamatan Karangasem, Amlapura, Kecamatan Karangasem, Karangasem, Bali, Nusa Tenggara, 80811, Indonesia",Bali,Karangasem,"Puri Agung Karangasem, Karangasem, Bali",gambar_wisata/Puri_Agung_Karangasem,Kabupaten Karangasem (bahasa Bali: aksara Bali:   Kabupat n Kara as m) adalah salah satu kabupaten di provinsi Bali yang terletak di bagian timur pulau Bali. Ibu kotanya adalah kota Amlapura.
wisata kerajaan,Puri Saren Ubud,-8.5067232,115.262707,"Puri Saren Agung, Jalan Raya Ubud, Ubud, Kecamatan Ubud, Gianyar, Bali, Nusa Tenggara, 80571, Indonesia",Bali,Gianyar,"Puri Saren Ubud, Gianyar, Bali",gambar_wisata/Puri_Saren_Ubud,Deskripsi tidak ditemukan
wisata kuliner,Bakso President Malang,-7.9624439,112.6368008,"Bakso President, Jalan Batanghari, Rampal Celaket, Kota Malang, Jawa Timur, Jawa, 65123, Indonesia",Jawa Timur,Kota Malang,"Bakso President Malang, Kota Malang, Jawa Timur",gambar_wisata/Bakso_President_Malang,Deskripsi tidak ditemukan
wisata kuliner,Coto Nusantara Makassar,-5.1305904,119.4062286,"Coto Nusantara, Jalan Serui, Pattunuang, Wajo, Makassar, Sulawesi Selatan, Sulawesi, 90171, Indonesia",Sulawesi Selatan,Makassar,"Coto Nusantara Makassar, Makassar, Sulawesi Selatan",gambar_wisata/Coto_Nusantara_Makassar,"Kota Makassar (Lontara Makassar:    , transliterasi: Kota Mangkasara'), sebelumnya bernama Ujung Pandang (nama benteng suku makassar), adalah ibu kota provinsi Sulawesi Selatan, Indonesia. 
Sebelumnya, kota yang sejak 1971 hingga 1999 dikenal secara resmi sebagai Ujung Pandang ini merupakan kota terbesar di wilayah Indonesia Timur dan pusat kota terbesar ketujuh di Indonesia dari jumlah penduduk setelah Jakarta, Surabaya, Medan, Bandung, Semarang, dan Palembang."
wisata kuliner,Gado-Gado Cemara Jakarta,-6.1794317,106.8139422,"Gado gado Cemara, Jalan Tanah Abang V, RW 04, Petojo Selatan, Gambir, Jakarta Pusat, Daerah Khusus ibukota Jakarta, Jawa, 10160, Indonesia",,Daerah Khusus ibukota Jakarta,"Gado-Gado Cemara Jakarta, Daerah Khusus ibukota Jakarta, nan",gambar_wisata/Gado-Gado_Cemara_Jakarta,Deskripsi tidak ditemukan
wisata kuliner,Gudeg Yu Djum Yogyakarta,-7.8045373,110.3668938,"Gudeg Yu Djum, Jalan Wijilan, Musikanan, Panembahan, Kraton, Kota Yogyakarta, Daerah Istimewa Yogyakarta, Jawa, 55000, Indonesia",Daerah Istimewa Yogyakarta,Kota Yogyakarta,"Gudeg Yu Djum Yogyakarta, Kota Yogyakarta, Daerah Istimewa Yogyakarta",gambar_wisata/Gudeg_Yu_Djum_Yogyakarta,"Perserikatan Sepak Bola Sleman (PSS) atau disebut PSS Sleman merupakan klub sepak bola profesional Indonesia yang berbasis di Kabupaten Sleman, Yogyakarta. PSS didirikan pada tanggal 20 Mei 1976."
wisata kuliner,Jalan Ahmad Yani Makassar,-5.1328565,119.4078668,"Jalan Jenderal Ahmad Yani, Pattunuang, Wajo, Makassar, Sulawesi Selatan, Sulawesi, 90171, Indonesia",Sulawesi Selatan,Makassar,"Jalan Ahmad Yani Makassar, Makassar, Sulawesi Selatan",gambar_wisata/Jalan_Ahmad_Yani_Makassar,"Benteng Rotterdam atau Benteng Ujung Pandang adalah sebuah benteng peninggalan Kerajaan Gowa-Tallo. Letak benteng ini berada di pinggir pantai sebelah barat Kota Makassar, Sulawesi Selatan."
wisata kuliner,Jalan Braga Bandung,-6.9168925,107.6091723,"Jalan Braga, Braga, Sumur Bandung, Kota Bandung, Jawa Barat, Jawa, 40111, Indonesia",Jawa Barat,Kota Bandung,"Jalan Braga Bandung, Kota Bandung, Jawa Barat",gambar_wisata/Jalan_Braga_Bandung,"Kota Bandung (bahasa Sunda:    , Pegon:  , Hanzi:  , translit. Bandung; pelafalan dalam bahasa Indonesia: [ban.du ] ) adalah sebuah kota sekaligus menjadi ibu kota provinsi di Provinsi Jawa Barat, Indonesia."
wisata kuliner,Jalan Dago Bandung,-6.8863522,107.6136814,"Jalan Ir. H. Djuanda, Lebak Gede, Coblong, Kota Bandung, Jawa Barat, Jawa, 40132, Indonesia",Jawa Barat,Kota Bandung,"Jalan Dago Bandung, Kota Bandung, Jawa Barat",gambar_wisata/Jalan_Dago_Bandung,"Kota Bandung (bahasa Sunda:    , Pegon:  , Hanzi:  , translit. Bandung; pelafalan dalam bahasa Indonesia: [ban.du ] ) adalah sebuah kota sekaligus menjadi ibu kota provinsi di Provinsi Jawa Barat, Indonesia."
wisata kuliner,Jalan Malioboro Yogyakarta,-7.7932411,110.365806,"Jalan Malioboro, Suryatmajan, Danurejan, Kota Yogyakarta, Daerah Istimewa Yogyakarta, Jawa, 55213, Indonesia",Daerah Istimewa Yogyakarta,Kota Yogyakarta,"Jalan Malioboro Yogyakarta, Kota Yogyakarta, Daerah Istimewa Yogyakarta",gambar_wisata/Jalan_Malioboro_Yogyakarta,"Kota Yogyakarta (bahasa Jawa:  , translit. Ngayogyakarta, pengucapan bahasa Jawa: [ku   ajogj kart ], atau dikenal oleh masyarakat setempat dengan sebutan nama Yogya atau Jogja) adalah ibu kota sekaligus pusat pemerintahan dan perekonomian dari provinsi Daerah Istimewa Yogyakarta, Indonesia."
wisata kuliner,Jalan Sumatera Surabaya,-7.2749513,112.7451892,"Jalan Sumatera, RW 04, Gubeng, Surabaya, Jawa Timur, Jawa, 60271, Indonesia",Jawa Timur,Surabaya,"Jalan Sumatera Surabaya, Surabaya, Jawa Timur",gambar_wisata/Jalan_Sumatera_Surabaya,"Kota Surabaya (bahasa Jawa: Hanacaraka:  , Pegon:    , translit. Kuth  Sur b y ; pengucapan bahasa Jawa: [ku  sur b j ]; pelafalan dalam bahasa Indonesia: [sura baja] ) adalah ibu kota Provinsi Jawa Timur yang menjadi pusat pemerintahan dan perekonomian sekaligus kota terbesar di provinsi tersebut."
wisata kuliner,Jalan Suroto Yogyakarta,-7.785899,110.3744277,"Jalan Suroto, Kotabaru, Gondokusuman, Kota Yogyakarta, Daerah Istimewa Yogyakarta, Jawa, 55224, Indonesia",Daerah Istimewa Yogyakarta,Kota Yogyakarta,"Jalan Suroto Yogyakarta, Kota Yogyakarta, Daerah Istimewa Yogyakarta",gambar_wisata/Jalan_Suroto_Yogyakarta,"Kotabaru (bahasa Jawa:  , translit. Kotabaru) adalah sebuah kelurahan yang terletak di kemantren Gondokusuman, Yogyakarta, Daerah Istimewa Yogyakarta, Indonesia."
wisata kuliner,Kampung Tugu Jakarta,-6.127958,106.9185365,"Jalan Kampung Tugu, RW 14, Tugu Utara, Koja, Jakarta Utara, Daerah Khusus ibukota Jakarta, Jawa, 14260, Indonesia",,Daerah Khusus ibukota Jakarta,"Kampung Tugu Jakarta, Daerah Khusus ibukota Jakarta, nan",gambar_wisata/Kampung_Tugu_Jakarta,"Kota Malang (bahasa Jawa: Hanacaraka:  , Pegon:  ; pengucapan bahasa Jawa: [ mala ]) adalah sebuah kota yang terletak di Provinsi Jawa Timur, Indonesia, Kota ini merupakan kota terbesar kedua di Jawa Timur setelah Surabaya, dan kota terbesar ke-12 di Indonesia. Kota ini didirikan pada masa Pemerintahan Belanda pada 1 April 1914 dengan E.K Broeveldt sebagai wali kota pertama."
wisata kuliner,Martabak San Francisco Bandung,-6.9590474,107.6894384,"Martabak San Francisco, Bulevar Magna, Magna Commercial, Cisaranten Kidul, Gedebage, Kota Bandung, Jawa Barat, Jawa, 40295, Indonesia",Jawa Barat,Kota Bandung,"Martabak San Francisco Bandung, Kota Bandung, Jawa Barat",gambar_wisata/Martabak_San_Francisco_Bandung,"Rumah makan Padang adalah suatu bisnis warung makan/rumah makan/restoran yang menjual atau menghidangkan berbagai ragam kuliner atau masakan Minangkabau yang berasal dari Sumatera Barat.
Rumah makan ini cukup terkenal di Indonesia dan di beberapa negara tetangga seperti Malaysia, Singapura, dan Australia, serta disukai oleh berbagai kalangan dari berbagai macam etnis dan bangsa."
wisata kuliner,Mie Kocok Bandung,-8.6652033,115.239048,"Mie Kocok Bandung, Jalan Merdeka, Denpasar Timur, Denpasar ᬤᬾᬦ᭄ᬧᬲᬃ, Bali, Nusa Tenggara, 80235, Indonesia",Bali,Denpasar ,"Mie Kocok Bandung, Denpasar ᬤᬾᬦ᭄ᬧᬲᬃ, Bali",gambar_wisata/Mie_Kocok_Bandung,Deskripsi tidak ditemukan
wisata kuliner,Nasi Kapau Bukittinggi,-6.1756359,106.7817377,"Nasi Kapau Bukittinggi, Jalan Salak Raya, RW 05, Tanjung Duren Utara, Grogol Petamburan, Jakarta Barat, Daerah Khusus ibukota Jakarta, Jawa, 11430, Indonesia",,Daerah Khusus ibukota Jakarta,"Nasi Kapau Bukittinggi, Daerah Khusus ibukota Jakarta, nan",gambar_wisata/Nasi_Kapau_Bukittinggi,"Kota Padang adalah kota terbesar di pantai barat Pulau Sumatra sekaligus ibu kota provinsi Sumatera Barat, Indonesia. Kota ini adalah pintu gerbang barat Indonesia dari Samudra Hindia."
wisata kuliner,Pasar Ambon,-3.6937552,128.179026,"Pasar Gotong Royong, Jalan Yos Sudarso, Honipopu, Ambon, Maluku, 97123, Indonesia",Maluku,Ambon,"Pasar Ambon, Ambon, Maluku",gambar_wisata/Pasar_Ambon,"Ambon Plaza, sering disingkat menjadi Amplaz, adalah sebuah pusat perbelanjaan di Ambon. Terletak di Jalan Sam Ratulangi, dekat dengan Pelabuhan Yos Soedarso, mal ini dibuka pada tahun 1995, menjadikannya sebagai mal tertua di Ambon."
wisata kuliner,Pasar Atom Surabaya,-7.2414035,112.7441077,"Pasar Atom, Jalan Waspada, RW 04, Bongkaran, Pabean Cantian, Surabaya, Jawa Timur, Jawa, 60145, Indonesia",Jawa Timur,Surabaya,"Pasar Atom Surabaya, Surabaya, Jawa Timur",gambar_wisata/Pasar_Atom_Surabaya,"Untuk pusat perbelanjaan lain di Surabaya dengan singkatan yang sama, lihat Golden City Surabaya
Grand City Surabaya (atau biasa disingkat GC/GCS) adalah sebuah komplek di pusat kota Surabaya, Jawa Timur, Indonesia yang terdiri dari pusat perbelanjaan, balai pamer, dan balai pertemuan. Bangunan ini didirikan pada tahun 2009, menjadikannya mall ketiga yang berdiri di pinggir Sungai Mas setelah Plaza Surabaya (1988) dan World Trade Center Surabaya (1989)."
wisata kuliner,Pasar Badung,-8.656297,115.2124235,"Pasar Badung, Dauh Puri Kangin, Denpasar Barat, Denpasar ᬤᬾᬦ᭄ᬧᬲᬃ, Bali, Nusa Tenggara, Indonesia",Bali,Denpasar ,"Pasar Badung, Denpasar ᬤᬾᬦ᭄ᬧᬲᬃ, Bali",gambar_wisata/Pasar_Badung,Deskripsi tidak ditemukan
wisata kuliner,Pasar Baru,-6.164901,106.8334669,"Pasar Baru, Daerah Khusus ibukota Jakarta, Jawa, 10120, Indonesia",,Daerah Khusus ibukota Jakarta,"Pasar Baru, Daerah Khusus ibukota Jakarta, nan",gambar_wisata/Pasar_Baru,"Kabupaten Bungo adalah kabupaten di provinsi Jambi, Indonesia. Kabupaten ini adalah hasil dari pemekaran kabupaten Bungo Tebo, pada tanggal 12 Oktober 1999."
wisata kuliner,Pasar Bersehati,1.4980107,124.8413311,"Pasar Bersehati, Boulevard 2, Calaca, Manado, Sulawesi Utara, Sulawesi, 95122, Indonesia",Sulawesi Utara,Manado,"Pasar Bersehati, Manado, Sulawesi Utara",gambar_wisata/Pasar_Bersehati,"Jembatan Ir. Soekarno adalah sebuah jembatan kabel pancang di Kota Manado, Sulawesi Utara yang melintasi perairan Teluk Manado dan muara Sungai Tondano dan menghubungkan Pinaesaan, Wenang, Manado dengan Sindulang Satu, Tuminting, Manado."
wisata kuliner,Pasar Bontang,0.1698676,117.4771783,"Pasar Lok Tuan Bontang, Jalan Kapal Selam, Lok Tuan, Bontang, Kalimantan Timur, Kalimantan, 75321, Indonesia",Kalimantan Timur,Bontang,"Pasar Bontang, Bontang, Kalimantan Timur",gambar_wisata/Pasar_Bontang,Deskripsi tidak ditemukan
wisata kuliner,Pasar Celuk,-8.5964575,115.2832919,"Pasar Umum Sukawati, Jalan Raya Sukawati, Sukawati, Gianyar, Bali, Nusa Tenggara, 80582, Indonesia",Bali,Gianyar,"Pasar Celuk, Gianyar, Bali",gambar_wisata/Pasar_Celuk,Deskripsi tidak ditemukan
wisata kuliner,Pasar Cibadak Bandung,-6.9232848,107.5955639,"Pasar ulekan pagarsih, Jalan Natawijaya, Cibadak, Astanaanyar, Kota Bandung, Jawa Barat, Jawa, 40232, Indonesia",Jawa Barat,Kota Bandung,"Pasar Cibadak Bandung, Kota Bandung, Jawa Barat",gambar_wisata/Pasar_Cibadak_Bandung,"Kota Bandung (bahasa Sunda:    , Pegon:  , Hanzi:  , translit. Bandung; pelafalan dalam bahasa Indonesia: [ban.du ] ) adalah sebuah kota sekaligus menjadi ibu kota provinsi di Provinsi Jawa Barat, Indonesia."
wisata kuliner,Pasar Cihapit Bandung,-6.9085551,107.6224564,"Pasar Cihapit, Jalan Sabang, Cihapit, Bandung Wetan, Kota Bandung, Jawa Barat, Jawa, 40113, Indonesia",Jawa Barat,Kota Bandung,"Pasar Cihapit Bandung, Kota Bandung, Jawa Barat",gambar_wisata/Pasar_Cihapit_Bandung,"Kota Bandung (bahasa Sunda:    , Pegon:  , Hanzi:  , translit. Bandung; pelafalan dalam bahasa Indonesia: [ban.du ] ) adalah sebuah kota sekaligus menjadi ibu kota provinsi di Provinsi Jawa Barat, Indonesia."
wisata kuliner,Pasar Flamboyan,-0.0402083,109.3453369,"Pasar flamboyan, Jalan Gajah Mada, Benua Melayu Darat, Pontianak, Kalimantan Barat, Kalimantan, 71127, Indonesia",Kalimantan Barat,Pontianak,"Pasar Flamboyan, Pontianak, Kalimantan Barat",gambar_wisata/Pasar_Flamboyan,yang dikelompokkan berdasarkan wilayah Keuskupan.
wisata kuliner,Pasar Gede Solo,-7.5693721,110.8314627,"Pasar Gede Solo, Jalan R.E. Martadinata, Sudiroprajan, Surakarta, Jawa Tengah, Jawa, 57113, Indonesia",Jawa Tengah,Surakarta,"Pasar Gede Solo, Surakarta, Jawa Tengah",gambar_wisata/Pasar_Gede_Solo,"Kota Surakarta (bahasa Jawa: Hanacaraka:  , Pegon:  , Hanzi:  , pengucapan bahasa Jawa: [sur kart ]) atau Solo (bahasa Jawa:  , translit. Sala, pengucapan bahasa Jawa: [s l ]) adalah salah satu kota di provinsi Jawa Tengah, Indonesia, dengan luas 44,04 km2."
wisata kuliner,Pasar Gianyar,-8.5425256,115.3270651,"Pasar Umum Gianyar, Jalan Berata, Gianyar, Bali, Nusa Tenggara, 85011, Indonesia",Bali,Gianyar,"Pasar Gianyar, Gianyar, Bali",gambar_wisata/Pasar_Gianyar,"Kabupaten Gianyar (bahasa Bali: aksara Bali:  , translit. gya a ) adalah sebuah wilayah kabupaten yang terletak di provinsi Bali, Indonesia."
wisata kuliner,Pasar Ikan Ambon,-3.6875401,128.1833998,"Pasar Ikan Arumbae, Pandan Kasturi, Rijali, Ambon, Maluku, 97127, Indonesia",Maluku,Ambon,"Pasar Ikan Ambon, Ambon, Maluku",gambar_wisata/Pasar_Ikan_Ambon,"Bahasa Melayu Ambon adalah sebuah bahasa kreol berbasis Melayu yang secara tradisional dituturkan di wilayah Provinsi Maluku, terutama di Pulau Ambon, Kepulauan Lease, Pulau Buano, Pulau Manipa, Pulau Kelang, dan Pulau Seram, serta dipakai juga sebagai bahasa perdagangan di Kepulauan Kei, Kepulauan Banda, Kepulauan Watubela, Pulau Buru, hingga Kepulauan Aru."
wisata kuliner,Pasar Johar,-6.9721147,110.424762,"Pasar Johar, Jalan K.H. Agus Salim, RW 01, Kauman, Semarang Tengah, Kota Semarang, Jawa Tengah, Jawa, 50000, Indonesia",Jawa Tengah,Kota Semarang,"Pasar Johar, Kota Semarang, Jawa Tengah",gambar_wisata/Pasar_Johar,"Kota Semarang (bahasa Jawa: Hanacaraka:  , Pegon:  , Hanzi:  , translit. Semarang) adalah ibu kota provinsi Jawa Tengah, Indonesia."
wisata kuliner,Pasar Kapuas Hulu,0.6643468,112.2773659,"Jongkong Pasar, Jongkong, Kapuas Hulu, Kalimantan Barat, Kalimantan, Indonesia",Kalimantan Barat,Kapuas Hulu,"Pasar Kapuas Hulu, Kapuas Hulu, Kalimantan Barat",gambar_wisata/Pasar_Kapuas_Hulu,"Kabupaten Kapuas Hulu adalah kabupaten di Provinsi Kalimantan Barat, Indonesia. Ibu kota kabupaten ini terletak di Putussibau."
wisata kuliner,Pasar Klewer,-7.5755013,110.8268372,"Pasar Klewer, Jalan Dokter Rajiman Widiodiningrat, Kauman, Surakarta, Kecamatan Pasar Kliwon, Jawa Tengah, Jawa, 57118, Indonesia",Jawa Tengah,Surakarta,"Pasar Klewer, Surakarta, Jawa Tengah",gambar_wisata/Pasar_Klewer,"Pasar Klewer (bahasa Jawa:  , translit. Pasar Kl w r) adalah pasar tekstil terbesar di Kota Surakarta."
wisata kuliner,Pasar Kota Barito,-3.1310335,114.4848887,"Kantor Desa Anjir Pasar Lama, Kuala Kapuas - Anjir Pasar Kota, Anjir Serapat Tengah, Barito Kuala, Kalimantan Selatan, Kalimantan, Indonesia",Kalimantan Selatan,Barito Kuala,"Pasar Kota Barito, Barito Kuala, Kalimantan Selatan",gambar_wisata/Pasar_Kota_Barito,"Kabupaten Barito Kuala adalah sebuah wilayah kabupaten yang terletak di Provinsi Kalimantan Selatan, Indonesia. Ibu kotanya adalah Marabahan."
wisata kuliner,Pasar Kranggan,-7.7825017,110.3656896,"Pasar Kranggan, Jalan Poncowinatan, Cokrodiningratan, Jetis, Kota Yogyakarta, Daerah Istimewa Yogyakarta, Jawa, 55233, Indonesia",Daerah Istimewa Yogyakarta,Kota Yogyakarta,"Pasar Kranggan, Kota Yogyakarta, Daerah Istimewa Yogyakarta",gambar_wisata/Pasar_Kranggan,"Kota Yogyakarta (bahasa Jawa:  , translit. Ngayogyakarta, pengucapan bahasa Jawa: [ku   ajogj kart ], atau dikenal oleh masyarakat setempat dengan sebutan nama Yogya atau Jogja) adalah ibu kota sekaligus pusat pemerintahan dan perekonomian dari provinsi Daerah Istimewa Yogyakarta, Indonesia."
wisata kuliner,Pasar Kuala Pembuang,-3.3865215,112.5528643,"Pasar SAIK, Jalan AIS Nasution, Wilayah RT.006 KP2, Kuala Pembuang Dua, Seruyan, Kalimantan Tengah, Kalimantan, Indonesia",Kalimantan Tengah,Seruyan,"Pasar Kuala Pembuang, Seruyan, Kalimantan Tengah",gambar_wisata/Pasar_Kuala_Pembuang,"Kalimantan Tengah (diakronimkan: Kalteng) adalah salah satu provinsi di Pulau Kalimantan, Indonesia. Ibu kota provinsi ini berada di Kota Palangka Raya."
wisata kuliner,Pasar Kumbasari,-8.6560993,115.2118033,"Pasar Kumbasari, Jalan Gajah Mada, Pemecutan, Denpasar Barat, Denpasar ᬤᬾᬦ᭄ᬧᬲᬃ, Bali, Nusa Tenggara, 80231, Indonesia",Bali,Denpasar ,"Pasar Kumbasari, Denpasar ᬤᬾᬦ᭄ᬧᬲᬃ, Bali",gambar_wisata/Pasar_Kumbasari,"Kota Denpasar (bahasa Bali:   D npasar) adalah ibu kota dan sekaligus menjadi pusat pemerintahan dan perekonomian dari Provinsi Bali, Indonesia. Denpasar adalah kota terbesar di Kepulauan Nusa Tenggara dan kota terbesar kedua di wilayah Indonesia Timur setelah Kota Makassar."
wisata kuliner,Pasar Kuto Palembang,-2.9812649,104.7714847,"Pasar Kuto, Lorong Beringin Jaya, RW 01 Kel.Kuto Batu, Ilir Timur II, Palembang, Sumatera Selatan, Sumatera, 30111, Indonesia",Sumatera Selatan,Palembang,"Pasar Kuto Palembang, Palembang, Sumatera Selatan",gambar_wisata/Pasar_Kuto_Palembang,Deskripsi tidak ditemukan
wisata kuliner,Pasar Lama Tangerang,-6.1779396,106.6300758,"Kawasan Kuliner Pasar Lama, Jalan Kisamaun, Sukasari, Tangerang, Banten, Jawa, 15520, Indonesia",Banten,Tangerang,"Pasar Lama Tangerang, Tangerang, Banten",gambar_wisata/Pasar_Lama_Tangerang,"Kota Tangerang adalah kota yang terletak di Provinsi Banten, Indonesia. Kota ini terletak sekitar 20,7 km di sebelah barat dari DKI Jakarta."
wisata kuliner,Pasar Luwuk,-0.9562272,122.7896944,"Pasar Tani Tradisional, Jalan Ki Hajar Dewantara, Luwuk, Banggai, Sulawesi Tengah, Sulawesi, 94711, Indonesia",Sulawesi Tengah,Banggai,"Pasar Luwuk, Banggai, Sulawesi Tengah",gambar_wisata/Pasar_Luwuk,"Sulawesi Tengah (disingkat Sulteng) adalah sebuah provinsi di bagian tengah Pulau Sulawesi, Indonesia. Ibu kota provinsi ini adalah Kota Palu, dengan luas wilayahnya 61.841,29 km ."
wisata kuliner,Pasar Malam Makassar,-5.1377954,119.4325202,"Jalan Pasar Malam 1, Maccini, Makassar, Sulawesi Selatan, Sulawesi, 90152, Indonesia",Sulawesi Selatan,Makassar,"Pasar Malam Makassar, Makassar, Sulawesi Selatan",gambar_wisata/Pasar_Malam_Makassar,"Sulawesi Selatan (diakronimkan: Sulsel; Lontara:     ) adalah sebuah provinsi di semenanjung bagian selatan pulau Sulawesi, Indonesia. Kepulauan Selayar di bagian selatan pulau Sulawesi juga merupakan bagian dari provinsi tersebut."
wisata kuliner,Pasar Mamuju,-2.672303,118.8919325,"Pusat Pertokoan Modern Mamuju, Jalan Sultan Hasanuddin, Mamuju, Sulawesi Barat, Sulawesi, 91515, Indonesia",Sulawesi Barat,Mamuju,"Pasar Mamuju, Mamuju, Sulawesi Barat",gambar_wisata/Pasar_Mamuju,"Kabupaten Pasangkayu (sebelumnya bernama Kabupaten Mamuju Utara) adalah salah satu kabupaten di provinsi Sulawesi Barat, Indonesia. Ibu kota kabupaten ini terletak di kecamatan Pasangkayu."
wisata kuliner,Pasar Mas,-8.5446439,115.2721291,"Pasar Desa Adat Mas Ubud, Jalan Kemuning, Mas, Kecamatan Ubud, Gianyar, Bali, Nusa Tenggara, 80571, Indonesia",Bali,Gianyar,"Pasar Mas, Gianyar, Bali",gambar_wisata/Pasar_Mas,Deskripsi tidak ditemukan
wisata kuliner,Pasar Modern Mamuju,-2.672303,118.8919325,"Pusat Pertokoan Modern Mamuju, Jalan Sultan Hasanuddin, Mamuju, Sulawesi Barat, Sulawesi, 91515, Indonesia",Sulawesi Barat,Mamuju,"Pasar Modern Mamuju, Mamuju, Sulawesi Barat",gambar_wisata/Pasar_Modern_Mamuju,Berikut ini daftar proyek infrastruktur yang diresmikan oleh Presiden Republik Indonesia ke 7 Joko Widodo yang menjabat mulai 20 Oktober 2014 sampai 20 Oktober 2024
wisata kuliner,Pasar Pagi Medan,3.6856948,98.6914596,"Pasar Pagi Yuka, Jalan Pancing I, Medan Labuhan, Kota Medan ᯔᯩᯑᯉ᯲, Sumatera Utara, Sumatera, 20251, Indonesia",Sumatera Utara,Kota Medan ,"Pasar Pagi Medan, Kota Medan ᯔᯩᯑᯉ᯲, Sumatera Utara",gambar_wisata/Pasar_Pagi_Medan,Deskripsi tidak ditemukan
wisata kuliner,Pasar Palangkaraya,-2.2081836,113.9370335,"Pasar Malam, Jalan Halmahera, Pahandut, Palangka Raya, Kalimantan Tengah, Kalimantan, 74874, Indonesia",Kalimantan Tengah,Palangka Raya,"Pasar Palangkaraya, Palangka Raya, Kalimantan Tengah",gambar_wisata/Pasar_Palangkaraya,"Kalimantan Tengah (diakronimkan: Kalteng) adalah salah satu provinsi di Pulau Kalimantan, Indonesia. Ibu kota provinsi ini berada di Kota Palangka Raya."
wisata kuliner,Pasar Rakyat Kendari,-3.9816193,122.5849864,"Pasar Rakyat Lapulu, Jalan Setia Budi, Poasia, Kendari, Sulawesi Tenggara, Sulawesi, 93234, Indonesia",Sulawesi Tenggara,Kendari,"Pasar Rakyat Kendari, Kendari, Sulawesi Tenggara",gambar_wisata/Pasar_Rakyat_Kendari,"Kota Kendari adalah sebuah kota sekaligus ibu kota dan pusat pemerintahan dari Provinsi Sulawesi Tenggara, Indonesia. Kendari diresmikan sebagai kotamadya (kini kota) dengan UU RI No."
wisata kuliner,Pasar Sanggau,-0.0329966,110.1113959,"PASAR TAYAN, Jembatan Tayan, Pulau Tayan Utara, Tayan Hilir, Sanggau, Kalimantan Barat, Kalimantan, Indonesia",Kalimantan Barat,Sanggau,"Pasar Sanggau, Sanggau, Kalimantan Barat",gambar_wisata/Pasar_Sanggau,"Kerajaan Sanggau ( Bahasa Sanggau dengan Aksara Arab Melayu (Jawi):     ) adalah sebuah kerajaan yang berkelanjutan dari Kerajaan Labai Lawai kepemimpinan Dara Nante pada era Sriwijaya dan kemudian berada di Mengkiang (kota lama) pada awal abad ke-15. Nama ""Sanggau"" sendiri diambil dari kata Sangga yang mana nama ini diambil karena kerajaan menjadi institusi penyangga baik dari segi ekonomi maupun pertahanan."
wisata kuliner,Pasar Santa,-6.2391928,106.8077643,"Pasar Santa, Jalan Robert Wolter Monginsidi, RW 06, Petogogan, Kebayoran Baru, Jakarta Selatan, Daerah Khusus ibukota Jakarta, Jawa, 12180, Indonesia",,Daerah Khusus ibukota Jakarta,"Pasar Santa, Daerah Khusus ibukota Jakarta, nan",gambar_wisata/Pasar_Santa,"Kota Tegal (bahasa Jawa: Hanacaraka:  , Pegon  , Hanzi:  , Belanda: Tagal) adalah sebuah satu kota di Provinsi Jawa Tengah, Indonesia. Kota ini pernah menjadi cikal-bakal berdirinya Korps Marinir seperti tercatat dalam Pangkalan IV ALRI Tegal dengan nama Corps Mariniers, pada 15 November 1945."
wisata kuliner,Pasar Santa Jakarta,-6.2391928,106.8077643,"Pasar Santa, Jalan Robert Wolter Monginsidi, RW 06, Petogogan, Kebayoran Baru, Jakarta Selatan, Daerah Khusus ibukota Jakarta, Jawa, 12180, Indonesia",,Daerah Khusus ibukota Jakarta,"Pasar Santa Jakarta, Daerah Khusus ibukota Jakarta, nan",gambar_wisata/Pasar_Santa_Jakarta,"Kota Tegal (bahasa Jawa: Hanacaraka:  , Pegon  , Hanzi:  , Belanda: Tagal) adalah sebuah satu kota di Provinsi Jawa Tengah, Indonesia. Kota ini pernah menjadi cikal-bakal berdirinya Korps Marinir seperti tercatat dalam Pangkalan IV ALRI Tegal dengan nama Corps Mariniers, pada 15 November 1945."
wisata kuliner,Pasar Seni Ampenan,-8.5659896,116.1270748,"Pasar Seni Sayang-Sayang, Jalan Jendral Sudirman, Lingk. Gegutu Timur, Kel. Karang Baru, Gegutu, Mataram, Kec. Selaparang, Nusa Tenggara Barat, Nusa Tenggara, 83124, Indonesia",Nusa Tenggara Barat,Mataram,"Pasar Seni Ampenan, Mataram, Nusa Tenggara Barat",gambar_wisata/Pasar_Seni_Ampenan,"Beberapa daftar dibuat berdasarkan daftar anggota Asosiasi Museum Indonesia dan data master warisan budaya benda Kementerian Pendidikan dan Kebudayaan (Kemendikbud), maka dari itu beberapa daftar membedakan museum dan cagar budaya berdasarkan standar atau kode unik museum dan cagar budaya oleh Kemendikbud."
wisata kuliner,Pasar Seni Cakranegara,-8.5659896,116.1270748,"Pasar Seni Sayang-Sayang, Jalan Jendral Sudirman, Lingk. Gegutu Timur, Kel. Karang Baru, Gegutu, Mataram, Kec. Selaparang, Nusa Tenggara Barat, Nusa Tenggara, 83124, Indonesia",Nusa Tenggara Barat,Mataram,"Pasar Seni Cakranegara, Mataram, Nusa Tenggara Barat",gambar_wisata/Pasar_Seni_Cakranegara,"Kerajaan Medang (Jawa kuno:    , translit. ka atwan m a ) atau sering disebut juga Medang Kuno adalah kerajaan agraris sekaligus talasokrasi yang berdiri di Jawa Tengah pada abad ke-8 Masehi, didirikan oleh Sanjaya, kemudian berpindah ke Jawa Timur pada abad ke-10 Masehi, pada masa Dyah Balitung dan Dyah Pu Sindok."
wisata kuliner,Pasar Seni Mataram,-8.5659896,116.1270748,"Pasar Seni Sayang-Sayang, Jalan Jendral Sudirman, Lingk. Gegutu Timur, Kel. Karang Baru, Gegutu, Mataram, Kec. Selaparang, Nusa Tenggara Barat, Nusa Tenggara, 83124, Indonesia",Nusa Tenggara Barat,Mataram,"Pasar Seni Mataram, Mataram, Nusa Tenggara Barat",gambar_wisata/Pasar_Seni_Mataram,"Kerajaan Medang (Jawa kuno:    , translit. ka atwan m a ) atau sering disebut juga Medang Kuno adalah kerajaan agraris sekaligus talasokrasi yang berdiri di Jawa Tengah pada abad ke-8 Masehi, didirikan oleh Sanjaya, kemudian berpindah ke Jawa Timur pada abad ke-10 Masehi, pada masa Dyah Balitung dan Dyah Pu Sindok."
wisata kuliner,Pasar Seni Sukawati,-8.5964842,115.2824354,"Pasar Seni Sukawati, Jalan Raya Sukawati, Sukawati, Gianyar, Bali, Nusa Tenggara, 80582, Indonesia",Bali,Gianyar,"Pasar Seni Sukawati, Gianyar, Bali",gambar_wisata/Pasar_Seni_Sukawati,"Pasar Sukawati merupakan pasar seni yang terletak di Kabupaten Gianyar, Bali. Pasar ini menjual berbagai kerajinan seni khas Bali seperti sandal manik-manik, pakaian, tas, lukisan, patung kayu dan lain - lain.Pasar ini berdiri sekitar tahun 1980an dan dibuka setiap hari mulai pukul 08.00 hingga pukul 18.00 WITA."
wisata kuliner,Pasar Sentral Kendari,-3.9937375,122.5145946,"Pasar Sentral Wua-Wua, Jalan M.T. Haryono, Bende, Kendari, Sulawesi Tenggara, Sulawesi, 93117, Indonesia",Sulawesi Tenggara,Kendari,"Pasar Sentral Kendari, Kendari, Sulawesi Tenggara",gambar_wisata/Pasar_Sentral_Kendari,"Kota Raha adalah ibukota Kabupaten Muna. Kota ini juga salah satu kota di provinsi Sulawesi Tenggara, Indonesia."
wisata kuliner,Pasar Sentral Makassar,-5.1289467,119.4151115,"Pasar Sentral Makassar, Jalan Agus Salim, Makassar Mall, Ende, Wajo, Makassar, Sulawesi Selatan, Sulawesi, 90156, Indonesia",Sulawesi Selatan,Makassar,"Pasar Sentral Makassar, Makassar, Sulawesi Selatan",gambar_wisata/Pasar_Sentral_Makassar,"Selat Makassar merupakan selat yang terletak di antara pulau Kalimantan dan Sulawesi di Indonesia serta masuk dalam wilayah tektonik kompleks di tepi lempeng Eurasia. Bagian utara selat Makassar yang berhubungan langsung dengan Laut Sulawesi merupakan bagian terdalam, yaitu mencapai 2500m."
wisata kuliner,Pasar Tengah,0.3847201,109.9597377,"Pasar Tengah, Hilir Kantor, Ngabang, Landak, Kalimantan Barat, Kalimantan, 79357, Indonesia",Kalimantan Barat,Landak,"Pasar Tengah, Landak, Kalimantan Barat",gambar_wisata/Pasar_Tengah,"Kalimantan Tengah (diakronimkan: Kalteng) adalah salah satu provinsi di Pulau Kalimantan, Indonesia. Ibu kota provinsi ini berada di Kota Palangka Raya."
wisata kuliner,Pasar Tenggarong,-0.4142333,116.9908324,"Pasar Seni, Jalan Pangeran Diponegoro, Panji, Kutai Kartanegara, Kalimantan Timur, Kalimantan, 75514, Indonesia",Kalimantan Timur,Kutai Kartanegara,"Pasar Tenggarong, Kutai Kartanegara, Kalimantan Timur",gambar_wisata/Pasar_Tenggarong,"Tenggarong Seberang merupakan sebuah kecamatan yang terletak di wilayah tengah Kabupaten Kutai Kartanegara, Kalimantan Timur, Indonesia. Posisi kecamatan terletak antara ibu kota Kabupaten Kutai Kartanegara, Tenggarong, dengan ibu kota Provinsi Kalimantan Timur, Samarinda."
wisata kuliner,Pasar Triwindu,-7.5691924,110.8225741,"Pasar Triwindu, Jalan Diponegoro, Kemlayan, Surakarta, Kecamatan Serengan, Jawa Tengah, Jawa, 57131, Indonesia",Jawa Tengah,Surakarta,"Pasar Triwindu, Surakarta, Jawa Tengah",gambar_wisata/Pasar_Triwindu,"Pasar Triwindu Ngarsopuro (bahasa Jawa:  , translit. Pasar Triwindhu Ngarsapura) adalah pasar barang-barang antik, tiruannya, serta onderdil khusus (klithikan) yang berada di Kota Surakarta."
wisata kuliner,Pasar Wakatobi,-5.7265845,123.8993053,"Pasar Waha, Jalan Raya, Waha, Wakatobi, Sulawesi Tenggara, Sulawesi, Indonesia",Sulawesi Tenggara,Wakatobi,"Pasar Wakatobi, Wakatobi, Sulawesi Tenggara",gambar_wisata/Pasar_Wakatobi,"Tomia adalah sebuah kecamatan di Kabupaten Wakatobi, Sulawesi Tenggara, Indonesia.
Sejak menjadi daerah otonom dan berpisah dari Kabupaten Buton, Wakatobi terus berbenah dan mempercantik diri dengan pembangunan berbasis kemasyarakatan."
wisata kuliner,Pecenongan Jakarta,-6.1677221,106.8282105,"Pecenongan, Jalan Insinyur Haji Juanda, RW 04, Kebon Kelapa, Gambir, Jakarta Pusat, Daerah Khusus ibukota Jakarta, Jawa, 10120, Indonesia",,Daerah Khusus ibukota Jakarta,"Pecenongan Jakarta, Daerah Khusus ibukota Jakarta, nan",gambar_wisata/Pecenongan_Jakarta,Deskripsi tidak ditemukan
wisata kuliner,Pempek Candy Palembang,-2.986352,104.7440276,"Pempek Candy, Kapten A. Rivai, Bukit Kecil, Palembang, Sumatera Selatan, Sumatera, 30135, Indonesia",Sumatera Selatan,Palembang,"Pempek Candy Palembang, Palembang, Sumatera Selatan",gambar_wisata/Pempek_Candy_Palembang,Deskripsi tidak ditemukan
wisata kuliner,Rujak Cingur Genteng Surabaya,-7.2554948,112.740236,"Rujak Cingur Ahmad Jais, No.40, Jalan Achmad Jais, RW 02, Peneleh, Genteng, Surabaya, Jawa Timur, Jawa, 60274, Indonesia",Jawa Timur,Surabaya,"Rujak Cingur Genteng Surabaya, Surabaya, Jawa Timur",gambar_wisata/Rujak_Cingur_Genteng_Surabaya,"Kota Surabaya (bahasa Jawa: Hanacaraka:  , Pegon:    , translit. Kuth  Sur b y ; pengucapan bahasa Jawa: [ku  sur b j ]; pelafalan dalam bahasa Indonesia: [sura baja] ) adalah ibu kota Provinsi Jawa Timur yang menjadi pusat pemerintahan dan perekonomian sekaligus kota terbesar di provinsi tersebut."
wisata kuliner,Sate Klatak Pak Pong,-7.8680486,110.3905995,"Sate Klatak pak Pong, Jalan Imogiri Timur, Wonokromo, Pleret, Bantul, Daerah Istimewa Yogyakarta, Jawa, 55791, Indonesia",Daerah Istimewa Yogyakarta,Bantul,"Sate Klatak Pak Pong, Bantul, Daerah Istimewa Yogyakarta",gambar_wisata/Sate_Klatak_Pak_Pong,Deskripsi tidak ditemukan
wisata kuliner,Sate Maranggi Cibungur,-6.4717694,107.4804409,"Sate Maranggi Cibungur, Jalan Raya Ciwangi, Cibungur, Purwakarta, Jawa Barat, Jawa, 41181, Indonesia",Jawa Barat,Purwakarta,"Sate Maranggi Cibungur, Purwakarta, Jawa Barat",gambar_wisata/Sate_Maranggi_Cibungur,"Kabupaten Purwakarta (bahasa Sunda:  ) adalah sebuah wilayah kabupaten yang terletak di Provinsi Jawa Barat, Indonesia. Ibu kota kabupaten ini berada di Kecamatan Purwakarta Kota."
wisata kuliner,Sate Padang Ajo Ramon Jakarta,-6.241668,106.8104485,"Sate Padang Ajo Ramon, Jalan Cikajang, RW 05, Petogogan, Kebayoran Baru, Jakarta Selatan, Daerah Khusus ibukota Jakarta, Jawa, 12170, Indonesia",,Daerah Khusus ibukota Jakarta,"Sate Padang Ajo Ramon Jakarta, Daerah Khusus ibukota Jakarta, nan",gambar_wisata/Sate_Padang_Ajo_Ramon_Jakarta,Deskripsi tidak ditemukan
wisata kuliner,Saung Angklung Udjo,-6.8982695,107.6552971,"Saung Angklung Udjo, Jalan Padasuka, Pasirlayung, Cibeunying Kidul, Kota Bandung, Jawa Barat, Jawa, 40282, Indonesia",Jawa Barat,Kota Bandung,"Saung Angklung Udjo, Kota Bandung, Jawa Barat",gambar_wisata/Saung_Angklung_Udjo,"Kota Bandung (bahasa Sunda:    , Pegon:  , Hanzi:  , translit. Bandung; pelafalan dalam bahasa Indonesia: [ban.du ] ) adalah sebuah kota sekaligus menjadi ibu kota provinsi di Provinsi Jawa Barat, Indonesia."
wisata kuliner,Soto Kadipiro Yogyakarta,-7.8006662,110.3462144,"Warung Soto Kadipiro, 33, Jalan Wates, Ngestiharjo, Kasihan, Bantul, Daerah Istimewa Yogyakarta, Jawa, 55182, Indonesia",Daerah Istimewa Yogyakarta,Bantul,"Soto Kadipiro Yogyakarta, Bantul, Daerah Istimewa Yogyakarta",gambar_wisata/Soto_Kadipiro_Yogyakarta,Deskripsi tidak ditemukan
wisata kuliner,Soto Lamongan Cak Har Surabaya,-7.295653,112.7812929,"Soto Ayam Lamongan Cak Har, No.220, Jalan Klampis Harapan X, RW 08, Klampis Ngasem, Sukolilo, Surabaya, Jawa Timur, Jawa, 60119, Indonesia",Jawa Timur,Surabaya,"Soto Lamongan Cak Har Surabaya, Surabaya, Jawa Timur",gambar_wisata/Soto_Lamongan_Cak_Har_Surabaya,"Sukolilo (bahasa Jawa:  , translit. Suka Lila, [suk  lil ]) adalah sebuah kecamatan di timur Kota Surabaya, Jawa Timur."
wisata kuliner,Sudirman Street Bandung,-6.9210257,107.6005987,"Jalan Sudirman, Karanganyar, Astanaanyar, Kota Bandung, Jawa Barat, Jawa, 40181, Indonesia",Jawa Barat,Kota Bandung,"Sudirman Street Bandung, Kota Bandung, Jawa Barat",gambar_wisata/Sudirman_Street_Bandung,"Cijerah adalah salah satu kelurahan di Kecamatan Bandung Kulon, Kota Bandung, Jawa Barat, Indonesia. Terletak di ujung barat Kota Bandung berbatasan dengan Kota Cimahi"
wisata lampion,Mahakam Lampion Garden Samarinda,-0.5063239,117.1196173,"Mahakam Lampion Garden, Jalan Slamet Riyadi, Karang Asam Ilir, Sungai Kunjang, Samarinda, Kalimantan Timur, Kalimantan, 75126, Indonesia",Kalimantan Timur,Samarinda,"Mahakam Lampion Garden Samarinda, Samarinda, Kalimantan Timur",gambar_wisata/Mahakam_Lampion_Garden_Samarinda,Deskripsi tidak ditemukan
wisata lampion,Taman Pelangi Yogyakarta,-7.7502983,110.3694758,"Taman Pelangi Jogja - Taman Lampion, Jalan Ring Road Utara, Sinduadi, Mlati, Sleman, Daerah Istimewa Yogyakarta, Jawa, 55284, Indonesia",Daerah Istimewa Yogyakarta,Sleman,"Taman Pelangi Yogyakarta, Sleman, Daerah Istimewa Yogyakarta",gambar_wisata/Taman_Pelangi_Yogyakarta,"Indonesia, dengan nama resmi Republik Indonesia, adalah sebuah negara kepulauan di Asia Tenggara yang dilintasi garis khatulistiwa dan berada di antara daratan benua Asia dan Oseania sehingga dikenal sebagai negara lintas benua, serta antara Samudra Pasifik dan Samudra Hindia. 
Indonesia merupakan negara terluas ke-14 sekaligus negara kepulauan terbesar di dunia dengan luas wilayah sebesar 1.904.569 km , serta negara dengan pulau terbanyak ke-6 di dunia, dengan jumlah 17.504 pulau."
wisata religi,Candi Borobudur,-7.6079583,110.2038245,"Borobudur, jalur, Borobudur, Magelang, Jawa Tengah, Jawa, 56553, Indonesia",Jawa Tengah,Magelang,"Candi Borobudur, Magelang, Jawa Tengah",gambar_wisata/Candi_Borobudur,"Borobudur (bahasa Jawa:  , translit. Barabudhur) adalah sebuah kecamatan di Kabupaten Magelang, Jawa Tengah, Indonesia."
wisata religi,Gereja HKBP Medan,3.5393577,98.6980359,"Gereja HKBP, Jalan Gereja, Harjosari, Medan Amplas, Kota Medan ᯔᯩᯑᯉ᯲, Sumatera Utara, Sumatera, 20147, Indonesia",Sumatera Utara,Kota Medan ,"Gereja HKBP Medan, Kota Medan ᯔᯩᯑᯉ᯲, Sumatera Utara",gambar_wisata/Gereja_HKBP_Medan,"Kota Medan (Abjad Jawi:  ; Surat Batak:  ; Aksara Han:  ; Aksara Tamil:  ) adalah ibu kota Provinsi Sumatera Utara, Indonesia. Kota ini merupakan kota terbesar keempat di Indonesia setelah DKI Jakarta, Surabaya, dan Bandung serta kota terbesar di luar Pulau Jawa, sekaligus kota terbesar di Pulau Sumatra."
wisata religi,Gereja Katedral Bogor,-6.5968873,106.7931829,"Gereja Beatae Mariae Virginis (BMV) Katedral Bogor, 22, Jalan Kapten Muslihat, Bogor Tengah, Bogor, Jawa Barat, Jawa, 16122, Indonesia",Jawa Barat,Bogor,"Gereja Katedral Bogor, Bogor, Jawa Barat",gambar_wisata/Gereja_Katedral_Bogor,"Kota Bogor (bahasa Sunda:  , bahasa Belanda: Buitenzorg) adalah sebuah kota yang terletak di Provinsi Jawa Barat, Indonesia. Kota Bogor terletak sekitar 51 km arah selatan dari Provinsi DKI Jakarta dan 120 km arah tenggara dari Kota Bandung, serta merupakan enklave dari Kabupaten Bogor."
wisata religi,Gereja Katedral Jakarta,-6.1692046,106.8332373,"Katedral Jakarta, Jalan Lapangan Banteng Utara, RW 08, Pasar Baru, Sawah Besar, Jakarta Pusat, Daerah Khusus ibukota Jakarta, Jawa, 10120, Indonesia",,Daerah Khusus ibukota Jakarta,"Gereja Katedral Jakarta, Daerah Khusus ibukota Jakarta, nan",gambar_wisata/Gereja_Katedral_Jakarta,"Australia, dengan nama resmi Persemakmuran Australia (bahasa Inggris: Commonwealth of Australia), adalah sebuah negara di belahan Bumi selatan yang terdiri dari daratan utama benua Australia, Pulau Tasmania, dan berbagai pulau kecil di Samudra Hindia, dan Samudra Pasifik. Negara-negara yang bertetangga dengan Australia diantaranya adalah Indonesia, Timor Leste, dan Papua Nugini di utara; Kepulauan Solomon, Vanuatu, dan Kaledonia Baru di timur-laut; dan Selandia Baru di tenggara."
wisata religi,Gereja Santa Maria de Fatima Glodok,-6.1437969,106.8121133,"Gereja Katolik Santa Maria De Fatima, Jalan Kemenangan III, RW 02, Glodok, Taman Sari, Jakarta Barat, Daerah Khusus ibukota Jakarta, Jawa, 11120, Indonesia",,Daerah Khusus ibukota Jakarta,"Gereja Santa Maria de Fatima Glodok, Daerah Khusus ibukota Jakarta, nan",gambar_wisata/Gereja_Santa_Maria_de_Fatima_Glodok,Deskripsi tidak ditemukan
wisata religi,Gereja Santa Perawan Maria Surabaya,-7.2420553,112.7369704,"Gereja Santa Perawan Maria, Jalan Kepanjen, RW 08, Krembangan Selatan, Krembangan, Surabaya, Jawa Timur, Jawa, 60161, Indonesia",Jawa Timur,Surabaya,"Gereja Santa Perawan Maria Surabaya, Surabaya, Jawa Timur",gambar_wisata/Gereja_Santa_Perawan_Maria_Surabaya,"Gereja Kelahiran Santa Perawan Maria adalah sebuah gereja paroki Katolik dan merupakan salah satu gereja tertua yang terletak di kota Surabaya, Jawa Timur, Indonesia. Berlokasi di Jalan Kepanjen, Surabaya, bangunan religius ini berdampingan dengan gedung SMA Katolik Frateran Surabaya."
wisata religi,Gereja Santa Theresia Jakarta,-6.1889243,106.8254861,"Gereja Santa Theresia, Jalan Gereja Theresia, RW 04, Gondangdia, Menteng, Jakarta Pusat, Daerah Khusus ibukota Jakarta, Jawa, 10350, Indonesia",,Daerah Khusus ibukota Jakarta,"Gereja Santa Theresia Jakarta, Daerah Khusus ibukota Jakarta, nan",gambar_wisata/Gereja_Santa_Theresia_Jakarta,Deskripsi tidak ditemukan
wisata religi,Makam Sunan Ampel Surabaya,-7.2299754,112.7422732,"Makam Sunan Ampel, Jalan Ampel Masjid, Masjid Agung Ampel, Ampel, Semampir, Surabaya, Jawa Timur, Jawa, 60151, Indonesia",Jawa Timur,Surabaya,"Makam Sunan Ampel Surabaya, Surabaya, Jawa Timur",gambar_wisata/Makam_Sunan_Ampel_Surabaya,Ali Rahmatullah atau yang dikenal dengan Sunan Ampel adalah seorang wali yang menyebarkan ajaran Islam di Tanah Jawa. Ia lahir pada tahun 1401 di daerah Champa.
wisata religi,Makam Sunan Bonang Tuban,-6.8945426,112.0633171,"Makam Sunan Bonang, Kutorejo Gang VIII, RT.03, RW.01, Kutorejo, Tuban, Jawa Timur, Jawa, 62313, Indonesia",Jawa Timur,Tuban,"Makam Sunan Bonang Tuban, Tuban, Jawa Timur",gambar_wisata/Makam_Sunan_Bonang_Tuban,"Kabupaten Tuban (bahasa Jawa: Hanacaraka:   Pegon:  ; pengucapan bahasa Jawa: [ t uban]), adalah sebuah wilayah kabupaten yang terletak di Provinsi Jawa Timur, Indonesia. Ibu kotanya adalah Kecamatan Tuban."
wisata religi,Makam Sunan Giri Gresik,-7.1688945,112.6310331,"Makam Sunan Giri, Kebomas, Gresik, Jawa Timur, Jawa, Indonesia",Jawa Timur,Gresik,"Makam Sunan Giri Gresik, Gresik, Jawa Timur",gambar_wisata/Makam_Sunan_Giri_Gresik,Sunan Gresik atau Maulana Malik Ibrahim (w. 1419 M/822 H) Sebagian rakyat malah menyebutnya Kakek Bantal adalah Pemimpin Walisongo generasi pertama dalam menyebarkan agama Islam di Tanah Jawa.
wisata religi,Makam Sunan Gunung Jati Cirebon,-6.6711938,108.5400589,"Makam Sunan Gunung Jati, Kalisapu, Kabupaten Cirebon, Jawa Barat, Jawa, Indonesia",Jawa Barat,Kabupaten Cirebon,"Makam Sunan Gunung Jati Cirebon, Kabupaten Cirebon, Jawa Barat",gambar_wisata/Makam_Sunan_Gunung_Jati_Cirebon,"Kabupaten Cirebon adalah kabupaten yang berada di bagian timur laut Provinsi Jawa Barat, Indonesia. Ibu kota kabupaten ini terletak di Kecamatan Sumber."
wisata religi,Masjid 99 Kubah Makassar,-5.1437762,119.4040219,"Masjid 99 Kubah Asmaul-Husna, Jalan Penghibur, Maloku, Ujung Pandang, Makassar, Sulawesi Selatan, Sulawesi, 90171, Indonesia",Sulawesi Selatan,Makassar,"Masjid 99 Kubah Makassar, Makassar, Sulawesi Selatan",gambar_wisata/Masjid_99_Kubah_Makassar,"Masjid 99 Kubah (bahasa Arab:      ) atau yang lebih dikenal dengan Masjid Asmaulhusna (bahasa Arab:      ) adalah sebuah masjid bersejarah yang berada di Kota Makassar, Provinsi Sulawesi Selatan, Indonesia. Masjid ini dibangun pada tahun 2017 dan diresmikan pada tahun 2023."
wisata religi,Masjid Agung Demak,-6.8947303,110.6374327,"Masjid Agung Demak, Jalan Sultan Fattah, Kauman, Demak, Jawa Tengah, Jawa, 59517, Indonesia",Jawa Tengah,Demak,"Masjid Agung Demak, Demak, Jawa Tengah",gambar_wisata/Masjid_Agung_Demak,"Masjid Agung Demak (abjad Pegon:      ) adalah salah satu kompleks masjid tertua yang berada di Kabupaten Demak, Provinsi Jawa Tengah, Indonesia. Masjid ini diyakini dibangun oleh Wali Sanga penyebar agama Islam di Pulau Jawa dengan sosok yang paling menonjol Sunan Kalijaga, pada masa penguasa Kesultanan Demak pertama, Raden Patah pada abad ke-15."
wisata religi,Masjid Agung Gorontalo,0.5379076,123.0603093,"Masjid Agung Baiturrahim, Jalan Nani Wartabone, Gorontalo, Sulawesi, 96114, Indonesia",Gorontalo,Gorontalo,"Masjid Agung Gorontalo, Gorontalo, Gorontalo",gambar_wisata/Masjid_Agung_Gorontalo,"Kota Gorontalo (Jawi Melayu:    )(Silita Hulontalo: Kota Hulontalo) merupakan ibu kota Provinsi Gorontalo, Indonesia sekaligus menjadi kota Kawasan Teluk Tomini di Semenanjung Utara Pulau Sulawesi.
Kota Gorontalo merupakan kota terbesar dan terpadat penduduknya di wilayah Teluk Tomini (Teluk Gorontalo), sehingga menjadikan Kota Gorontalo sebagai pusat ekonomi, jasa dan perdagangan, pendidikan, hingga pusat penyebaran agama Islam di Kawasan Indonesia Timur."
wisata religi,Masjid Agung Jawa Tengah Semarang,-6.9836458,110.4455923,"Masjid Agung Jawa Tengah, Jalan Jolotundo Gang V, RW 02, Sambirejo, Gayamsari, Kota Semarang, Jawa Tengah, Jawa, 50162, Indonesia",Jawa Tengah,Kota Semarang,"Masjid Agung Jawa Tengah Semarang, Kota Semarang, Jawa Tengah",gambar_wisata/Masjid_Agung_Jawa_Tengah_Semarang,"Kota Semarang (bahasa Jawa: Hanacaraka:  , Pegon:  , Hanzi:  , translit. Semarang) adalah ibu kota provinsi Jawa Tengah, Indonesia."
wisata religi,Masjid Agung Surabaya,-7.229971,112.7428733,"Masjid Agung Sunan Ampel, 53, Jalan Ampel Masjid, Masjid Agung Ampel, Ampel, Semampir, Surabaya, Jawa Timur, Jawa, 60151, Indonesia",Jawa Timur,Surabaya,"Masjid Agung Surabaya, Surabaya, Jawa Timur",gambar_wisata/Masjid_Agung_Surabaya,"Kota Surabaya (bahasa Jawa: Hanacaraka:  , Pegon:    , translit. Kuth  Sur b y ; pengucapan bahasa Jawa: [ku  sur b j ]; pelafalan dalam bahasa Indonesia: [sura baja] ) adalah ibu kota Provinsi Jawa Timur yang menjadi pusat pemerintahan dan perekonomian sekaligus kota terbesar di provinsi tersebut."
wisata religi,Masjid Al-Akbar Surabaya,-7.2580747,112.6782978,"Masjid Al-Akbar, Jalan Balongsari Krajan I, RW 07, Balongsari, Tandes, Surabaya, Jawa Timur, Jawa, 60184, Indonesia",Jawa Timur,Surabaya,"Masjid Al-Akbar Surabaya, Surabaya, Jawa Timur",gambar_wisata/Masjid_Al-Akbar_Surabaya,"Masjid Nasional Al-Akbar Surabaya, juga dikenal sebagai Masjid Al-Akbar (bahasa Arab:    ; bahasa Jawa:  ), atau Masjid  Agung Al Akbar Surabaya (bahasa Arab:          ) adalah sebuah masjid nasional yang berada di kota Surabaya, Provinsi Jawa Timur, Indonesia. Ini adalah masjid terbesar kedua di Indonesia setelah Masjid Istiqlal di Jakarta dalam hal kapasitas maksimum."
wisata religi,Masjid Al-Markaz,-4.0104037,119.6314252,"Masjid Al Markaz, Jalan Jenderal Ahmad Yani, Soreang, Parepare, Sulawesi Selatan, Sulawesi, 91113, Indonesia",Sulawesi Selatan,Parepare,"Masjid Al-Markaz, Parepare, Sulawesi Selatan",gambar_wisata/Masjid_Al-Markaz,
wisata religi,Masjid Cheng Hoo Surabaya,-7.2519525,112.7467958,"Masjid Muhammad Cheng Hoo Surabaya, Jalan Gading, RW 11, Ketabang, Genteng, Surabaya, Jawa Timur, Jawa, 60161, Indonesia",Jawa Timur,Surabaya,"Masjid Cheng Hoo Surabaya, Surabaya, Jawa Timur",gambar_wisata/Masjid_Cheng_Hoo_Surabaya,"Masjid Raya Cheng Ho Surabaya adalah sebuah Masjid bernuansa Muslim Tionghoa yang berlokasi di Jalan Gading, Ketabang, Kec. Genteng, Surabaya atau 1.000 m utara Gedung Balai Kota Surabaya."
wisata religi,Masjid Istiqlal,-6.1702779,106.8310435,"Masjid Istiqlal, Jalan KH Hasyim Asyari, RW 08, Pasar Baru, Sawah Besar, Jakarta Pusat, Daerah Khusus ibukota Jakarta, Jawa, 10110, Indonesia",,Daerah Khusus ibukota Jakarta,"Masjid Istiqlal, Daerah Khusus ibukota Jakarta, nan",gambar_wisata/Masjid_Istiqlal,"Pembangunan masjid di Indonesia telah didokumentasikan sejak berdirinya kesultanan Islam pertama yaitu Kesultanan Samudera Pasai. Kemudian Islam adalah agama terbesar di Indonesia, dengan 86,7% penduduk Indonesia mengidentifikasi diri mereka sebagai Muslim dalam survei tahun 2018."
wisata religi,Masjid Istiqlal Jakarta,-6.1702779,106.8310435,"Masjid Istiqlal, Jalan KH Hasyim Asyari, RW 08, Pasar Baru, Sawah Besar, Jakarta Pusat, Daerah Khusus ibukota Jakarta, Jawa, 10110, Indonesia",,Daerah Khusus ibukota Jakarta,"Masjid Istiqlal Jakarta, Daerah Khusus ibukota Jakarta, nan",gambar_wisata/Masjid_Istiqlal_Jakarta,"Pembangunan masjid di Indonesia telah didokumentasikan sejak berdirinya kesultanan Islam pertama yaitu Kesultanan Samudera Pasai. Kemudian Islam adalah agama terbesar di Indonesia, dengan 86,7% penduduk Indonesia mengidentifikasi diri mereka sebagai Muslim dalam survei tahun 2018."
wisata religi,Masjid Raya Baiturrahman Aceh,5.553631,95.3171926,"Masjid Raya Baiturrahman, Jalan Mohammad Jam, Kampung Baru, Baiturrahman, Banda Aceh, Aceh, Sumatera, 23241, Indonesia",Aceh,Banda Aceh,"Masjid Raya Baiturrahman Aceh, Banda Aceh, Aceh",gambar_wisata/Masjid_Raya_Baiturrahman_Aceh,"Aceh adalah sebuah provinsi di Pulau Sumatra, Indonesia. Ibu kota provinsi ini berada di Kota Banda Aceh."
wisata religi,Masjid Raya Bandung,-6.9218735,107.6062926,"Masjid Raya Bandung, 1, Jalan Dalem Kaum, Balonggede, Regol, Kota Bandung, Jawa Barat, Jawa, 40251, Indonesia",Jawa Barat,Kota Bandung,"Masjid Raya Bandung, Kota Bandung, Jawa Barat",gambar_wisata/Masjid_Raya_Bandung,"Kota Bandung (bahasa Sunda:    , Pegon:  , Hanzi:  , translit. Bandung; pelafalan dalam bahasa Indonesia: [ban.du ] ) adalah sebuah kota sekaligus menjadi ibu kota provinsi di Provinsi Jawa Barat, Indonesia."
wisata religi,Masjid Raya Makassar,-5.1305647,119.4197043,"Masjid Raya Makassar, Jalan Gunung Bulusaraung, Bontoala, Makassar, Sulawesi Selatan, Sulawesi, 90153, Indonesia",Sulawesi Selatan,Makassar,"Masjid Raya Makassar, Makassar, Sulawesi Selatan",gambar_wisata/Masjid_Raya_Makassar,"Kota Makassar (Lontara Makassar:    , transliterasi: Kota Mangkasara'), sebelumnya bernama Ujung Pandang (nama benteng suku makassar), adalah ibu kota provinsi Sulawesi Selatan, Indonesia. 
Sebelumnya, kota yang sejak 1971 hingga 1999 dikenal secara resmi sebagai Ujung Pandang ini merupakan kota terbesar di wilayah Indonesia Timur dan pusat kota terbesar ketujuh di Indonesia dari jumlah penduduk setelah Jakarta, Surabaya, Medan, Bandung, Semarang, dan Palembang."
wisata religi,Pura Agung Blambangan,-8.4316781,114.3200224,"Pura Agung Blambangan, Jalan Ngurah Rai, Tembokrejo, Banyuwangi, Jawa Timur, Jawa, 68471, Indonesia",Jawa Timur,Banyuwangi,"Pura Agung Blambangan, Banyuwangi, Jawa Timur",gambar_wisata/Pura_Agung_Blambangan,"Banyuwangi (atau juga dikenal: Banyuwangi Kota) adalah sebuah kecamatan sekaligus menjadi ibu kota kabupaten di Kabupaten Banyuwangi, Provinsi Jawa Timur, Indonesia. Posisinya sebagai ibu kota kabupaten telah menjadikan banyaknya gedung-gedung pemerintahan kabupaten, cabang-cabang perusahaan, dan pusat keramaian yang berdiri di wilayah kecamatan ini."
wisata religi,Pura Batu Bolong,-8.5103707,116.0564929,"Pura Batu Bolong, Jalan Raya Meninting, Dusun Duduk, Dusun Batu Layar, Desa Batu Layar Barat, Lombok Barat, Nusa Tenggara Barat, Nusa Tenggara, 83355, Indonesia",Nusa Tenggara Barat,Lombok Barat,"Pura Batu Bolong, Lombok Barat, Nusa Tenggara Barat",gambar_wisata/Pura_Batu_Bolong,Nusa Tenggara Barat (disingkat NTB) ialah sebuah provinsi di Indonesia yang berada di bagian tengah Kepulauan Nusa Tenggara di antara provinsi Bali di sebelah barat dan provinsi Nusa Tenggara Timur di sebelah Timur. Pusat pemerintahan dan ibu kota provinsi ini berada di Kota Mataram.
wisata religi,Pura Besakih,-8.3753612,115.4507063,"Pura Besakih, Trail Besakih - Gunung Agung, Kecamatan Rendang, Besakih, Kecamatan Rendang, Karangasem, Bali, Nusa Tenggara, Indonesia",Bali,Karangasem,"Pura Besakih, Karangasem, Bali",gambar_wisata/Pura_Besakih,"Pura Agung Besakih (aksara Bali:  ) adalah sebuah Pura yang terletak di Kabupaten Karangasem, Bali. Besakih merupakan pura terbesar di Bali dan menjadi pura terpenting dan paling suci bagi umat Hindu Bali."
wisata religi,Pura Besakih Bali,-8.3753612,115.4507063,"Pura Besakih, Trail Besakih - Gunung Agung, Kecamatan Rendang, Besakih, Kecamatan Rendang, Karangasem, Bali, Nusa Tenggara, Indonesia",Bali,Karangasem,"Pura Besakih Bali, Karangasem, Bali",gambar_wisata/Pura_Besakih_Bali,"Bali adalah sebuah provinsi di Indonesia yang terletak pada bagian barat Kepulauan Nusa Tenggara dan beribu kota di Kota Denpasar. Pulau Bali, yang merupakan pulau terbesar di Provinsi Bali, memiliki beberapa julukan, di antaranya Pulau Dewata dan Pulau Seribu Pura."
wisata religi,Pura Goa Lawah Bali,-8.5515251,115.4689715,"Pura Goa Lawah, Jalan Wibisana, Pesinggahan, Klungkung, Bali, Nusa Tenggara, 80711, Indonesia",Bali,Klungkung,"Pura Goa Lawah Bali, Klungkung, Bali",gambar_wisata/Pura_Goa_Lawah_Bali,"Pura Goa Lawah merupakan sebuah pura yang terletak di Desa Pasinggahan, Kecamatan Dawan, Kabupaten Klungkung, Bali, yang berjarak sekitar 40 km dari ibu kota Bali, Denpasar. Pura Goa Lawah dikenal masyarakat karena adanya sebuah gua pada bagian utama pura ini, yang didalamnya terdapat sekumpulan kelelawar."
wisata religi,Pura Lempuyang Bali,-8.3937352,115.6399616,"Pura Lempuyang, Temple Path Steps, Kecamatan Abang, Sega, Kecamatan Abang, Karangasem, Bali, Nusa Tenggara, Indonesia",Bali,Karangasem,"Pura Lempuyang Bali, Karangasem, Bali",gambar_wisata/Pura_Lempuyang_Bali,Deskripsi tidak ditemukan
wisata religi,Pura Lingsar,-8.5758092,116.1801374,"Pura Lingsar, Jalan Gora 2, Peteluan Indah, Lombok Barat, Nusa Tenggara Barat, Nusa Tenggara, 83371, Indonesia",Nusa Tenggara Barat,Lombok Barat,"Pura Lingsar, Lombok Barat, Nusa Tenggara Barat",gambar_wisata/Pura_Lingsar,"Lingsar adalah sebuah kecamatan di kabupaten Lombok Barat, Nusa Tenggara Barat, Indonesia."
wisata religi,Pura Luhur Uluwatu Bali,-8.8293694,115.0843428,"Pura Luhur Uluwatu, Jalan Labuan Sait- Pecatu, Uluwatu, Pecatu, Kuta Selatan, Badung, Bali, Nusa Tenggara, 80361, Indonesia",Bali,Badung,"Pura Luhur Uluwatu Bali, Badung, Bali",gambar_wisata/Pura_Luhur_Uluwatu_Bali,"Pura Luhur Uluwatu atau Pura Uluwatu merupakan pura yang berada di wilayah Desa Adat Pecatu, Kecamatan Kuta Selatan, Kabupaten Badung.
Pura yang terletak di ujung barat daya pulau Bali di atas anjungan batu karang yang terjal dan tinggi serta menjorok ke laut ini merupakan Pura Sad Kayangan yang dipercaya oleh orang Hindu sebagai penyangga dari 9 mata angin."
wisata religi,Pura Mangkunegaran,-7.566167,110.8230626,"Pura Mangkunegaran, Jalan R.M. Said, Ketelan, Surakarta, Jawa Tengah, Jawa, 57131, Indonesia",Jawa Tengah,Surakarta,"Pura Mangkunegaran, Surakarta, Jawa Tengah",gambar_wisata/Pura_Mangkunegaran,"Kota Surakarta (bahasa Jawa: Hanacaraka:  , Pegon:  , Hanzi:  , pengucapan bahasa Jawa: [sur kart ]) atau Solo (bahasa Jawa:  , translit. Sala, pengucapan bahasa Jawa: [s l ]) adalah salah satu kota di provinsi Jawa Tengah, Indonesia, dengan luas 44,04 km2."
wisata religi,Pura Meru,-8.5877519,116.1319632,"Pura Meru, Lingk. Klodan, Kel. Cakranegara Timur, Cakranegara Utara, Mataram, Kec. Cakranegara, Nusa Tenggara Barat, Nusa Tenggara, Indonesia",Nusa Tenggara Barat,Mataram,"Pura Meru, Mataram, Nusa Tenggara Barat",gambar_wisata/Pura_Meru,Deskripsi tidak ditemukan
wisata religi,Pura Taman Ayun,-8.5418493,115.1724926,"Pura Taman Ayun, 10, Gang Nuri VI, Gulingan, Badung, Bali, Nusa Tenggara, 80351, Indonesia",Bali,Badung,"Pura Taman Ayun, Badung, Bali",gambar_wisata/Pura_Taman_Ayun,"Pura Taman Ayun merupakan Pura Paibon/Pedarman Raja Mengwi untuk memuja roh leluhur dari raja-raja yang diwujudkan dengan dibangunnya sebuah gedong Paibon, serta dibangun pula meru-meru untuk pemujaan dan persembahyangan kepada para Dewa bagi masyarakat kerajaan Mengwi dalam memohon kesejahteraan. Pura Taman Ayun berlokasi di Kecamatan Mengwi, Badung, Bali, Indonesia."
wisata religi,Pura Taman Ayun Bali,-8.5418493,115.1724926,"Pura Taman Ayun, 10, Gang Nuri VI, Gulingan, Badung, Bali, Nusa Tenggara, 80351, Indonesia",Bali,Badung,"Pura Taman Ayun Bali, Badung, Bali",gambar_wisata/Pura_Taman_Ayun_Bali,"Pura Taman Ayun merupakan Pura Paibon/Pedarman Raja Mengwi untuk memuja roh leluhur dari raja-raja yang diwujudkan dengan dibangunnya sebuah gedong Paibon, serta dibangun pula meru-meru untuk pemujaan dan persembahyangan kepada para Dewa bagi masyarakat kerajaan Mengwi dalam memohon kesejahteraan. Pura Taman Ayun berlokasi di Kecamatan Mengwi, Badung, Bali, Indonesia."
wisata religi,Pura Tanah Lot,-8.6212249,115.0868804,"Tanah Lot, Jalan Enjung Pura, Beraban, Tabanan, Bali, Nusa Tenggara, 82121, Indonesia",Bali,Tabanan,"Pura Tanah Lot, Tabanan, Bali",gambar_wisata/Pura_Tanah_Lot,"Pura Tanah Lot (aksara Bali:  ) adalah salah satu Pura (Tempat Ibadah Umat Hindu) yang sangat disucikan di Bali, Indonesia. Nama Tanah Lot berasal dari kata ""tanah"" yang artinya tanah atau pulau dan ""lot"" atau lod yang artinya laut."
wisata religi,Pura Tanah Lot Bali,-8.6212249,115.0868804,"Tanah Lot, Jalan Enjung Pura, Beraban, Tabanan, Bali, Nusa Tenggara, 82121, Indonesia",Bali,Tabanan,"Pura Tanah Lot Bali, Tabanan, Bali",gambar_wisata/Pura_Tanah_Lot_Bali,"Bali adalah sebuah provinsi di Indonesia yang terletak pada bagian barat Kepulauan Nusa Tenggara dan beribu kota di Kota Denpasar. Pulau Bali, yang merupakan pulau terbesar di Provinsi Bali, memiliki beberapa julukan, di antaranya Pulau Dewata dan Pulau Seribu Pura."
wisata religi,Pura Tirta Empul Bali,-8.4143644,115.3162086,"Pura Tirta Empul, Jalan Mawar, Manukaya, Gianyar, Bali, Nusa Tenggara, 80661, Indonesia",Bali,Gianyar,"Pura Tirta Empul Bali, Gianyar, Bali",gambar_wisata/Pura_Tirta_Empul_Bali,"Pura Tirta Empul (aksara Bali:  ) adalah pura Hindu di tengah pulau Bali, Indonesia, tepatnya di Desa Manukaya, Kecamatan Tampaksiring, Kabupaten Gianyar, yang terkenal dengan air sucinya di mana orang Hindu Bali mencari penyucian."
wisata religi,Pura Ulun Danu Beratan,-8.2755069,115.16626,"Pura Ulun Danu Beratan, Jalan Perean Tengah, Luwus, Bedugul, Tabanan, Bali, Nusa Tenggara, 81162, Indonesia",Bali,Tabanan,"Pura Ulun Danu Beratan, Tabanan, Bali",gambar_wisata/Pura_Ulun_Danu_Beratan,"Pura Ulun Danu Bratan (ejaan tidak baku: Pura Ulun Danu Beratan, bahasa Bali:        , translit. Pura Ulun Danu B ratan., disebut juga Bratan Pura)adalah sebuah pura dan candi air besar di Bali - candi utama air lainnya menjadi Pura Ulun Danu Batur."
wisata religi,Pura Ulun Danu Beratan Bali,-8.2755069,115.16626,"Pura Ulun Danu Beratan, Jalan Perean Tengah, Luwus, Bedugul, Tabanan, Bali, Nusa Tenggara, 81162, Indonesia",Bali,Tabanan,"Pura Ulun Danu Beratan Bali, Tabanan, Bali",gambar_wisata/Pura_Ulun_Danu_Beratan_Bali,"Pura Ulun Danu Bratan (ejaan tidak baku: Pura Ulun Danu Beratan, bahasa Bali:        , translit. Pura Ulun Danu B ratan., disebut juga Bratan Pura)adalah sebuah pura dan candi air besar di Bali - candi utama air lainnya menjadi Pura Ulun Danu Batur."
wisata religi,Pura Uluwatu,-8.8293694,115.0843428,"Pura Luhur Uluwatu, Jalan Labuan Sait- Pecatu, Uluwatu, Pecatu, Kuta Selatan, Badung, Bali, Nusa Tenggara, 80361, Indonesia",Bali,Badung,"Pura Uluwatu, Badung, Bali",gambar_wisata/Pura_Uluwatu,Deskripsi tidak ditemukan
wisata religi,Vihara Avalokitesvara Banten,-6.030155,106.1492953,"Vihara Avalokitesvara, Jalan Masjid Agung Banten, Banten, Kasemen, Serang ᮞᮦᮛᮀ, Jawa, Indonesia",,Serang ,"Vihara Avalokitesvara Banten, Serang ᮞᮦᮛᮀ, nan",gambar_wisata/Vihara_Avalokitesvara_Banten,Deskripsi tidak ditemukan
wisata religi,Vihara Buddhagaya Watugong Semarang,-7.0864388,110.4095947,"Vihara Buddhagaya Watugong Semarang, Jalan Perintis Kemerdekaan, RW 09, Pudakpayung, Banyumanik, Kota Semarang, Jawa Tengah, Jawa, 50265, Indonesia",Jawa Tengah,Kota Semarang,"Vihara Buddhagaya Watugong Semarang, Kota Semarang, Jawa Tengah",gambar_wisata/Vihara_Buddhagaya_Watugong_Semarang,"Kota Semarang (bahasa Jawa: Hanacaraka:  , Pegon:  , Hanzi:  , translit. Semarang) adalah ibu kota provinsi Jawa Tengah, Indonesia."
wisata religi,Vihara Dhanagun Bogor,-6.6031623,106.7992338,"Vihara Dhanagun, Jalan Surya Kencana, Bogor Tengah, Bogor, Jawa Barat, Jawa, 16122, Indonesia",Jawa Barat,Bogor,"Vihara Dhanagun Bogor, Bogor, Jawa Barat",gambar_wisata/Vihara_Dhanagun_Bogor,"Vihara Mahacetya Dhanagun adalah sebuah wihara tempat peribadatan etnis Tionghoa bagi 3 aliran kepercayaan yaitu, Tao, Buddha dan Konghucu. Vihara Hok Tek Bio juga menjadi sebuah cagar budaya di kota Bogor."
wisata religi,Vihara Dharma Bhakti Jakarta,-6.144868,106.7805565,"Vihara Dharma Bhakti, Jalan Kusuma, RW 09, Wijaya Kusuma, Grogol Petamburan, Jakarta Barat, Daerah Khusus ibukota Jakarta, Jawa, 11330, Indonesia",,Daerah Khusus ibukota Jakarta,"Vihara Dharma Bhakti Jakarta, Daerah Khusus ibukota Jakarta, nan",gambar_wisata/Vihara_Dharma_Bhakti_Jakarta,"Aceh adalah sebuah provinsi di Pulau Sumatra, Indonesia. Ibu kota provinsi ini berada di Kota Banda Aceh."
wisata religi,Vihara Ekayana Arama Jakarta,-6.1777166,106.7784333,"Vihara Ekayana Arama, Jalan Mangga II, RW 08, Duri Kepa, Kebon Jeruk, Jakarta Barat, Daerah Khusus ibukota Jakarta, Jawa, 11430, Indonesia",,Daerah Khusus ibukota Jakarta,"Vihara Ekayana Arama Jakarta, Daerah Khusus ibukota Jakarta, nan",gambar_wisata/Vihara_Ekayana_Arama_Jakarta,Deskripsi tidak ditemukan
wisata tematik,Batu Love Garden,-7.8638662,112.5428658,"Batu Love Garden, Pandanrejo, Kota Batu, Lowokwaru, Jawa Timur, Jawa, 65332, Indonesia",Jawa Timur,Kota Batu,"Batu Love Garden, Kota Batu, Jawa Timur",gambar_wisata/Batu_Love_Garden,Artikel ini mengenai Pulau Batam. Lihat pula Kota Batam.
wisata tematik,Dago Dreampark Bandung,-6.8476037,107.6254233,"Dago Dreampark, Jalan Dago Giri, Mekarwangi, Bandung Barat, Jawa Barat, Jawa, 40139, Indonesia",Jawa Barat,Bandung Barat,"Dago Dreampark Bandung, Bandung Barat, Jawa Barat",gambar_wisata/Dago_Dreampark_Bandung,"Koridor 4 Metro Jabar Trans merupakan salah satu koridor Metro Jabar Trans yang melayani rute dari Leuwipanjang menuju Dago. Meskipun demikian, rute perjalanan saat ini tidak melalui Terminal Dago, melainkan berakhir di Halte UNPAD Dipatiukur."
wisata tematik,De Tjolomadoe Karanganyar,-7.5341451,110.7492451,"De Tjolomadoe, Jalan Adi Sucipto, Colomadu, Karanganyar, Jawa Tengah, Jawa, 57178, Indonesia",Jawa Tengah,Karanganyar,"De Tjolomadoe Karanganyar, Karanganyar, Jawa Tengah",gambar_wisata/De_Tjolomadoe_Karanganyar,"De Tjolomadoe adalah bekas pabrik gula yang terletak di Jalan Adi Sucipto No. 1 Malangjiwan, Colomadu, Karanganyar, Jawa Tengah, Indonesia."
wisata tematik,Dream Museum Zone Bali,-8.6995022,115.1767288,"DMZ Dream Museum Zone, 33X, Jalan Nakula, Pemecutan Kelod, Legian, Kuta, Badung, Bali, Nusa Tenggara, 80361, Indonesia",Bali,Badung,"Dream Museum Zone Bali, Badung, Bali",gambar_wisata/Dream_Museum_Zone_Bali,Deskripsi tidak ditemukan
wisata tematik,Dusun Bambu,-6.7899841,107.5786457,"Dusun Bambu, #KM 11, Jalan Kolonel Masturi, RW 14 KEL. CIHANJUANG RAHAYU KEC. PAROMPONG KAB. BANDUNG BARAT, Villa Istana Bunga, Karyawangi, Bandung Barat, Jawa Barat, Jawa, 40551, Indonesia",Jawa Barat,Bandung Barat,"Dusun Bambu, Bandung Barat, Jawa Barat",gambar_wisata/Dusun_Bambu,"Kabupaten Bandung Barat (bahasa Sunda:    , translit. Bandung Kulon) adalah kabupaten di Provinsi Jawa Barat, Indonesia."
wisata tematik,Dusun Semilir Semarang,-7.2375127,110.432898,"Dusun Semilir, 20, Ngancar, Bawen, Kabupaten Semarang, Jawa Tengah, Jawa, 13245, Indonesia",Jawa Tengah,Kabupaten Semarang,"Dusun Semilir Semarang, Kabupaten Semarang, Jawa Tengah",gambar_wisata/Dusun_Semilir_Semarang,Deskripsi tidak ditemukan
wisata tematik,Eco Green Park Batu,-7.8876615,112.5267665,"Eco Green Park, Oro-oro Ombo, Kota Batu, Klojen, Jawa Timur, Jawa, 65316, Indonesia",Jawa Timur,Kota Batu,"Eco Green Park Batu, Kota Batu, Jawa Timur",gambar_wisata/Eco_Green_Park_Batu,"Jawa Timur (atau juga diakronimkan sebagai Jatim) adalah sebuah wilayah provinsi yang terletak di bagian timur Pulau Jawa, Indonesia. Ibu kotanya adalah Kota Surabaya."
wisata tematik,HeHa Ocean View Gunung Kidul,-8.1044328,110.4604843,"HeHa Ocean View, Girikarto, Panggang, Kabupaten Gunungkidul ꦏꦧꦸꦥꦠꦺꦤ꧀ꦒꦸꦤꦸꦁꦏꦶꦢꦸꦭ꧀, Daerah Istimewa Yogyakarta, Jawa, Indonesia",Daerah Istimewa Yogyakarta,Kabupaten Gunungkidul ,"HeHa Ocean View Gunung Kidul, Kabupaten Gunungkidul ꦏꦧꦸꦥꦠꦺꦤ꧀ꦒꦸꦤꦸꦁꦏꦶꦢꦸꦭ꧀, Daerah Istimewa Yogyakarta",gambar_wisata/HeHa_Ocean_View_Gunung_Kidul,Deskripsi tidak ditemukan
wisata tematik,HeHa Sky View Yogyakarta,-7.8491296,110.4782259,"HeHa Sky View, 2, Patuk, Kabupaten Gunungkidul ꦏꦧꦸꦥꦠꦺꦤ꧀ꦒꦸꦤꦸꦁꦏꦶꦢꦸꦭ꧀, Daerah Istimewa Yogyakarta, Jawa, 55862, Indonesia",Daerah Istimewa Yogyakarta,Kabupaten Gunungkidul ,"HeHa Sky View Yogyakarta, Kabupaten Gunungkidul ꦏꦧꦸꦥꦠꦺꦤ꧀ꦒꦸꦤꦸꦁꦏꦶꦢꦸꦭ꧀, Daerah Istimewa Yogyakarta",gambar_wisata/HeHa_Sky_View_Yogyakarta,Deskripsi tidak ditemukan
wisata tematik,House of Sampoerna,-7.2309923,112.7341461,"House of Sampoerna, 6, Jalan Sampoerna, RW 01, Krembangan Utara, Pabean Cantian, Surabaya, Jawa Timur, Jawa, 60163, Indonesia",Jawa Timur,Surabaya,"House of Sampoerna, Surabaya, Jawa Timur",gambar_wisata/House_of_Sampoerna,"PT Hanjaya Mandala Sampoerna Tbk (terkenal dengan nama singkatan PT HM Sampoerna Tbk, pelafalan dalam bahasa Indonesia: [ha. m  sampu na]) adalah sebuah perusahaan rokok berdomisili dan membasiskan di Surabaya. Merupakan salah satu pemimpin pasar dan yang terbesar dalam industri rokok nasional, kantor pusatnya berada di Surabaya, Jawa Timur."
wisata tematik,Kampung Warna Warni Jodipan,-7.9831221,112.6378633,"Kampung Warna Warni Jodipan, Jalan Insinyur Haji Juanda, RW 02 Kel. Jodipan Kec. Blimbing Kota Malang, Sukoharjo, Kota Malang, Jawa Timur, Jawa, 65118, Indonesia",Jawa Timur,Kota Malang,"Kampung Warna Warni Jodipan, Kota Malang, Jawa Timur",gambar_wisata/Kampung_Warna_Warni_Jodipan,"Kota Malang (bahasa Jawa: Hanacaraka:  , Pegon:  ; pengucapan bahasa Jawa: [ mala ]) adalah sebuah kota yang terletak di Provinsi Jawa Timur, Indonesia, Kota ini merupakan kota terbesar kedua di Jawa Timur setelah Surabaya, dan kota terbesar ke-12 di Indonesia. Kota ini didirikan pada masa Pemerintahan Belanda pada 1 April 1914 dengan E.K Broeveldt sebagai wali kota pertama."
wisata tematik,Kota Tua Jakarta,-6.1311835,106.8107492,"Kota Tua Jakarta, Jalan Mangga Dua Raya, RW 04, Pinangsia, Taman Sari, Jakarta Barat, Daerah Khusus ibukota Jakarta, Jawa, 11110, Indonesia",,Daerah Khusus ibukota Jakarta,"Kota Tua Jakarta, Daerah Khusus ibukota Jakarta, nan",gambar_wisata/Kota_Tua_Jakarta,"Monumen Nasional yang disingkat dengan Monas atau Tugu Monas adalah monumen peringatan setinggi 132 meter (433 kaki), terletak tepat di tengah Lapangan Medan Merdeka, Jakarta Pusat. Monas didirikan untuk mengenang perlawanan dan perjuangan rakyat Indonesia dalam merebut kemerdekaan dari pemerintahan kolonial Kerajaan Belanda."
wisata tematik,Rainbow Garden Lembang,-6.8190082,107.6176073,"Rainbow Garden, Lembang, Bandung Barat, Jawa Barat, Jawa, 40391, Indonesia",Jawa Barat,Bandung Barat,"Rainbow Garden Lembang, Bandung Barat, Jawa Barat",gambar_wisata/Rainbow_Garden_Lembang,Deskripsi tidak ditemukan
wisata tematik,Sindu Kusuma Edupark Jogja,-7.7658888,110.3557753,"Sindu Kusuma Edupark, Jalan Jambon V, Kricak, Tegalrejo, Sinduadi, Mlati, Sleman, Daerah Istimewa Yogyakarta, Jawa, 55242, Indonesia",Daerah Istimewa Yogyakarta,Sleman,"Sindu Kusuma Edupark Jogja, Sleman, Daerah Istimewa Yogyakarta",gambar_wisata/Sindu_Kusuma_Edupark_Jogja,"Sindu Kusuma Edupark (SKE) adalah destinasi wisata yang terletak di Yogyakarta, Indonesia, yang menggabungkan elemen hiburan dan edukasi. Diresmikan pada Desember 2014, taman ini telah menjadi salah satu tempat rekreasi yang populer, terutama bagi keluarga dan anak-anak."
wisata tematik,Taman Lalu Lintas Bandung,-6.9124701,107.6138388,"Taman Lalu Lintas, Jalan Belitung, Merdeka, Sumur Bandung, Kota Bandung, Jawa Barat, Jawa, 40117, Indonesia",Jawa Barat,Kota Bandung,"Taman Lalu Lintas Bandung, Kota Bandung, Jawa Barat",gambar_wisata/Taman_Lalu_Lintas_Bandung,"Kota Bandung (bahasa Sunda:    , Pegon:  , Hanzi:  , translit. Bandung; pelafalan dalam bahasa Indonesia: [ban.du ] ) adalah sebuah kota sekaligus menjadi ibu kota provinsi di Provinsi Jawa Barat, Indonesia."
wisata tematik,Taman Mini Indonesia Indah Jakarta,-6.3026341,106.8952962,"Taman Mini Indonesia Indah, Gang An Nur 2C, RW 10, Lubang Buaya, Cipayung, Jakarta Timur, Daerah Khusus ibukota Jakarta, Jawa, 13810, Indonesia",,Jakarta Timur,"Taman Mini Indonesia Indah Jakarta, Jakarta Timur, nan",gambar_wisata/Taman_Mini_Indonesia_Indah_Jakarta,"Kabupaten Batang (bahasa Jawa: Hanacaraka:  , Pegon:  , translit. Batang) adalah sebuah wilayah kabupaten yang terletak di Provinsi Jawa Tengah, Indonesia."
wisata tematik,Taman Safari Prigen,-7.752837,112.667453,"Taman Safari Indonesia Prigen, Taman Safari, Jatiarjo, Pasuruan, Jawa Timur, Jawa, Indonesia",Jawa Timur,Pasuruan,"Taman Safari Prigen, Pasuruan, Jawa Timur",gambar_wisata/Taman_Safari_Prigen,"The Grand Taman Safari Prigen Jawa Timur adalah salah satu safari park terluas di Asia, yang terletak di lereng Gunung Arjuno, Kecamatan Prigen, Kabupaten Pasuruan, Jawa Timur. Memiliki berbagai macam spesies hewan dan atraksi terbaik se-Indonesia, kolam renang dengan sistem filter air yang canggih, dan habitat yang tidak rusak dan suasana yang rimbun."
wisata tematik,Tebing Breksi Yogyakarta,-7.7814296,110.5049834,"Tebing Breksi, Alternatif Prambanan-Lemahbang, Sambirejo, Prambanan, Sleman, Daerah Istimewa Yogyakarta, Jawa, 55572, Indonesia",Daerah Istimewa Yogyakarta,Sleman,"Tebing Breksi Yogyakarta, Sleman, Daerah Istimewa Yogyakarta",gambar_wisata/Tebing_Breksi_Yogyakarta,"Daerah Istimewa Yogyakarta, disingkat DI Yogyakarta atau DIY adalah daerah Istimewa setingkat provinsi di Indonesia yang merupakan peleburan dari Negara Kesultanan Yogyakarta dan Negara Kadipaten Paku Alaman dengan ibu kota di Kota Yogyakarta. Daerah Istimewa Yogyakarta terletak di bagian selatan Pulau Jawa, dan berbatasan dengan Provinsi Jawa Tengah dan Samudra Hindia."
wisata tematik,Upside Down World Bali,-8.7166321,115.2052139,"Upside Down World, Jalan Bypass Ngurah Rai, Pemogan, Denpasar Selatan, Denpasar ᬤᬾᬦ᭄ᬧᬲᬃ, Bali, Nusa Tenggara, 80221, Indonesia",Bali,Denpasar ,"Upside Down World Bali, Denpasar ᬤᬾᬦ᭄ᬧᬲᬃ, Bali",gambar_wisata/Upside_Down_World_Bali,Deskripsi tidak ditemukan
wisata tematik,Watu Goyang Bantul,-7.92706,110.4120656,"Wista watu goyang, Jalan Imogiri - Dlingo, Wukirsari, Imogiri, Bantul, Daerah Istimewa Yogyakarta, Jawa, 55782, Indonesia",Daerah Istimewa Yogyakarta,Bantul,"Watu Goyang Bantul, Bantul, Daerah Istimewa Yogyakarta",gambar_wisata/Watu_Goyang_Bantul,Deskripsi tidak ditemukan
wisata alam,Tebing Breksi,-7.7814296,110.5049834,"Tebing Breksi, Alternatif Prambanan-Lemahbang, Sambirejo, Prambanan, Sleman, Daerah Istimewa Yogyakarta, Jawa, 55572, Indonesia",Daerah Istimewa Yogyakarta,Sleman,"Tebing Breksi, Sleman, Daerah Istimewa Yogyakarta",gambar_wisata/Tebing_Breksi,"Daerah Istimewa Yogyakarta, disingkat DI Yogyakarta atau DIY adalah daerah Istimewa setingkat provinsi di Indonesia yang merupakan peleburan dari Negara Kesultanan Yogyakarta dan Negara Kadipaten Paku Alaman dengan ibu kota di Kota Yogyakarta. Daerah Istimewa Yogyakarta terletak di bagian selatan Pulau Jawa, dan berbatasan dengan Provinsi Jawa Tengah dan Samudra Hindia."
wisata alam,Tebing Keraton,-6.8348584,107.6638952,"Tebing Keraton, Jalan Cibodas Maribaya, 14, Cibodas, Bandung Barat, Jawa Barat, Jawa, 40197, Indonesia",Jawa Barat,Bandung Barat,"Tebing Keraton, Bandung Barat, Jawa Barat",gambar_wisata/Tebing_Keraton,Tebing Keraton atau Tebing Karaton merupakan sebuah tebing yang berada di dalam kawasan Taman Hutan Raya Ir. H. Djuanda.
wisata alam,Telaga Pengilon,-7.215219,109.9171948,"Telaga Pengilon, Siterus, Jojogan, Wonosobo, Jawa Tengah, Jawa, Indonesia",Jawa Tengah,Wonosobo,"Telaga Pengilon, Wonosobo, Jawa Tengah",gambar_wisata/Telaga_Pengilon,"Dieng adalah sebuah desa di Kecamatan Kejajar, Kabupaten Wonosobo, Jawa Tengah, Indonesia. Desa Dieng berjarak sekitar 9 km dari Desa Kejajar atau 26 km dari Kecamatan Wonosobo."
wisata alam,Telaga Warna,-7.2136576,109.915434,"Telaga Warna, Siterus, Jojogan, Wonosobo, Jawa Tengah, Jawa, Indonesia",Jawa Tengah,Wonosobo,"Telaga Warna, Wonosobo, Jawa Tengah",gambar_wisata/Telaga_Warna,"Telaga Warna adalah salah satu objek wisata yang berada di kawasan Dataran Tinggi Dieng, Kabupaten Wonosobo, Jawa Tengah. Telaga ini merupakan salah satu destinasi wisata andalan di Kabupaten Wonosobo."
wisata alam,The Lodge Maribaya,-6.8292707,107.6878408,"The Lodge Maribaya, Jalan Cibodas Maribaya, 15, Cibodas, Bandung Barat, Jawa Barat, Jawa, 40931, Indonesia",Jawa Barat,Bandung Barat,"The Lodge Maribaya, Bandung Barat, Jawa Barat",gambar_wisata/The_Lodge_Maribaya,Deskripsi tidak ditemukan
wisata alam,Trans Studio Mall,-5.1588529,119.3940742,"Trans Studio Mall, Maccini Sombala, Tamalate, Makassar, Sulawesi Selatan, Sulawesi, 90134, Indonesia",Sulawesi Selatan,Makassar,"Trans Studio Mall, Makassar, Sulawesi Selatan",gambar_wisata/Trans_Studio_Mall,"Trans Studio Mall Bandung adalah sebuah pusat perbelanjaan, taman hiburan, dan hotel di Bandung, Jawa Barat, Indonesia. Trans Studio dibangun diatas lahan seluas 4,2 hektar ( 10 are ) yang menjadikan taman wahana pertama di wilayah Indonesia Barat dalam jaringan Trans Studio, dua tahun setelah diresmikannya Trans Studio Mall Makassar di wilayah Indonesia Timur."
wisata alam,Ubud Palace,-8.5069503,115.2627374,"Puri Ubud, Jalan Raya Ubud, Kutuh, Ubud, Kecamatan Ubud, Gianyar, Bali, Nusa Tenggara, 80571, Indonesia",Bali,Gianyar,"Ubud Palace, Gianyar, Bali",gambar_wisata/Ubud_Palace,"PT Altar Filadelfia, berdagang dengan nama Artotel Group atau dikenal pula sebagai ARTOTEL Group, adalah perusahaan perhotelan yang didirikan pada tahun 2011 di Indonesia. Dicetuskan oleh Christine dan Erastus Radjimin, perusahaan ini mengelola lebih dari 80 hotel yang tersebar di seluruh wilayah Indonesia."
wisata alam,Way Kambas National Park,-4.9373689,105.7283403,"Taman Nasional Way Kambas, Lampung Timur, Lampung, Sumatera, Indonesia",Lampung,Lampung Timur,"Way Kambas National Park, Lampung Timur, Lampung",gambar_wisata/Way_Kambas_National_Park,"Taman Nasional Way Kambas (TNWK) adalah taman nasional perlindungan gajah yang terletak di daerah Lampung tepatnya di Kecamatan Labuhan Ratu, Lampung Timur, Indonesia. Selain di Way Kambas, sekolah gajah (Pusat Latihan Gajah) juga bisa ditemui di Minas, Riau."
wisata alam,Wisata Kuliner Bontang,0.141693,117.5184461,"Wisata Kuliner Bontang Kuala, Jalan Batu Sahasa 4, Bontang Kuala, Kalimantan Timur, Kalimantan, 75311, Indonesia",Kalimantan Timur,Kalimantan,"Wisata Kuliner Bontang, Kalimantan, Kalimantan Timur",gambar_wisata/Wisata_Kuliner_Bontang,"Citimall Sampit adalah sebuah pusat perbelanjaan yang terletak di Sampit, Kalimantan Tengah. Mall ini dimiliki oleh NWP Property (PT Nirvana Wastu Pratama) dan dibuka pada tahun 2013 sebagai Borneo City Sampit, sebelum berubah nama beberapa tahun kemudian."
wisata alam,Wisata Kuliner Kalimantan Tengah,-3.3144585,114.590519,"Wisata Kuliner Tarakan, Jalan Tarakan, Antasan Besar, Banjarmasin Tengah, Banjarmasin, Kalimantan Selatan, Kalimantan, 70114, Indonesia",Kalimantan Selatan,Banjarmasin,"Wisata Kuliner Kalimantan Tengah, Banjarmasin, Kalimantan Selatan",gambar_wisata/Wisata_Kuliner_Kalimantan_Tengah,"Kalimantan Selatan  adalah sebuah provinsi yang berada di pulau Kalimantan, Indonesia. Sejak 16 Maret 2022, ibu kota provinsi ini resmi dipindah ke Kota Banjarbaru untuk menggantikan Kota Banjarmasin."
wisata religi,Puri Saren Agung,-8.5067232,115.262707,"Puri Saren Agung, Jalan Raya Ubud, Ubud, Kecamatan Ubud, Gianyar, Bali, Nusa Tenggara, 80571, Indonesia",Bali,Gianyar,"Puri Saren Agung, Gianyar, Bali",gambar_wisata/Puri_Saren_Agung,Deskripsi tidak ditemukan
wisata alam,Setu Babakan,-6.3419991,106.8203244,"Gang Datuk Setu Babakan II, RW 08, Srengseng Sawah, Jagakarsa, Jakarta Selatan, Daerah Khusus ibukota Jakarta, Jawa, 12640, Indonesia",,Daerah Khusus ibukota Jakarta,"Setu Babakan, Daerah Khusus ibukota Jakarta, nan",gambar_wisata/Setu_Babakan,Deskripsi tidak ditemukan
wisata alam,Situ Bagendit,-6.9452606,107.6285058,"Jalan Situ Bagendit, Cijagra, Lengkong, Kota Bandung, Jawa Barat, Jawa, 40265, Indonesia",Jawa Barat,Kota Bandung,"Situ Bagendit, Kota Bandung, Jawa Barat",gambar_wisata/Situ_Bagendit,"Situ Bagendit (Aksara Sunda Baku:    ) merupakan objek wisata alam berupa danau yang terletak di Desa Bagendit, Kecamatan Banyuresmi, Kabupaten Garut, Jawa Barat, Indonesia. Letak objek wisata ini berbatasan dengan administrasi di sebelah utara berbatasan dengan Desa Banyuresmi, di sebelah selatan berbatasan dengan Desa Cipicung, di sebelah timur berbatasan dengan Desa Binakarya, dan di sebelah barat berbatasan dengan Desa Sukamukti."
wisata alam,Situ Ciburuy,-6.8298711,107.4684209,"Situ Ciburuy, Cempakamekar, Bandung Barat, Jawa Barat, Jawa, Indonesia",Jawa Barat,Bandung Barat,"Situ Ciburuy, Bandung Barat, Jawa Barat",gambar_wisata/Situ_Ciburuy,Deskripsi tidak ditemukan
wisata alam,Situ Cileunca,-7.2020039,107.5471421,"Situ Cileunca, Kampung Cibuluh, Pulosari, Kabupaten Bandung, Jawa Barat, Jawa, Indonesia",Jawa Barat,Kabupaten Bandung,"Situ Cileunca, Kabupaten Bandung, Jawa Barat",gambar_wisata/Situ_Cileunca,"Situ Cileunca (Aksara Sunda Baku:    ),  adalah sebuah waduk yang terletak di Warnasari, Pangalengan, Bandung, Jawa Barat.
Waduk adalah sebuah tempat yang dibentuk dari rawa atau sungai."
wisata alam,Situ Cisanti,-7.2093913,107.6574773,"Situ Cisanti, Kertasari, Kabupaten Bandung, Jawa Barat, Jawa, Indonesia",Jawa Barat,Kabupaten Bandung,"Situ Cisanti, Kabupaten Bandung, Jawa Barat",gambar_wisata/Situ_Cisanti,"Situ Cisanti (Aksara Sunda Baku:    ) adalah danau yang diduga dibentuk pada sekitar zaman Kerajaan Tarumanegara yang menampung air dari 7 mata air utama Sungai Citarum. Yakni mata air Pangsiraman, Cikoleberes, Cikawadukan, Cikahuripan, Cisadana, Cihaniwung, dan Cisanti."
wisata alam,Situ Patenggang,-7.1652597,107.3697821,"Situ Patenggang, Bauan, Rancabali, Kabupaten Bandung, Jawa Barat, Jawa, Indonesia",Jawa Barat,Kabupaten Bandung,"Situ Patenggang, Kabupaten Bandung, Jawa Barat",gambar_wisata/Situ_Patenggang,"Situ Patenggang atau Situ Patengan adalah suatu danau yang terletak di kawasan objek wisata alam Bandung Selatan, Jawa Barat, Indonesia, tepatnya di Ciwidey. Terletak di ketinggian 1600 meter di atas permukaan laut, danau ini memiliki pemandangan yang sangat eksotik."
wisata alam,Situ Rawa Gede,-6.2929281,106.9772878,"Situ Rawa Gede, Pesona Metropolitan, Bojong Menteng, Bekasi, Jawa Barat, Jawa, Indonesia",Jawa Barat,Bekasi,"Situ Rawa Gede, Bekasi, Jawa Barat",gambar_wisata/Situ_Rawa_Gede,"Kabupaten Purwakarta (bahasa Sunda:  ) adalah sebuah wilayah kabupaten yang terletak di Provinsi Jawa Barat, Indonesia. Ibu kota kabupaten ini berada di Kecamatan Purwakarta Kota."
mall,Sukawati Art Market,-8.5964488,115.282342,"Sukawati Art Market, Jalan Lettu Wayan Sutha, Sukawati, Gianyar, Bali, Nusa Tenggara, 80582, Indonesia",Bali,Gianyar,"Sukawati Art Market, Gianyar, Bali",gambar_wisata/Sukawati_Art_Market,"Ubud (aksara Bali:  ) adalah sebuah desa adat sekaligus menjadi kawasan destinasi pariwisata yang berada di wilayah tengah pulau Bali, Indonesia.
Ubud terutama terkenal diantara para wisatawan mancanegara karena terletak di antara sawah dan hutan yang berjurang-jurang yang membuat pemandangan alam sangat indah."
